ISO-10303-21;
HEADER;
FILE_DESCRIPTION (( 'STEP AP214' ),
    '1' );
FILE_NAME ('Part1 Brake disc.STEP',
    '2025-08-31T06:33:49',
    ( '' ),
    ( '' ),
    'SwSTEP 2.0',
    'SolidWorks 2025',
    '' );
FILE_SCHEMA (( 'AUTOMOTIVE_DESIGN' ));
ENDSEC;

DATA;
#1 = DIRECTION ( 'NONE',  ( -1.000000000000000000, -0.000000000000000000, -0.000000000000000000 ) ) ;
#2 = CARTESIAN_POINT ( 'NONE',  ( 967.7932074315651789, -75.31834776957833810, 179.7340247757211955 ) ) ;
#3 = CARTESIAN_POINT ( 'NONE',  ( 977.1774328682960231, 96.39874732465817431, 83.44785745390151988 ) ) ;
#4 = ADVANCED_FACE ( 'NONE', ( #5962 ), #8595, .F. ) ;
#5 = ORIENTED_EDGE ( 'NONE', *, *, #3558, .F. ) ;
#6 = CARTESIAN_POINT ( 'NONE',  ( 967.7932074315651789, 68.42831489562423997, 25.42765660742751166 ) ) ;
#7 = FACE_OUTER_BOUND ( 'NONE', #7987, .T. ) ;
#8 = CARTESIAN_POINT ( 'NONE',  ( 1007.993207431565224, 37.92267161132571829, 30.55243370120960122 ) ) ;
#9 = CARTESIAN_POINT ( 'NONE',  ( 967.7932074315651789, -70.30567120120360869, 19.64974801233369917 ) ) ;
#10 = CARTESIAN_POINT ( 'NONE',  ( 977.2807874479374277, 10.97481548340058133, -127.0268563004311773 ) ) ;
#11 = CARTESIAN_POINT ( 'NONE',  ( 1038.865541267632807, -179.7340247757209113, -75.31834776957897759 ) ) ;
#12 = CARTESIAN_POINT ( 'NONE',  ( 967.9165188163374296, -72.96680722171025479, -2.206685248240876085 ) ) ;
#13 = ORIENTED_EDGE ( 'NONE', *, *, #4007, .T. ) ;
#14 = VERTEX_POINT ( 'NONE', #8030 ) ;
#15 = CARTESIAN_POINT ( 'NONE',  ( 968.2886015245320550, -68.96305520319796756, -23.93987483379611803 ) ) ;
#16 = CARTESIAN_POINT ( 'NONE',  ( 975.2932074315651789, 16.09113731973758732, -194.2118649119462646 ) ) ;
#17 = CARTESIAN_POINT ( 'NONE',  ( 1041.321464998407691, -22.93895319245742925, 69.30226855186074886 ) ) ;
#18 = CARTESIAN_POINT ( 'NONE',  ( 970.2932074315650652, -10.00015816146921033, 127.1072257456104779 ) ) ;
#19 = PLANE ( 'NONE',  #3070 ) ;
#20 = CARTESIAN_POINT ( 'NONE',  ( 967.7932074315648379, -65.82083571491733665, -31.57130024676414592 ) ) ;
#21 = DIRECTION ( 'NONE',  ( -1.000000000000000000, -0.000000000000000000, -0.000000000000000000 ) ) ;
#22 = DIRECTION ( 'NONE',  ( -1.000000000000000000, -0.000000000000000000, -0.000000000000000000 ) ) ;
#23 = EDGE_LOOP ( 'NONE', ( #2607, #8418, #2911, #8594, #560, #268, #8447, #3572 ) ) ;
#24 = ORIENTED_EDGE ( 'NONE', *, *, #8902, .T. ) ;
#25 = ORIENTED_EDGE ( 'NONE', *, *, #5193, .F. ) ;
#26 = CARTESIAN_POINT ( 'NONE',  ( 977.5498501895685877, 68.81832207822078828, 24.35289204294710430 ) ) ;
#27 = CARTESIAN_POINT ( 'NONE',  ( 976.9470595414691161, -49.36140110800403846, 117.5572859505726200 ) ) ;
#28 = EDGE_CURVE ( 'NONE', #1270, #7691, #5163, .T. ) ;
#29 = CARTESIAN_POINT ( 'NONE',  ( 977.7932074315650652, -50.36536915206737319, 52.84371798723459079 ) ) ;
#30 = CARTESIAN_POINT ( 'NONE',  ( 976.4259520426954850, 21.90839837989718220, 69.63495418635336875 ) ) ;
#31 = CARTESIAN_POINT ( 'NONE',  ( 976.4030299189490734, -108.8427045688145114, 66.40421401815798674 ) ) ;
#32 = DIRECTION ( 'NONE',  ( 1.000000000000000000, 0.000000000000000000, 0.000000000000000000 ) ) ;
#33 = CARTESIAN_POINT ( 'NONE',  ( 977.7932074315651789, 0.000000000000000000, 0.000000000000000000 ) ) ;
#34 = ADVANCED_FACE ( 'NONE', ( #7304 ), #2012, .F. ) ;
#35 = ORIENTED_EDGE ( 'NONE', *, *, #4496, .T. ) ;
#36 = VERTEX_POINT ( 'NONE', #1125 ) ;
#37 = CARTESIAN_POINT ( 'NONE',  ( 977.6709658558772844, -68.71260119597735638, -24.64960935592558400 ) ) ;
#38 = CARTESIAN_POINT ( 'NONE',  ( 970.2932074315650652, -101.1368664649716322, -166.5788324321706853 ) ) ;
#39 = EDGE_CURVE ( 'NONE', #57, #2868, #492, .T. ) ;
#40 = CARTESIAN_POINT ( 'NONE',  ( 967.8724445145012396, -126.9477810806507705, -11.85480852598970714 ) ) ;
#41 = CARTESIAN_POINT ( 'NONE',  ( 975.6233520302656643, 127.4999999998574793, -0.0001905234625158734520 ) ) ;
#42 = DIRECTION ( 'NONE',  ( 0.000000000000000000, 5.263048271975253783E-15, -1.000000000000000000 ) ) ;
#43 = DIRECTION ( 'NONE',  ( 0.000000000000000000, 0.000000000000000000, 1.000000000000000000 ) ) ;
#44 = LINE ( 'NONE', #4864, #1938 ) ;
#45 = PLANE ( 'NONE',  #1000 ) ;
#46 = EDGE_LOOP ( 'NONE', ( #3639, #6022, #5747, #1836 ) ) ;
#47 = TOROIDAL_SURFACE ( 'NONE', #6785, 160.1627378425955612, 2.500000000000000000 ) ;
#48 = B_SPLINE_CURVE_WITH_KNOTS ( 'NONE', 3,
 ( #4928, #2065, #7649, #4176, #1522, #2019, #3589, #5419, #4127, #8257, #8159, #6806, #3412, #711, #4755, #3460 ),
 .UNSPECIFIED., .F., .F.,
 ( 4, 2, 2, 2, 2, 2, 2, 4 ),
 ( 0.000000000000000000, 0.0004881885400330893414, 0.0009763770800661786828, 0.001464565620099268078, 0.001952754160132357366, 0.002440942700165446653, 0.002929131240198536157, 0.003905508320265022645 ),
 .UNSPECIFIED. ) ;
#49 = ADVANCED_FACE ( 'NONE', ( #8075 ), #8170, .F. ) ;
#50 = CARTESIAN_POINT ( 'NONE',  ( 968.6413363216277048, -121.0677962977513289, 39.98564712949433186 ) ) ;
#51 = CARTESIAN_POINT ( 'NONE',  ( 977.7932074315654063, 73.04097454626008812, -104.5049916804823766 ) ) ;
#52 = DIRECTION ( 'NONE',  ( -1.000000000000000000, -0.000000000000000000, -0.000000000000000000 ) ) ;
#53 = CARTESIAN_POINT ( 'NONE',  ( 969.4197070095234494, -72.20018930567319160, 10.77681337482786184 ) ) ;
#54 = CARTESIAN_POINT ( 'NONE',  ( 975.2932074315651789, -16.09113731973614492, 194.2118649119463214 ) ) ;
#55 = CARTESIAN_POINT ( 'NONE',  ( 976.4259520426955987, 72.99684435977064823, 0.6822592053135554391 ) ) ;
#56 = AXIS2_PLACEMENT_3D ( 'NONE', #8648, #2506, #5247 ) ;
#57 = VERTEX_POINT ( 'NONE', #2563 ) ;
#58 = CARTESIAN_POINT ( 'NONE',  ( 977.5406705918380794, 83.86010471390437715, -96.04038502732440463 ) ) ;
#59 = AXIS2_PLACEMENT_3D ( 'NONE', #4374, #743, #3492 ) ;
#60 = AXIS2_PLACEMENT_3D ( 'NONE', #5606, #3597, #2922 ) ;
#61 = CARTESIAN_POINT ( 'NONE',  ( 967.7932074315651789, 0.000000000000000000, 0.000000000000000000 ) ) ;
#62 = CARTESIAN_POINT ( 'NONE',  ( 977.6709658558772844, -41.10098524107027629, -60.33020650329722656 ) ) ;
#63 = CARTESIAN_POINT ( 'NONE',  ( 970.2932074315650652, 166.5788324321696336, -101.1368664649733233 ) ) ;
#64 = DIRECTION ( 'NONE',  ( 1.000000000000000000, -0.000000000000000000, -0.000000000000000000 ) ) ;
#65 = DIRECTION ( 'NONE',  ( 0.000000000000000000, 0.000000000000000000, 1.000000000000000000 ) ) ;
#66 = CARTESIAN_POINT ( 'NONE',  ( 968.7637114205683702, 117.5970481387127791, 49.26654757376176974 ) ) ;
#67 = CARTESIAN_POINT ( 'NONE',  ( 968.7699766253856524, 75.35553489764798485, 102.8484398099269583 ) ) ;
#68 = ORIENTED_EDGE ( 'NONE', *, *, #2807, .F. ) ;
#69 = CIRCLE ( 'NONE', #5093, 160.1627378425955897 ) ;
#70 = CIRCLE ( 'NONE', #7947, 147.6627378425959307 ) ;
#71 = ORIENTED_EDGE ( 'NONE', *, *, #106, .T. ) ;
#72 = VERTEX_POINT ( 'NONE', #401 ) ;
#73 = CARTESIAN_POINT ( 'NONE',  ( 977.7932074315651789, -65.97481553911629248, -31.24617919969673352 ) ) ;
#74 = CARTESIAN_POINT ( 'NONE',  ( 967.7932074315651789, -40.55473948611634682, -60.69877924065153962 ) ) ;
#75 = DIRECTION ( 'NONE',  ( 1.000000000000000000, 0.000000000000000000, 0.000000000000000000 ) ) ;
#76 = AXIS2_PLACEMENT_3D ( 'NONE', #4487, #1884, #488 ) ;
#77 = CARTESIAN_POINT ( 'NONE',  ( 968.1244542515912599, -75.94695012309159665, -102.4125451343363693 ) ) ;
#78 = CARTESIAN_POINT ( 'NONE',  ( 968.0451641925290005, -117.2536303465468848, -50.07853040362334696 ) ) ;
#79 = EDGE_LOOP ( 'NONE', ( #4801, #6381, #940, #4652 ) ) ;
#80 = ORIENTED_EDGE ( 'NONE', *, *, #7064, .T. ) ;
#81 = CARTESIAN_POINT ( 'NONE',  ( 977.7776520252658656, -68.54495910505173129, -25.11206094264782962 ) ) ;
#82 = CARTESIAN_POINT ( 'NONE',  ( 968.6815957473297658, 72.07764990110828762, 11.56830938714601764 ) ) ;
#83 = CARTESIAN_POINT ( 'NONE',  ( 977.4635654086102932, 127.4939575161465086, -1.248698538959496229 ) ) ;
#84 = CARTESIAN_POINT ( 'NONE',  ( 977.5406705918380794, 124.2953718071634199, -28.40657082688305834 ) ) ;
#85 = CARTESIAN_POINT ( 'NONE',  ( 968.1244542515912599, -1.245789640827253741, -127.4939866898147045 ) ) ;
#86 = EDGE_CURVE ( 'NONE', #5466, #1299, #1295, .T. ) ;
#87 = CARTESIAN_POINT ( 'NONE',  ( 975.9622145319366382, -69.57737989315792504, 22.09048454904856129 ) ) ;
#88 = ORIENTED_EDGE ( 'NONE', *, *, #8645, .F. ) ;
#89 = CARTESIAN_POINT ( 'NONE',  ( 969.6464772890307131, -121.2350230660580763, 39.47556444237799411 ) ) ;
#90 = CARTESIAN_POINT ( 'NONE',  ( 968.3072454628944570, -103.7185139688425011, -74.15347931140435378 ) ) ;
#91 = CARTESIAN_POINT ( 'NONE',  ( 968.0784268819824092, 52.12921440066205037, 51.10352022674787520 ) ) ;
#92 = CARTESIAN_POINT ( 'NONE',  ( 986.7932074315651789, 0.000000000000000000, 0.000000000000000000 ) ) ;
#93 = ADVANCED_FACE ( 'NONE', ( #3953 ), #6586, .F. ) ;
#94 = CARTESIAN_POINT ( 'NONE',  ( 969.0172219968214904, -21.82882913248233692, -69.65997428135715097 ) ) ;
#95 = EDGE_CURVE ( 'NONE', #4102, #3396, #8618, .T. ) ;
#96 = ORIENTED_EDGE ( 'NONE', *, *, #7112, .T. ) ;
#97 = B_SPLINE_CURVE_WITH_KNOTS ( 'NONE', 3,
 ( #8762, #3198, #8863, #6778, #2708, #4104, #5308, #3906, #6635, #538, #1224, #635, #3388, #3295, #5447, #498, #3959, #1891 ),
 .UNSPECIFIED., .F., .F.,
 ( 4, 2, 2, 2, 2, 2, 2, 2, 4 ),
 ( 0.000000000000000000, 0.0005014719534716517539, 0.001002943906943303508, 0.001504415860414955262, 0.002005887813886607016, 0.002507359767358258770, 0.003008831720829910523, 0.003510303674301562277, 0.004011775627773214031 ),
 .UNSPECIFIED. ) ;
#98 = DIRECTION ( 'NONE',  ( -1.000000000000000000, -0.000000000000000000, -0.000000000000000000 ) ) ;
#99 = CARTESIAN_POINT ( 'NONE',  ( 975.6498138585349125, 12.21217558841424733, -71.97127650669041543 ) ) ;
#100 = CARTESIAN_POINT ( 'NONE',  ( 975.2932074315651789, 52.19908471100801961, -51.03190722805644697 ) ) ;
#101 = FACE_OUTER_BOUND ( 'NONE', #7358, .T. ) ;
#102 = DIRECTION ( 'NONE',  ( -1.000000000000000000, -0.000000000000000000, -0.000000000000000000 ) ) ;
#103 = CARTESIAN_POINT ( 'NONE',  ( 967.7932074315651789, -12.49991452610840348, 126.8857838248238181 ) ) ;
#104 = DIRECTION ( 'NONE',  ( 0.000000000000000000, 0.000000000000000000, 1.000000000000000000 ) ) ;
#105 = ORIENTED_EDGE ( 'NONE', *, *, #2333, .F. ) ;
#106 = EDGE_CURVE ( 'NONE', #4528, #607, #2429, .T. ) ;
#107 = ORIENTED_EDGE ( 'NONE', *, *, #1606, .T. ) ;
#108 = ORIENTED_EDGE ( 'NONE', *, *, #752, .F. ) ;
#109 = LINE ( 'NONE', #2189, #979 ) ;
#110 = AXIS2_PLACEMENT_3D ( 'NONE', #1068, #3806, #2460 ) ;
#111 = CARTESIAN_POINT ( 'NONE',  ( 968.0369480910057973, -41.36145461811226198, -60.15192837963608241 ) ) ;
#112 = CARTESIAN_POINT ( 'NONE',  ( 969.0172219968214904, -59.50509329599336183, 42.28656607020217706 ) ) ;
#113 = CARTESIAN_POINT ( 'NONE',  ( 976.4030299189487323, -29.51991502593117289, -124.0355940610813548 ) ) ;
#114 = DIRECTION ( 'NONE',  ( 1.000000000000000000, 0.000000000000000000, 0.000000000000000000 ) ) ;
#115 = AXIS2_PLACEMENT_3D ( 'NONE', #8398, #214, #3681 ) ;
#116 = AXIS2_PLACEMENT_3D ( 'NONE', #3096, #3052, #7072 ) ;
#117 = AXIS2_PLACEMENT_3D ( 'NONE', #4390, #7702, #2285 ) ;
#118 = ORIENTED_EDGE ( 'NONE', *, *, #7112, .F. ) ;
#119 = VERTEX_POINT ( 'NONE', #5394 ) ;
#120 = CARTESIAN_POINT ( 'NONE',  ( 967.7932074315651789, 25.42765660742818667, -68.42831489562399838 ) ) ;
#121 = FACE_OUTER_BOUND ( 'NONE', #2980, .T. ) ;
#122 = AXIS2_PLACEMENT_3D ( 'NONE', #4922, #5053, #5184 ) ;
#123 = AXIS2_PLACEMENT_3D ( 'NONE', #8263, #7528, #3985 ) ;
#124 = FACE_OUTER_BOUND ( 'NONE', #5720, .T. ) ;
#125 = CARTESIAN_POINT ( 'NONE',  ( 970.1235730824608936, -22.93895319245740794, 69.30226855186076307 ) ) ;
#126 = CARTESIAN_POINT ( 'NONE',  ( 977.7932074315651789, -3.037626311421458780, 72.93677279940580149 ) ) ;
#127 = AXIS2_PLACEMENT_3D ( 'NONE', #4021, #8830, #4880 ) ;
#128 = ORIENTED_EDGE ( 'NONE', *, *, #803, .T. ) ;
#129 = CARTESIAN_POINT ( 'NONE',  ( 976.1647925795699621, 33.72014241389832989, -64.74533813478186062 ) ) ;
#130 = CARTESIAN_POINT ( 'NONE',  ( 975.6233520302653233, 121.2596469525087173, -39.39984798134239696 ) ) ;
#131 = EDGE_LOOP ( 'NONE', ( #3150, #8767, #6312, #6180 ) ) ;
#132 = EDGE_CURVE ( 'NONE', #3987, #1888, #1128, .T. ) ;
#133 = AXIS2_PLACEMENT_3D ( 'NONE', #6639, #7229, #8764 ) ;
#134 = CARTESIAN_POINT ( 'NONE',  ( 967.8595308706300102, -120.6781663539948966, 41.14754567031846477 ) ) ;
#135 = CARTESIAN_POINT ( 'NONE',  ( 977.7932074315651789, 0.000000000000000000, 0.000000000000000000 ) ) ;
#136 = CARTESIAN_POINT ( 'NONE',  ( 976.9020747459414906, 72.07721653863372069, 11.57101012264294226 ) ) ;
#137 = FACE_BOUND ( 'NONE', #7110, .T. ) ;
#138 = CARTESIAN_POINT ( 'NONE',  ( 968.6178405014127293, -21.53183220720585567, -69.75238579668751981 ) ) ;
#139 = B_SPLINE_CURVE_WITH_KNOTS ( 'NONE', 3,
 ( #5200, #5816, #8058, #1969, #8892, #609, #2739, #7423, #5375, #1917, #8786, #5418, #4701, #3363, #1391, #661 ),
 .UNSPECIFIED., .F., .F.,
 ( 4, 2, 2, 2, 2, 2, 2, 4 ),
 ( 0.000000000000000000, 0.001060870709216559394, 0.001591306063824889398, 0.002121741418433219836, 0.002652176773041550056, 0.003182612127649879843, 0.003713047482258210064, 0.004243482836866540285 ),
 .UNSPECIFIED. ) ;
#140 = ORIENTED_EDGE ( 'NONE', *, *, #6651, .F. ) ;
#141 = ADVANCED_FACE ( 'NONE', ( #6909 ), #45, .T. ) ;
#142 = EDGE_CURVE ( 'NONE', #8654, #2927, #2307, .T. ) ;
#143 = CARTESIAN_POINT ( 'NONE',  ( 977.7932074315651789, -110.0000208722315165, 64.46894917794618607 ) ) ;
#144 = CARTESIAN_POINT ( 'NONE',  ( 1001.793207431565179, -54.35287990626783738, 17.66032122852886488 ) ) ;
#145 = CARTESIAN_POINT ( 'NONE',  ( 977.0249106011896174, 51.63616026887694233, -51.60161512361161584 ) ) ;
#146 = DIRECTION ( 'NONE',  ( 1.000000000000000000, 0.000000000000000000, 0.000000000000000000 ) ) ;
#147 = EDGE_CURVE ( 'NONE', #237, #1003, #3276, .T. ) ;
#148 = CARTESIAN_POINT ( 'NONE',  ( 977.5406705918380794, 28.40657082688434443, 124.2953718071631215 ) ) ;
#149 = CARTESIAN_POINT ( 'NONE',  ( 977.5074755329790150, -12.13434266118121130, -71.98459974237211156 ) ) ;
#150 = DIRECTION ( 'NONE',  ( 0.000000000000000000, 0.000000000000000000, 1.000000000000000000 ) ) ;
#151 = ORIENTED_EDGE ( 'NONE', *, *, #8177, .T. ) ;
#152 = ORIENTED_EDGE ( 'NONE', *, *, #7121, .F. ) ;
#153 = ORIENTED_EDGE ( 'NONE', *, *, #5736, .T. ) ;
#154 = CARTESIAN_POINT ( 'NONE',  ( 976.6287946620489038, 51.34599695262199504, 51.89028826434412878 ) ) ;
#155 = CARTESIAN_POINT ( 'NONE',  ( 1042.912997761359293, -103.1495547958083847, 74.94277380392647103 ) ) ;
#156 = CARTESIAN_POINT ( 'NONE',  ( 976.9020747459411496, 33.00478107639722936, 65.11296219121416584 ) ) ;
#157 = EDGE_CURVE ( 'NONE', #2060, #720, #4727, .T. ) ;
#158 = DIRECTION ( 'NONE',  ( 1.000000000000000000, 0.000000000000000000, 0.000000000000000000 ) ) ;
#159 = CARTESIAN_POINT ( 'NONE',  ( 969.1823241134993623, -117.6980431249997139, -49.02473446472939145 ) ) ;
#160 = ORIENTED_EDGE ( 'NONE', *, *, #5359, .F. ) ;
#161 = VERTEX_POINT ( 'NONE', #7583 ) ;
#162 = DIRECTION ( 'NONE',  ( 0.000000000000000000, 0.000000000000000000, 1.000000000000000000 ) ) ;
#163 = LINE ( 'NONE', #7620, #3654 ) ;
#164 = DIRECTION ( 'NONE',  ( -1.000000000000000000, -0.000000000000000000, -0.000000000000000000 ) ) ;
#165 = DIRECTION ( 'NONE',  ( 0.000000000000000000, 0.000000000000000000, -1.000000000000000000 ) ) ;
#166 = CARTESIAN_POINT ( 'NONE',  ( 968.4107331596591166, -0.8470495695532618274, -127.4972383378751886 ) ) ;
#167 = ORIENTED_EDGE ( 'NONE', *, *, #8603, .F. ) ;
#168 = DIRECTION ( 'NONE',  ( 1.000000000000000000, 0.000000000000000000, 0.000000000000000000 ) ) ;
#169 = VERTEX_POINT ( 'NONE', #4907 ) ;
#170 = CARTESIAN_POINT ( 'NONE',  ( 970.2932074315650652, 0.4006621794151537519, -72.99890046992466353 ) ) ;
#171 = ORIENTED_EDGE ( 'NONE', *, *, #39, .T. ) ;
#172 = DIRECTION ( 'NONE',  ( -1.000000000000000000, -0.000000000000000000, -0.000000000000000000 ) ) ;
#173 = DIRECTION ( 'NONE',  ( 1.000000000000000000, 0.000000000000000000, 0.000000000000000000 ) ) ;
#174 = CARTESIAN_POINT ( 'NONE',  ( 969.9658196246413127, 39.38408995074932051, -121.2647700885267739 ) ) ;
#175 = CYLINDRICAL_SURFACE ( 'NONE', #7074, 7.275000000000000355 ) ;
#176 = EDGE_CURVE ( 'NONE', #7253, #5542, #4771, .T. ) ;
#177 = AXIS2_PLACEMENT_3D ( 'NONE', #1507, #6966, #4840 ) ;
#178 = ORIENTED_EDGE ( 'NONE', *, *, #3506, .T. ) ;
#179 = EDGE_CURVE ( 'NONE', #4102, #3208, #486, .T. ) ;
#180 = CARTESIAN_POINT ( 'NONE',  ( 976.6287946620489038, 11.79970527586443829, -72.04013030678206064 ) ) ;
#181 = CIRCLE ( 'NONE', #1639, 160.1627378425955612 ) ;
#182 = CARTESIAN_POINT ( 'NONE',  ( 967.7932074315651789, 13.14679809264831611, 71.80731935807527577 ) ) ;
#183 = AXIS2_PLACEMENT_3D ( 'NONE', #8845, #6810, #5421 ) ;
#184 = FACE_OUTER_BOUND ( 'NONE', #5305, .T. ) ;
#185 = B_SPLINE_CURVE_WITH_KNOTS ( 'NONE', 3,
 ( #4736, #1896, #6640, #2715, #4631, #5451, #2045, #6687, #685, #3298, #10, #3440, #5494, #1279, #8235, #6020 ),
 .UNSPECIFIED., .F., .F.,
 ( 4, 2, 2, 2, 2, 2, 2, 4 ),
 ( 0.000000000000000000, 0.0004891407059790151522, 0.0009782814119580303044, 0.001467422117937045457, 0.001956562823916060609, 0.002445703529895076195, 0.002934844235874090913, 0.003913125647832109075 ),
 .UNSPECIFIED. ) ;
#186 = CARTESIAN_POINT ( 'NONE',  ( 967.8701356896224297, 57.63385645882652142, 44.80363757302460925 ) ) ;
#187 = CARTESIAN_POINT ( 'NONE',  ( 977.0249106011898448, -11.39561008114079677, -72.10519954592106728 ) ) ;
#188 = ORIENTED_EDGE ( 'NONE', *, *, #7728, .T. ) ;
#189 = DIRECTION ( 'NONE',  ( 0.000000000000000000, -1.000000000000000000, 0.000000000000000000 ) ) ;
#190 = EDGE_CURVE ( 'NONE', #2087, #5168, #1540, .T. ) ;
#191 = EDGE_CURVE ( 'NONE', #2889, #1649, #3293, .T. ) ;
#192 = VERTEX_POINT ( 'NONE', #3247 ) ;
#193 = ORIENTED_EDGE ( 'NONE', *, *, #6459, .F. ) ;
#194 = AXIS2_PLACEMENT_3D ( 'NONE', #6077, #2677, #1429 ) ;
#195 = ORIENTED_EDGE ( 'NONE', *, *, #2751, .T. ) ;
#196 = CIRCLE ( 'NONE', #3077, 147.6627378425959307 ) ;
#197 = CARTESIAN_POINT ( 'NONE',  ( 958.7932074315651789, 54.35287990626809318, 17.66032122852809394 ) ) ;
#198 = DIRECTION ( 'NONE',  ( 0.000000000000000000, 0.000000000000000000, 1.000000000000000000 ) ) ;
#199 = CARTESIAN_POINT ( 'NONE',  ( 976.1647925795699621, 32.55987644150015115, 65.33652317590112091 ) ) ;
#200 = CARTESIAN_POINT ( 'NONE',  ( 967.7932074315651789, -13.50033361476912752, -71.74079029596688883 ) ) ;
#201 = CARTESIAN_POINT ( 'NONE',  ( 968.0784268819822955, 71.98439977412461133, -12.13552482403749799 ) ) ;
#202 = CIRCLE ( 'NONE', #6800, 7.275000000000003908 ) ;
#203 = EDGE_CURVE ( 'NONE', #1632, #1165, #8319, .T. ) ;
#204 = ORIENTED_EDGE ( 'NONE', *, *, #3395, .T. ) ;
#205 = ORIENTED_EDGE ( 'NONE', *, *, #6402, .F. ) ;
#206 = EDGE_CURVE ( 'NONE', #5744, #5456, #7995, .T. ) ;
#207 = DIRECTION ( 'NONE',  ( 1.000000000000000000, 0.000000000000000000, 0.000000000000000000 ) ) ;
#208 = CARTESIAN_POINT ( 'NONE',  ( 970.2932074315650652, -0.4006621794146440485, 72.99890046992466353 ) ) ;
#209 = TOROIDAL_SURFACE ( 'NONE', #5795, 145.1627378425959591, 2.500000000000000000 ) ;
#210 = AXIS2_PLACEMENT_3D ( 'NONE', #6760, #8165, #1303 ) ;
#211 = DIRECTION ( 'NONE',  ( -1.000000000000000000, -0.000000000000000000, -0.000000000000000000 ) ) ;
#212 = FACE_OUTER_BOUND ( 'NONE', #3813, .T. ) ;
#213 = CARTESIAN_POINT ( 'NONE',  ( 1041.321464998407691, -166.5788324321703158, 101.1368664649722291 ) ) ;
#214 = DIRECTION ( 'NONE',  ( -1.000000000000000000, -0.000000000000000000, -0.000000000000000000 ) ) ;
#215 = CARTESIAN_POINT ( 'NONE',  ( 977.1774328682960231, -96.39874732465757745, -83.44785745390228726 ) ) ;
#216 = ORIENTED_EDGE ( 'NONE', *, *, #3513, .T. ) ;
#217 = CIRCLE ( 'NONE', #76, 72.99999999999974420 ) ;
#218 = ORIENTED_EDGE ( 'NONE', *, *, #7258, .T. ) ;
#219 = EDGE_CURVE ( 'NONE', #6045, #7868, #3297, .T. ) ;
#220 = CARTESIAN_POINT ( 'NONE',  ( 977.7932074315651789, 44.71118576450793114, 189.6788945569600173 ) ) ;
#221 = ORIENTED_EDGE ( 'NONE', *, *, #8049, .F. ) ;
#222 = DIRECTION ( 'NONE',  ( 0.000000000000000000, 0.000000000000000000, 1.000000000000000000 ) ) ;
#223 = DIRECTION ( 'NONE',  ( 0.000000000000000000, 2.631524135987627286E-15, -1.000000000000000000 ) ) ;
#224 = CARTESIAN_POINT ( 'NONE',  ( 977.7932074315651789, -179.7340247757209113, -75.31834776957897759 ) ) ;
#225 = CARTESIAN_POINT ( 'NONE',  ( 967.7932074315651789, -40.41366809279669781, -60.79256065741290627 ) ) ;
#226 = ORIENTED_EDGE ( 'NONE', *, *, #5300, .T. ) ;
#227 = EDGE_LOOP ( 'NONE', ( #8630, #6894, #5696, #3620 ) ) ;
#228 = ORIENTED_EDGE ( 'NONE', *, *, #1840, .F. ) ;
#229 = CARTESIAN_POINT ( 'NONE',  ( 958.7932074315651789, 0.000000000000000000, 0.000000000000000000 ) ) ;
#230 = DIRECTION ( 'NONE',  ( 1.000000000000000000, 0.000000000000000000, 0.000000000000000000 ) ) ;
#231 = DIRECTION ( 'NONE',  ( -1.000000000000000000, -0.000000000000000000, -0.000000000000000000 ) ) ;
#232 = DIRECTION ( 'NONE',  ( 1.000000000000000000, 0.000000000000000000, 0.000000000000000000 ) ) ;
#233 = DIRECTION ( 'NONE',  ( -1.000000000000000000, -0.000000000000000000, -0.000000000000000000 ) ) ;
#234 = CARTESIAN_POINT ( 'NONE',  ( 975.4586042561198838, 29.76757727979916623, 123.9763741318932375 ) ) ;
#235 = DIRECTION ( 'NONE',  ( -1.000000000000000000, -0.000000000000000000, -0.000000000000000000 ) ) ;
#236 = CARTESIAN_POINT ( 'NONE',  ( 968.6815957473299932, 51.72513852216045649, -51.51236203288276982 ) ) ;
#237 = VERTEX_POINT ( 'NONE', #1759 ) ;
#238 = ORIENTED_EDGE ( 'NONE', *, *, #5356, .T. ) ;
#239 = ORIENTED_EDGE ( 'NONE', *, *, #1636, .F. ) ;
#240 = CARTESIAN_POINT ( 'NONE',  ( 976.1207935749462195, 69.25705445940748461, 23.07520686179174518 ) ) ;
#241 = CARTESIAN_POINT ( 'NONE',  ( 977.5406705918384205, 50.07758792559610583, -117.2540315143915564 ) ) ;
#242 = TOROIDAL_SURFACE ( 'NONE', #5559, 145.1627378425959591, 2.500000000000000000 ) ;
#243 = CARTESIAN_POINT ( 'NONE',  ( 969.6300527781542087, -59.34474885116184595, 42.51119898654261675 ) ) ;
#244 = CARTESIAN_POINT ( 'NONE',  ( 969.9658196246413127, 103.1400415588213377, -74.95587257257815850 ) ) ;
#245 = DIRECTION ( 'NONE',  ( -1.000000000000000000, -0.000000000000000000, -0.000000000000000000 ) ) ;
#246 = CARTESIAN_POINT ( 'NONE',  ( 977.7272465782219797, -27.96563472116842419, -124.3955953799699330 ) ) ;
#247 = DIRECTION ( 'NONE',  ( 0.000000000000000000, -1.000000000000000000, 0.000000000000000000 ) ) ;
#248 = ORIENTED_EDGE ( 'NONE', *, *, #8373, .T. ) ;
#249 = AXIS2_PLACEMENT_3D ( 'NONE', #6068, #8829, #4787 ) ;
#250 = ORIENTED_EDGE ( 'NONE', *, *, #5111, .T. ) ;
#251 = CARTESIAN_POINT ( 'NONE',  ( 958.7932074315651789, 0.000000000000000000, 127.4999999999998863 ) ) ;
#252 = CARTESIAN_POINT ( 'NONE',  ( 968.5562076621530423, -51.63189334414712306, 51.60588307146777254 ) ) ;
#253 = ADVANCED_FACE ( 'NONE', ( #3828 ), #8087, .T. ) ;
#254 = DIRECTION ( 'NONE',  ( 0.000000000000000000, 0.000000000000000000, 1.000000000000000000 ) ) ;
#255 = AXIS2_PLACEMENT_3D ( 'NONE', #2601, #7437, #525 ) ;
#256 = AXIS2_PLACEMENT_3D ( 'NONE', #2611, #1990, #7308 ) ;
#257 = FACE_OUTER_BOUND ( 'NONE', #3963, .T. ) ;
#258 = PRODUCT_DEFINITION ( 'UNKNOWN', '', #7958, #5955 ) ;
#259 = CARTESIAN_POINT ( 'NONE',  ( 968.6178405014127293, -23.57980550784819584, 69.08695893394973098 ) ) ;
#260 = CARTESIAN_POINT ( 'NONE',  ( 967.7932074315651789, 0.000000000000000000, 0.000000000000000000 ) ) ;
#261 = ORIENTED_EDGE ( 'NONE', *, *, #6675, .T. ) ;
#262 = VERTEX_POINT ( 'NONE', #5224 ) ;
#263 = CIRCLE ( 'NONE', #5003, 157.6627378425955328 ) ;
#264 = CIRCLE ( 'NONE', #7541, 2.249999999999988010 ) ;
#265 = B_SPLINE_CURVE_WITH_KNOTS ( 'NONE', 3,
 ( #3810, #7841, #1704, #7930, #2419, #8611, #5547, #8374, #6971, #4169, #1558, #4966, #2107, #1470, #5589, #4121 ),
 .UNSPECIFIED., .F., .F.,
 ( 4, 2, 2, 2, 2, 2, 2, 4 ),
 ( 0.000000000000000000, 0.0004891428882835929760, 0.0009782857765671859520, 0.001467428664850778820, 0.001956571553134371904, 0.002445714441417964988, 0.002934857329701557639, 0.003913143106268751614 ),
 .UNSPECIFIED. ) ;
#266 = VECTOR ( 'NONE', #172, 1000.000000000000000 ) ;
#267 = CARTESIAN_POINT ( 'NONE',  ( 975.2932074315651789, -69.54989139674569287, 22.17684843932655880 ) ) ;
#268 = ORIENTED_EDGE ( 'NONE', *, *, #2470, .T. ) ;
#269 = FACE_OUTER_BOUND ( 'NONE', #5891, .T. ) ;
#270 = CIRCLE ( 'NONE', #5858, 160.1627378425955612 ) ;
#271 = CARTESIAN_POINT ( 'NONE',  ( 975.2932074315651789, -39.39948558418007707, 121.2597647024846879 ) ) ;
#272 = EDGE_CURVE ( 'NONE', #6642, #5859, #2288, .T. ) ;
#273 = DIRECTION ( 'NONE',  ( 1.000000000000000000, 0.000000000000000000, 0.000000000000000000 ) ) ;
#274 = DIRECTION ( 'NONE',  ( 0.000000000000000000, 0.000000000000000000, -1.000000000000000000 ) ) ;
#275 = VERTEX_POINT ( 'NONE', #4678 ) ;
#276 = VERTEX_POINT ( 'NONE', #543 ) ;
#277 = VECTOR ( 'NONE', #8134, 1000.000000000000000 ) ;
#278 = CARTESIAN_POINT ( 'NONE',  ( 970.1281350223661093, -39.39948558418006996, 121.2597647024847305 ) ) ;
#279 = DIRECTION ( 'NONE',  ( -1.000000000000000000, -0.000000000000000000, -0.000000000000000000 ) ) ;
#280 = CARTESIAN_POINT ( 'NONE',  ( 958.7932074315651789, 8.909305463796995439E-16, 64.42500000000001137 ) ) ;
#281 = CARTESIAN_POINT ( 'NONE',  ( 967.7932074315651789, 50.10422153953698654, -53.09017784785581995 ) ) ;
#282 = CARTESIAN_POINT ( 'NONE',  ( 976.9464254848242035, 103.5116234979673493, 74.44197133722481396 ) ) ;
#283 = DIRECTION ( 'NONE',  ( 1.000000000000000000, 0.000000000000000000, 0.000000000000000000 ) ) ;
#284 = ORIENTED_EDGE ( 'NONE', *, *, #5550, .F. ) ;
#285 = DIRECTION ( 'NONE',  ( 0.000000000000000000, 4.419050196894831130E-15, -1.000000000000000000 ) ) ;
#286 = ORIENTED_EDGE ( 'NONE', *, *, #3024, .F. ) ;
#287 = EDGE_LOOP ( 'NONE', ( #5764, #3302, #6956, #4180 ) ) ;
#288 = ORIENTED_EDGE ( 'NONE', *, *, #4894, .F. ) ;
#289 = CARTESIAN_POINT ( 'NONE',  ( 967.8459545321660471, 65.66867492449904375, 31.88636628499723358 ) ) ;
#290 = CARTESIAN_POINT ( 'NONE',  ( 976.4022747810960254, -39.64093350213204303, -121.1810640569675996 ) ) ;
#291 = B_SPLINE_CURVE_WITH_KNOTS ( 'NONE', 3,
 ( #6700, #5508, #8251, #1387, #6845, #8293, #6175, #4171, #6892, #6220, #66, #2825, #2145, #2907, #3543, #924 ),
 .UNSPECIFIED., .F., .F.,
 ( 4, 2, 2, 2, 2, 2, 2, 4 ),
 ( 0.000000000000000000, 0.0004891428882835906992, 0.0009782857765671813983, 0.001467428664850771881, 0.001956571553134362797, 0.002445714441417953713, 0.002934857329701543761, 0.003913143106268733400 ),
 .UNSPECIFIED. ) ;
#292 = CARTESIAN_POINT ( 'NONE',  ( 967.7932074315651789, 110.0000208722318433, -64.46894917794534763 ) ) ;
#293 = CARTESIAN_POINT ( 'NONE',  ( 968.4107331596588892, 102.6495493062701883, -75.62627389986793958 ) ) ;
#294 = CARTESIAN_POINT ( 'NONE',  ( 977.2823495132338394, -75.73090269223540361, -102.5724077351670189 ) ) ;
#295 = DIRECTION ( 'NONE',  ( -1.000000000000000000, -0.000000000000000000, -0.000000000000000000 ) ) ;
#296 = CARTESIAN_POINT ( 'NONE',  ( 967.7932074315651789, 166.5788324321696336, -101.1368664649733233 ) ) ;
#297 = EDGE_LOOP ( 'NONE', ( #6930, #2684, #5250, #4538 ) ) ;
#298 = VERTEX_POINT ( 'NONE', #8719 ) ;
#299 = EDGE_CURVE ( 'NONE', #350, #7209, #714, .T. ) ;
#300 = CARTESIAN_POINT ( 'NONE',  ( 1007.993207431565224, 0.000000000000000000, 0.000000000000000000 ) ) ;
#301 = CARTESIAN_POINT ( 'NONE',  ( 977.2807874479374277, -65.78570054226842956, -109.2177201768470525 ) ) ;
#302 = CARTESIAN_POINT ( 'NONE',  ( 967.7932074315651789, 35.00870364782828403, 64.05771357844812997 ) ) ;
#303 = EDGE_CURVE ( 'NONE', #6505, #2186, #6873, .T. ) ;
#304 = CARTESIAN_POINT ( 'NONE',  ( 976.8206886417106034, -121.4176755063815420, -38.91023553284838954 ) ) ;
#305 = CARTESIAN_POINT ( 'NONE',  ( 968.0369480910057973, -24.35227926565915624, 68.81853609662425697 ) ) ;
#306 = DIRECTION ( 'NONE',  ( -1.000000000000000000, -0.000000000000000000, -0.000000000000000000 ) ) ;
#307 = EDGE_CURVE ( 'NONE', #2854, #4039, #5928, .T. ) ;
#308 = ORIENTED_EDGE ( 'NONE', *, *, #5193, .T. ) ;
#309 = ADVANCED_FACE ( 'NONE', ( #8625 ), #4589, .T. ) ;
#310 = CARTESIAN_POINT ( 'NONE',  ( 970.2932074315650652, -121.2597647024845742, -39.39948558418044655 ) ) ;
#311 = ORIENTED_EDGE ( 'NONE', *, *, #3782, .F. ) ;
#312 = CYLINDRICAL_SURFACE ( 'NONE', #5570, 157.6627378425955328 ) ;
#313 = CARTESIAN_POINT ( 'NONE',  ( 970.1235730824608936, -43.23181964193759086, 58.82184773064308558 ) ) ;
#314 = CARTESIAN_POINT ( 'NONE',  ( 968.3024195543166570, 127.0264829209611435, 10.97912640346316770 ) ) ;
#315 = CARTESIAN_POINT ( 'NONE',  ( 967.7932074315650652, -124.5027967644059004, 27.48328494159076030 ) ) ;
#316 = ORIENTED_EDGE ( 'NONE', *, *, #1193, .F. ) ;
#317 = ORIENTED_EDGE ( 'NONE', *, *, #8614, .F. ) ;
#318 = EDGE_CURVE ( 'NONE', #3209, #4891, #5937, .T. ) ;
#319 = DIRECTION ( 'NONE',  ( -1.000000000000000000, -0.000000000000000000, -0.000000000000000000 ) ) ;
#320 = CARTESIAN_POINT ( 'NONE',  ( 967.8724445145013533, 50.50361465018498563, -117.0711771263718504 ) ) ;
#321 = DIRECTION ( 'NONE',  ( 1.000000000000000000, 0.000000000000000000, 0.000000000000000000 ) ) ;
#322 = CARTESIAN_POINT ( 'NONE',  ( 975.6212234913448356, -82.81444849333158231, 96.94337594908337508 ) ) ;
#323 = DIRECTION ( 'NONE',  ( 0.000000000000000000, 0.000000000000000000, 1.000000000000000000 ) ) ;
#324 = CARTESIAN_POINT ( 'NONE',  ( 976.5476831198556056, 103.3441873452333795, 74.67420770619540349 ) ) ;
#325 = CARTESIAN_POINT ( 'NONE',  ( 967.7932074315654063, 124.5027967644061562, -27.48328494158987922 ) ) ;
#326 = DIRECTION ( 'NONE',  ( -1.000000000000000000, -0.000000000000000000, -0.000000000000000000 ) ) ;
#327 = EDGE_LOOP ( 'NONE', ( #6349, #5187 ) ) ;
#328 = ORIENTED_EDGE ( 'NONE', *, *, #7485, .F. ) ;
#329 = EDGE_CURVE ( 'NONE', #5956, #1528, #5279, .T. ) ;
#330 = VERTEX_POINT ( 'NONE', #6737 ) ;
#331 = CARTESIAN_POINT ( 'NONE',  ( 1041.321464998407691, -48.78900844669404790, 117.7959364952305918 ) ) ;
#332 = CARTESIAN_POINT ( 'NONE',  ( 977.7932074315651789, 70.30567120120387870, -19.64974801233319113 ) ) ;
#333 = CIRCLE ( 'NONE', #1773, 160.1627378425955612 ) ;
#334 = CARTESIAN_POINT ( 'NONE',  ( 977.5074755329792424, 12.13434266118170690, 71.98459974237201209 ) ) ;
#335 = CARTESIAN_POINT ( 'NONE',  ( 975.9514122167594223, -74.99647150349662184, -103.1105951957540867 ) ) ;
#336 = CARTESIAN_POINT ( 'NONE',  ( 977.7776520252660930, 2.701431954909705002, -72.95018361110180649 ) ) ;
#337 = EDGE_LOOP ( 'NONE', ( #4521, #2498, #4454, #2433 ) ) ;
#338 = VECTOR ( 'NONE', #4559, 1000.000000000000000 ) ;
#339 = CIRCLE ( 'NONE', #4502, 7.275000000000003908 ) ;
#340 = ORIENTED_EDGE ( 'NONE', *, *, #4331, .T. ) ;
#341 = CARTESIAN_POINT ( 'NONE',  ( 977.5402670494214590, 40.72143611828463605, 120.8223387332680119 ) ) ;
#342 = CARTESIAN_POINT ( 'NONE',  ( 977.7932074315651789, 0.000000000000000000, 0.000000000000000000 ) ) ;
#343 = CARTESIAN_POINT ( 'NONE',  ( 977.6709658558772844, 57.73241892333998493, 44.67653309934800632 ) ) ;
#344 = VECTOR ( 'NONE', #7216, 1000.000000000000000 ) ;
#345 = AXIS2_PLACEMENT_3D ( 'NONE', #3503, #75, #6441 ) ;
#346 = CARTESIAN_POINT ( 'NONE',  ( 1042.912997761359293, -42.58353461763771719, -59.29285437106591417 ) ) ;
#347 = CARTESIAN_POINT ( 'NONE',  ( 967.7932074315651789, -166.5788324321703158, 101.1368664649722291 ) ) ;
#348 = DIRECTION ( 'NONE',  ( 0.000000000000000000, 0.000000000000000000, 1.000000000000000000 ) ) ;
#349 = ORIENTED_EDGE ( 'NONE', *, *, #1085, .T. ) ;
#350 = VERTEX_POINT ( 'NONE', #587 ) ;
#351 = VECTOR ( 'NONE', #6150, 1000.000000000000000 ) ;
#352 = CIRCLE ( 'NONE', #3360, 72.99999999999974420 ) ;
#353 = CARTESIAN_POINT ( 'NONE',  ( 968.1244542515911462, -121.6389570002278901, -38.21299221192397511 ) ) ;
#354 = VERTEX_POINT ( 'NONE', #8817 ) ;
#355 = CARTESIAN_POINT ( 'NONE',  ( 968.7637114205683702, -10.51578474220064408, 127.0656393838718259 ) ) ;
#356 = EDGE_CURVE ( 'NONE', #2791, #7313, #6157, .T. ) ;
#357 = CARTESIAN_POINT ( 'NONE',  ( 977.7932074315651789, 19.64974801233391943, 70.30567120120367974 ) ) ;
#358 = CARTESIAN_POINT ( 'NONE',  ( 977.1774328682959094, -117.4674629032395217, -49.57477744262702402 ) ) ;
#359 = DIRECTION ( 'NONE',  ( -1.000000000000000000, -0.000000000000000000, -0.000000000000000000 ) ) ;
#360 = B_SPLINE_CURVE_WITH_KNOTS ( 'NONE', 3,
 ( #4542, #8085, #6591, #1947, #4677, #4011, #450, #3200, #8672, #1850, #7628, #2130, #867, #2212, #5492, #2894, #5575, #2710 ),
 .UNSPECIFIED., .F., .F.,
 ( 4, 2, 2, 2, 2, 2, 2, 2, 4 ),
 ( 0.000000000000000000, 0.0005014877766709451186, 0.001002975553341890237, 0.001504463330012835356, 0.002005951106683780474, 0.002507438883354725593, 0.003008926660025670712, 0.003510414436696615830, 0.004011902213367560949 ),
 .UNSPECIFIED. ) ;
#361 = ORIENTED_EDGE ( 'NONE', *, *, #1582, .F. ) ;
#362 = ADVANCED_FACE ( 'NONE', ( #8280 ), #2850, .F. ) ;
#363 = CARTESIAN_POINT ( 'NONE',  ( 977.7136058903372486, 76.43427785124218587, 102.0493834606360082 ) ) ;
#364 = CARTESIAN_POINT ( 'NONE',  ( 1041.321464998407691, -69.30226855186067780, -22.93895319245764242 ) ) ;
#365 = DIRECTION ( 'NONE',  ( 1.000000000000000000, 0.000000000000000000, 0.000000000000000000 ) ) ;
#366 = CARTESIAN_POINT ( 'NONE',  ( 969.1851730895934907, 103.2982878046670834, 74.73765894793922371 ) ) ;
#367 = CARTESIAN_POINT ( 'NONE',  ( 968.7699766253857661, -102.8484398099271715, 75.35553489764762958 ) ) ;
#368 = CARTESIAN_POINT ( 'NONE',  ( 975.2932074315651789, 127.1728735659488621, -147.6625660138610669 ) ) ;
#369 = ORIENTED_EDGE ( 'NONE', *, *, #2807, .T. ) ;
#370 = EDGE_CURVE ( 'NONE', #5414, #669, #1720, .T. ) ;
#371 = DIRECTION ( 'NONE',  ( 0.000000000000000000, 0.000000000000000000, 1.000000000000000000 ) ) ;
#372 = VERTEX_POINT ( 'NONE', #6780 ) ;
#373 = ORIENTED_EDGE ( 'NONE', *, *, #1847, .T. ) ;
#374 = DIRECTION ( 'NONE',  ( 0.000000000000000000, 0.000000000000000000, 1.000000000000000000 ) ) ;
#375 = ORIENTED_EDGE ( 'NONE', *, *, #6900, .F. ) ;
#376 = DIRECTION ( 'NONE',  ( 0.000000000000000000, 0.000000000000000000, -1.000000000000000000 ) ) ;
#377 = DIRECTION ( 'NONE',  ( 0.000000000000000000, 3.639217809207509149E-15, -1.000000000000000000 ) ) ;
#378 = CARTESIAN_POINT ( 'NONE',  ( 968.3024195543165433, 109.2199520017470036, -65.78199346773045875 ) ) ;
#379 = CARTESIAN_POINT ( 'NONE',  ( 968.4107331596591166, 121.5188320429428757, 38.59322136952669524 ) ) ;
#380 = EDGE_CURVE ( 'NONE', #8400, #607, #8324, .T. ) ;
#381 = ORIENTED_EDGE ( 'NONE', *, *, #8754, .T. ) ;
#382 = VERTEX_POINT ( 'NONE', #9 ) ;
#383 = FACE_OUTER_BOUND ( 'NONE', #3138, .T. ) ;
#384 = CARTESIAN_POINT ( 'NONE',  ( 967.7932074315651789, 0.000000000000000000, 0.000000000000000000 ) ) ;
#385 = CARTESIAN_POINT ( 'NONE',  ( 977.7167836271273700, 57.63245409863682056, 44.80543781807061521 ) ) ;
#386 = CARTESIAN_POINT ( 'NONE',  ( 977.7932074315651789, 126.8857838248238181, 12.49991452610974640 ) ) ;
#387 = CARTESIAN_POINT ( 'NONE',  ( 1036.782757869134684, 127.1728735659488621, -147.6625660138610669 ) ) ;
#388 = CARTESIAN_POINT ( 'NONE',  ( 968.4107331596591166, 120.9953266188026788, -40.20440539502487098 ) ) ;
#389 = EDGE_LOOP ( 'NONE', ( #8841, #1954, #992, #1067 ) ) ;
#390 = EDGE_LOOP ( 'NONE', ( #2242, #5509, #8402, #6473 ) ) ;
#391 = DIRECTION ( 'NONE',  ( 0.000000000000000000, 0.000000000000000000, 1.000000000000000000 ) ) ;
#392 = B_SPLINE_CURVE_WITH_KNOTS ( 'NONE', 3,
 ( #6510, #8458, #1721, #320, #1006, #3072, #914, #6384, #957, #8543, #7858, #4456, #2308, #3034, #3119, #7178 ),
 .UNSPECIFIED., .F., .F.,
 ( 4, 2, 2, 2, 2, 2, 2, 4 ),
 ( 0.000000000000000000, 0.0004891428882835913497, 0.0009782857765671826994, 0.001467428664850774049, 0.001956571553134365399, 0.002445714441417956748, 0.002934857329701548098, 0.003913143106268723859 ),
 .UNSPECIFIED. ) ;
#393 = VERTEX_POINT ( 'NONE', #2169 ) ;
#394 = AXIS2_PLACEMENT_3D ( 'NONE', #5107, #3044, #7828 ) ;
#395 = AXIS2_PLACEMENT_3D ( 'NONE', #7962, #1770, #3087 ) ;
#396 = B_SPLINE_CURVE_WITH_KNOTS ( 'NONE', 3,
 ( #1621, #4442, #947, #1031, #2292, #7078, #3811, #1668, #3682, #388, #3764, #5742, #4396, #6491, #4646, #3017 ),
 .UNSPECIFIED., .F., .F.,
 ( 4, 2, 2, 2, 2, 2, 2, 4 ),
 ( 0.000000000000000000, 0.0004881883398703311741, 0.0009763766797406623482, 0.001464565019610993739, 0.001952753359481324696, 0.002440941699351655871, 0.002929130039221987478, 0.003905506718962776895 ),
 .UNSPECIFIED. ) ;
#397 = DIRECTION ( 'NONE',  ( 1.000000000000000000, 0.000000000000000000, 0.000000000000000000 ) ) ;
#398 = CARTESIAN_POINT ( 'NONE',  ( 977.7932074315651789, 0.000000000000000000, 0.000000000000000000 ) ) ;
#399 = DIRECTION ( 'NONE',  ( -1.000000000000000000, -0.000000000000000000, -0.000000000000000000 ) ) ;
#400 = TOROIDAL_SURFACE ( 'NONE', #115, 160.1627378425955612, 2.500000000000000000 ) ;
#401 = CARTESIAN_POINT ( 'NONE',  ( 977.7932074315651789, -68.42831489562418312, -25.42765660742801970 ) ) ;
#402 = CIRCLE ( 'NONE', #8005, 145.1627378425959307 ) ;
#403 = AXIS2_PLACEMENT_3D ( 'NONE', #6735, #6634, #497 ) ;
#404 = VERTEX_POINT ( 'NONE', #4191 ) ;
#405 = EDGE_CURVE ( 'NONE', #7692, #8356, #4911, .T. ) ;
#406 = CIRCLE ( 'NONE', #5155, 147.6627378425959307 ) ;
#407 = CIRCLE ( 'NONE', #5441, 157.6627378425955328 ) ;
#408 = CARTESIAN_POINT ( 'NONE',  ( 976.8206886417103760, 75.35810029273116584, 102.8465608314899669 ) ) ;
#409 = CARTESIAN_POINT ( 'NONE',  ( 977.7776520252658656, -60.60580014732148868, 40.69353771796454566 ) ) ;
#410 = CARTESIAN_POINT ( 'NONE',  ( 1007.993207431565224, 37.92267161132571829, 27.55243370120959767 ) ) ;
#411 = LINE ( 'NONE', #7181, #4873 ) ;
#412 = CARTESIAN_POINT ( 'NONE',  ( 969.4877991597929849, -127.4999513347753464, 0.1278202810014607560 ) ) ;
#413 = CARTESIAN_POINT ( 'NONE',  ( 968.6178405014127293, -69.75238579668740613, 21.53183220720611857 ) ) ;
#414 = B_SPLINE_CURVE_WITH_KNOTS ( 'NONE', 3,
 ( #3447, #6254, #597, #649, #5500, #5459, #8142, #2102, #779, #2136, #2006, #8329, #3534, #4743, #4839, #7459 ),
 .UNSPECIFIED., .F., .F.,
 ( 4, 2, 2, 2, 2, 2, 2, 4 ),
 ( 0.000000000000000000, 0.0004891428882835921086, 0.0009782857765671842173, 0.001467428664850776217, 0.001956571553134368435, 0.002445714441417960652, 0.002934857329701552435, 0.003913143106268736869 ),
 .UNSPECIFIED. ) ;
#415 = CARTESIAN_POINT ( 'NONE',  ( 977.5074755329792424, 64.71170456000757554, -33.78491031254599619 ) ) ;
#416 = ORIENTED_EDGE ( 'NONE', *, *, #6957, .T. ) ;
#417 = CARTESIAN_POINT ( 'NONE',  ( 969.1618290769855548, 59.45626570710343373, -42.35513236261623149 ) ) ;
#418 = B_SPLINE_CURVE_WITH_KNOTS ( 'NONE', 3,
 ( #4881, #2224, #3576, #2262, #7554, #7050, #6304, #7597, #2104, #4963, #4325, #915, #3536, #7012, #6921, #2141 ),
 .UNSPECIFIED., .F., .F.,
 ( 4, 2, 2, 2, 2, 2, 2, 4 ),
 ( 0.000000000000000000, 0.001060870709216557659, 0.001591306063824887446, 0.002121741418433217233, 0.002652176773041547021, 0.003182612127649876374, 0.003713047482258206161, 0.004243482836866535948 ),
 .UNSPECIFIED. ) ;
#419 = VECTOR ( 'NONE', #8571, 1000.000000000000000 ) ;
#420 = ORIENTED_EDGE ( 'NONE', *, *, #7557, .F. ) ;
#421 = ORIENTED_EDGE ( 'NONE', *, *, #5631, .F. ) ;
#422 = CARTESIAN_POINT ( 'NONE',  ( 977.7136058903372486, 120.6742219329516530, -41.15832426391470023 ) ) ;
#423 = EDGE_CURVE ( 'NONE', #3458, #5806, #4146, .T. ) ;
#424 = ORIENTED_EDGE ( 'NONE', *, *, #2817, .T. ) ;
#425 = CARTESIAN_POINT ( 'NONE',  ( 968.2424519787781492, 65.22895867634957767, 32.77510829264950587 ) ) ;
#426 = CARTESIAN_POINT ( 'NONE',  ( 970.2932074315650652, 121.2597647024848300, 39.39948558417965074 ) ) ;
#427 = EDGE_CURVE ( 'NONE', #5893, #1976, #7655, .T. ) ;
#428 = CARTESIAN_POINT ( 'NONE',  ( 977.7932074315651789, 13.50033361476953786, 71.74079029596694568 ) ) ;
#429 = CARTESIAN_POINT ( 'NONE',  ( 977.5402670494213453, -102.3252567703913627, 76.06454314189741694 ) ) ;
#430 = CARTESIAN_POINT ( 'NONE',  ( 976.1207935749461058, 0.5442190424582750152, -72.99800401203883382 ) ) ;
#431 = ORIENTED_EDGE ( 'NONE', *, *, #1795, .F. ) ;
#432 = VERTEX_POINT ( 'NONE', #6299 ) ;
#433 = DIRECTION ( 'NONE',  ( 1.000000000000000000, 0.000000000000000000, 0.000000000000000000 ) ) ;
#434 = EDGE_CURVE ( 'NONE', #7826, #372, #929, .T. ) ;
#435 = CARTESIAN_POINT ( 'NONE',  ( 969.1618290769857822, 0.6814942586610918118, -72.99685154076050253 ) ) ;
#436 = CARTESIAN_POINT ( 'NONE',  ( 977.7932074315651789, -2.500143588965830777, -127.4754850237273303 ) ) ;
#437 = CARTESIAN_POINT ( 'NONE',  ( 970.2932074315650652, -44.71118576450651716, -189.6788945569603584 ) ) ;
#438 = CARTESIAN_POINT ( 'NONE',  ( 975.2932074315651789, -10.00015816146921033, 127.1072257456104779 ) ) ;
#439 = VERTEX_POINT ( 'NONE', #5617 ) ;
#440 = ORIENTED_EDGE ( 'NONE', *, *, #2029, .T. ) ;
#441 = CARTESIAN_POINT ( 'NONE',  ( 977.7932074315651789, 189.6788945569598468, -44.71118576450859905 ) ) ;
#442 = CARTESIAN_POINT ( 'NONE',  ( 968.4077548216921514, -10.85036911051638242, 127.0375256266020330 ) ) ;
#443 = CARTESIAN_POINT ( 'NONE',  ( 975.6212234913450629, 123.9801829012103269, -29.75172713377201461 ) ) ;
#444 = CARTESIAN_POINT ( 'NONE',  ( 969.0366317484429146, -124.0538572045514059, 29.44314781828255434 ) ) ;
#445 = DIRECTION ( 'NONE',  ( -1.000000000000000000, -0.000000000000000000, -0.000000000000000000 ) ) ;
#446 = ORIENTED_EDGE ( 'NONE', *, *, #8121, .F. ) ;
#447 = CARTESIAN_POINT ( 'NONE',  ( 975.2932074315651789, 75.31834776957963129, -34.57128693312472478 ) ) ;
#448 = CARTESIAN_POINT ( 'NONE',  ( 976.5738051988838606, -0.7686428024337063070, 72.99601993514060894 ) ) ;
#449 = CARTESIAN_POINT ( 'NONE',  ( 969.1008202615156506, 10.94278251860484907, 72.17522118456879809 ) ) ;
#450 = CARTESIAN_POINT ( 'NONE',  ( 977.4756012051087737, 24.21152856484432192, -68.86815042300554524 ) ) ;
#451 = DIRECTION ( 'NONE',  ( 0.000000000000000000, 0.000000000000000000, 1.000000000000000000 ) ) ;
#452 = CARTESIAN_POINT ( 'NONE',  ( 968.4107331596590029, -102.6495493062696625, 75.62627389986870696 ) ) ;
#453 = CARTESIAN_POINT ( 'NONE',  ( 968.6178405014127293, 72.99216311112961364, 1.076683280937575038 ) ) ;
#454 = ORIENTED_EDGE ( 'NONE', *, *, #4981, .T. ) ;
#455 = CARTESIAN_POINT ( 'NONE',  ( 0.000000000000000000, 0.000000000000000000, 0.000000000000000000 ) ) ;
#456 = ORIENTED_EDGE ( 'NONE', *, *, #8541, .F. ) ;
#457 = VERTEX_POINT ( 'NONE', #3027 ) ;
#458 = ADVANCED_FACE ( 'NONE', ( #7722 ), #3647, .T. ) ;
#459 = EDGE_LOOP ( 'NONE', ( #3943, #1055, #6404, #2759 ) ) ;
#460 = CARTESIAN_POINT ( 'NONE',  ( 967.7932074315651789, -127.1728735659488621, 147.6625660138610669 ) ) ;
#461 = CARTESIAN_POINT ( 'NONE',  ( 967.9165188163373159, 68.71365423851717935, 24.64666584154006301 ) ) ;
#462 = CARTESIAN_POINT ( 'NONE',  ( 977.0249106011896174, 11.39561008114132079, 72.10519954592095360 ) ) ;
#463 = CARTESIAN_POINT ( 'NONE',  ( 968.7444331958880639, 69.71891643834983654, -21.63983569338821411 ) ) ;
#464 = TOROIDAL_SURFACE ( 'NONE', #7062, 145.1627378425959591, 2.500000000000000000 ) ;
#465 = CARTESIAN_POINT ( 'NONE',  ( 967.8595308706295555, 121.8166079434332119, 37.64378273246837381 ) ) ;
#466 = EDGE_CURVE ( 'NONE', #4464, #7238, #3019, .T. ) ;
#467 = ORIENTED_EDGE ( 'NONE', *, *, #219, .F. ) ;
#468 = CARTESIAN_POINT ( 'NONE',  ( 977.7932074315651789, -9.329543134858095499, 72.40137861183863777 ) ) ;
#469 = ORIENTED_EDGE ( 'NONE', *, *, #5833, .T. ) ;
#470 = AXIS2_PLACEMENT_3D ( 'NONE', #8010, #2495, #5236 ) ;
#471 = DIRECTION ( 'NONE',  ( 0.000000000000000000, 0.000000000000000000, 1.000000000000000000 ) ) ;
#472 = CARTESIAN_POINT ( 'NONE',  ( 975.2932074315651789, -147.6625660138615217, -127.1728735659483362 ) ) ;
#473 = B_SPLINE_CURVE_WITH_KNOTS ( 'NONE', 3,
 ( #1341, #662, #6130, #2114, #4851, #5765, #1691, #4337, #4424, #4973, #7695, #5809, #290, #8557, #5679, #971 ),
 .UNSPECIFIED., .F., .F.,
 ( 4, 2, 2, 2, 2, 2, 2, 4 ),
 ( 0.000000000000000000, 0.0004881885400330880404, 0.0009763770800661760807, 0.001464565620099264175, 0.001952754160132352161, 0.002440942700165440148, 0.002929131240198528351, 0.003905508320265020043 ),
 .UNSPECIFIED. ) ;
#474 = DIRECTION ( 'NONE',  ( 0.000000000000000000, 0.000000000000000000, -1.000000000000000000 ) ) ;
#475 = CARTESIAN_POINT ( 'NONE',  ( 977.5406705918383068, -124.2953718071632494, 28.40657082688393587 ) ) ;
#476 = CARTESIAN_POINT ( 'NONE',  ( 967.7932074315651789, 72.40137861183853829, 9.329543134857715359 ) ) ;
#477 = EDGE_CURVE ( 'NONE', #1299, #8654, #7129, .T. ) ;
#478 = CARTESIAN_POINT ( 'NONE',  ( 969.6300527781542087, -43.30352716470001440, 58.76908873359349172 ) ) ;
#479 = CIRCLE ( 'NONE', #5217, 72.99999999999987210 ) ;
#480 = CIRCLE ( 'NONE', #6924, 72.99999999999974420 ) ;
#481 = EDGE_LOOP ( 'NONE', ( #1614, #7407 ) ) ;
#482 = EDGE_CURVE ( 'NONE', #3128, #3603, #3173, .T. ) ;
#483 = ORIENTED_EDGE ( 'NONE', *, *, #8823, .F. ) ;
#484 = DIRECTION ( 'NONE',  ( 0.000000000000000000, 0.000000000000000000, 1.000000000000000000 ) ) ;
#485 = AXIS2_PLACEMENT_3D ( 'NONE', #6162, #1371, #6060 ) ;
#486 = B_SPLINE_CURVE_WITH_KNOTS ( 'NONE', 3,
 ( #728, #2165, #3477, #7486, #1358, #4100, #6822, #678, #6152, #3, #4264, #8357, #2204, #4948, #6993, #859 ),
 .UNSPECIFIED., .F., .F.,
 ( 4, 2, 2, 2, 2, 2, 2, 4 ),
 ( 0.000000000000000000, 0.0004891407059790186217, 0.0009782814119580372433, 0.001467422117937055865, 0.001956562823916074487, 0.002445703529895093108, 0.002934844235874111730, 0.003913125647832094330 ),
 .UNSPECIFIED. ) ;
#487 = AXIS2_PLACEMENT_3D ( 'NONE', #6195, #2030, #4765 ) ;
#488 = DIRECTION ( 'NONE',  ( 0.000000000000000000, 0.000000000000000000, 1.000000000000000000 ) ) ;
#489 = CARTESIAN_POINT ( 'NONE',  ( 976.9470595414691161, -117.5572859505724779, -49.36140110800436531 ) ) ;
#490 = DIRECTION ( 'NONE',  ( -1.000000000000000000, -0.000000000000000000, -0.000000000000000000 ) ) ;
#491 = AXIS2_PLACEMENT_3D ( 'NONE', #2888, #1538, #6328 ) ;
#492 = LINE ( 'NONE', #1219, #1578 ) ;
#493 = ADVANCED_FACE ( 'NONE', ( #4958 ), #2935, .F. ) ;
#494 = AXIS2_PLACEMENT_3D ( 'NONE', #6613, #7199, #474 ) ;
#495 = ORIENTED_EDGE ( 'NONE', *, *, #7760, .T. ) ;
#496 = AXIS2_PLACEMENT_3D ( 'NONE', #3169, #7144, #1096 ) ;
#497 = DIRECTION ( 'NONE',  ( 0.000000000000000000, 0.000000000000000000, -1.000000000000000000 ) ) ;
#498 = CARTESIAN_POINT ( 'NONE',  ( 967.8087372738299337, 40.69378907396080791, 60.60563406891763094 ) ) ;
#499 = CARTESIAN_POINT ( 'NONE',  ( 967.7932074315650652, 12.33532281451586421, -126.9019982679599821 ) ) ;
#500 = CARTESIAN_POINT ( 'NONE',  ( 969.9658196246411990, -127.5000028925001629, 0.01637939031057668998 ) ) ;
#501 = CARTESIAN_POINT ( 'NONE',  ( 977.7932074315651789, -72.93677279940575886, -3.037626311422208403 ) ) ;
#502 = CARTESIAN_POINT ( 'NONE',  ( 970.2932074315650652, 103.1495547958089674, -74.94277380392571786 ) ) ;
#503 = ORIENTED_EDGE ( 'NONE', *, *, #6036, .T. ) ;
#504 = CARTESIAN_POINT ( 'NONE',  ( 968.2886015245320550, 59.90323238522185534, -41.72077827437141195 ) ) ;
#505 = ORIENTED_EDGE ( 'NONE', *, *, #1153, .F. ) ;
#506 = ORIENTED_EDGE ( 'NONE', *, *, #5325, .T. ) ;
#507 = CARTESIAN_POINT ( 'NONE',  ( 969.1851730895938317, -39.15881113360635624, 121.3377164734727813 ) ) ;
#508 = CARTESIAN_POINT ( 'NONE',  ( 1001.793207431565179, 0.000000000000000000, 57.15000000000000568 ) ) ;
#509 = CARTESIAN_POINT ( 'NONE',  ( 968.7444331958880639, 69.12336451063801235, 23.47275605683987365 ) ) ;
#510 = CARTESIAN_POINT ( 'NONE',  ( 968.5562076621531560, 11.43790216623153988, -72.09850187017136136 ) ) ;
#511 = CARTESIAN_POINT ( 'NONE',  ( 975.6233520302653233, -103.1495547958083279, 74.94277380392641419 ) ) ;
#512 = DIRECTION ( 'NONE',  ( 0.000000000000000000, 0.000000000000000000, 1.000000000000000000 ) ) ;
#513 = DIRECTION ( 'NONE',  ( 1.000000000000000000, 0.000000000000000000, 0.000000000000000000 ) ) ;
#514 = ORIENTED_EDGE ( 'NONE', *, *, #772, .F. ) ;
#515 = CARTESIAN_POINT ( 'NONE',  ( 977.2823495132338394, 38.46931326641426097, -121.5581358362353797 ) ) ;
#516 = ORIENTED_EDGE ( 'NONE', *, *, #8899, .F. ) ;
#517 = CARTESIAN_POINT ( 'NONE',  ( 976.5476831198559466, 39.71480581583531944, 121.1568923074754309 ) ) ;
#518 = CARTESIAN_POINT ( 'NONE',  ( 969.1008202615154232, -51.27642761653694947, -51.95897432760735768 ) ) ;
#519 = EDGE_CURVE ( 'NONE', #3262, #4353, #4778, .T. ) ;
#520 = AXIS2_PLACEMENT_3D ( 'NONE', #5557, #5733, #4897 ) ;
#521 = CARTESIAN_POINT ( 'NONE',  ( 970.2932074315650652, -12.23414415701314084, 71.96753237915949342 ) ) ;
#522 = CARTESIAN_POINT ( 'NONE',  ( 967.7932074315651789, -84.69423573765834590, 95.30549004550525183 ) ) ;
#523 = CARTESIAN_POINT ( 'NONE',  ( 976.8447230752969972, -58.48532727358104211, -43.68611028497841886 ) ) ;
#524 = EDGE_LOOP ( 'NONE', ( #4991, #1141, #802, #6322 ) ) ;
#525 = DIRECTION ( 'NONE',  ( 0.000000000000000000, 0.000000000000000000, 1.000000000000000000 ) ) ;
#526 = EDGE_CURVE ( 'NONE', #2158, #2791, #7973, .T. ) ;
#527 = CARTESIAN_POINT ( 'NONE',  ( 969.0416369157516101, 39.71328275070256097, 121.1573909598978958 ) ) ;
#528 = CARTESIAN_POINT ( 'NONE',  ( 970.2932074315650652, -10.00015816146921033, 127.1072257456104779 ) ) ;
#529 = CARTESIAN_POINT ( 'NONE',  ( 977.2455835626554972, -72.06081111196080258, 11.67301300285376797 ) ) ;
#530 = CARTESIAN_POINT ( 'NONE',  ( 976.5466784714078585, 124.0534555245275499, -29.44483793061565535 ) ) ;
#531 = CARTESIAN_POINT ( 'NONE',  ( 969.0366317484428009, 66.33684768678890009, 108.8837962221938227 ) ) ;
#532 = DIRECTION ( 'NONE',  ( -1.000000000000000000, -0.000000000000000000, -0.000000000000000000 ) ) ;
#533 = AXIS2_PLACEMENT_3D ( 'NONE', #6768, #2123, #42 ) ;
#534 = ORIENTED_EDGE ( 'NONE', *, *, #4697, .F. ) ;
#535 = EDGE_CURVE ( 'NONE', #1433, #4292, #5568, .T. ) ;
#536 = LINE ( 'NONE', #4675, #5283 ) ;
#537 = AXIS2_PLACEMENT_3D ( 'NONE', #4543, #6161, #1459 ) ;
#538 = CARTESIAN_POINT ( 'NONE',  ( 968.3908861589637809, 41.83133750529896844, 59.82603384018508308 ) ) ;
#539 = DIRECTION ( 'NONE',  ( 0.000000000000000000, 0.000000000000000000, 1.000000000000000000 ) ) ;
#540 = CARTESIAN_POINT ( 'NONE',  ( 970.2932074315650652, 65.41400624788208518, -32.40382364169381901 ) ) ;
#541 = CIRCLE ( 'NONE', #6549, 157.6627378425955328 ) ;
#542 = AXIS2_PLACEMENT_3D ( 'NONE', #300, #3720, #804 ) ;
#543 = CARTESIAN_POINT ( 'NONE',  ( 970.2932074315650652, 42.58353461763815773, 59.29285437106560863 ) ) ;
#544 = DIRECTION ( 'NONE',  ( -1.000000000000000000, -0.000000000000000000, -0.000000000000000000 ) ) ;
#545 = CARTESIAN_POINT ( 'NONE',  ( 968.2886015245320550, 72.98559120147592694, 1.457417918166848736 ) ) ;
#546 = ORIENTED_EDGE ( 'NONE', *, *, #2080, .T. ) ;
#547 = CARTESIAN_POINT ( 'NONE',  ( 967.9202297398430801, -109.5897926941421048, 65.16402668717029201 ) ) ;
#548 = ORIENTED_EDGE ( 'NONE', *, *, #4163, .F. ) ;
#549 = VERTEX_POINT ( 'NONE', #8576 ) ;
#550 = DIRECTION ( 'NONE',  ( 0.000000000000000000, 0.000000000000000000, 1.000000000000000000 ) ) ;
#551 = AXIS2_PLACEMENT_3D ( 'NONE', #347, #7336, #1835 ) ;
#552 = CARTESIAN_POINT ( 'NONE',  ( 975.2932074315651789, 42.58353461763815773, 59.29285437106560863 ) ) ;
#553 = CARTESIAN_POINT ( 'NONE',  ( 977.7932074315652926, -31.57070562367196587, 65.82111733297945477 ) ) ;
#554 = CARTESIAN_POINT ( 'NONE',  ( 968.0784268819822955, 10.70283289752192069, -72.21131588306323579 ) ) ;
#555 = CARTESIAN_POINT ( 'NONE',  ( 969.1618290769858959, 69.63472463436551152, -21.90912810644253739 ) ) ;
#556 = CARTESIAN_POINT ( 'NONE',  ( 975.2932074315651789, -101.1368664649716322, -166.5788324321706853 ) ) ;
#557 = CARTESIAN_POINT ( 'NONE',  ( 977.4756012051087737, 44.30796086294044045, -58.01572943866285925 ) ) ;
#558 = ORIENTED_EDGE ( 'NONE', *, *, #4119, .T. ) ;
#559 = CARTESIAN_POINT ( 'NONE',  ( 977.7932074315651789, 37.01431338656139047, -122.0089775570691302 ) ) ;
#560 = ORIENTED_EDGE ( 'NONE', *, *, #3409, .F. ) ;
#561 = VERTEX_POINT ( 'NONE', #2558 ) ;
#562 = CARTESIAN_POINT ( 'NONE',  ( 970.2932074315650652, 179.7340247757214513, 75.31834776957768440 ) ) ;
#563 = FACE_OUTER_BOUND ( 'NONE', #6066, .T. ) ;
#564 = AXIS2_PLACEMENT_3D ( 'NONE', #4047, #4822, #1452 ) ;
#565 = DIRECTION ( 'NONE',  ( 0.000000000000000000, 0.000000000000000000, 1.000000000000000000 ) ) ;
#566 = PLANE ( 'NONE',  #5239 ) ;
#567 = CARTESIAN_POINT ( 'NONE',  ( 977.5498501895685877, -57.92465614954105746, -44.42700771461657183 ) ) ;
#568 = ADVANCED_FACE ( 'NONE', ( #4621 ), #3951, .F. ) ;
#569 = ORIENTED_EDGE ( 'NONE', *, *, #1037, .T. ) ;
#570 = ORIENTED_EDGE ( 'NONE', *, *, #1894, .T. ) ;
#571 = CARTESIAN_POINT ( 'NONE',  ( 975.4630272440168710, -69.30226855186064938, -22.93895319245756781 ) ) ;
#572 = CARTESIAN_POINT ( 'NONE',  ( 967.7932074315651789, 0.000000000000000000, 0.000000000000000000 ) ) ;
#573 = ADVANCED_FACE ( 'NONE', ( #6539 ), #3704, .F. ) ;
#574 = DIRECTION ( 'NONE',  ( 1.000000000000000000, -0.000000000000000000, -0.000000000000000000 ) ) ;
#575 = DIRECTION ( 'NONE',  ( -1.000000000000000000, -0.000000000000000000, -0.000000000000000000 ) ) ;
#576 = CARTESIAN_POINT ( 'NONE',  ( 975.2932074315651789, -72.22574908703222718, 10.60382802656725865 ) ) ;
#577 = DIRECTION ( 'NONE',  ( -1.000000000000000000, -0.000000000000000000, -0.000000000000000000 ) ) ;
#578 = EDGE_CURVE ( 'NONE', #3966, #6496, #8303, .T. ) ;
#579 = EDGE_CURVE ( 'NONE', #6095, #5677, #5174, .T. ) ;
#580 = LINE ( 'NONE', #4049, #5936 ) ;
#581 = EDGE_CURVE ( 'NONE', #6106, #4761, #2119, .T. ) ;
#582 = ORIENTED_EDGE ( 'NONE', *, *, #4585, .F. ) ;
#583 = ORIENTED_EDGE ( 'NONE', *, *, #4786, .T. ) ;
#584 = CARTESIAN_POINT ( 'NONE',  ( 970.2932074315650652, 189.6788945569598468, -44.71118576450859905 ) ) ;
#585 = CARTESIAN_POINT ( 'NONE',  ( 967.7932074315651789, 71.74079029596694568, -13.50033361476883265 ) ) ;
#586 = DIRECTION ( 'NONE',  ( 0.000000000000000000, 0.000000000000000000, -1.000000000000000000 ) ) ;
#587 = CARTESIAN_POINT ( 'NONE',  ( 975.2932074315651789, -74.94277380392607313, -103.1495547958086689 ) ) ;
#588 = CARTESIAN_POINT ( 'NONE',  ( 1036.782757869134684, 0.4006621794151537519, -72.99890046992466353 ) ) ;
#589 = EDGE_CURVE ( 'NONE', #3260, #6642, #7586, .T. ) ;
#590 = CARTESIAN_POINT ( 'NONE',  ( 969.0172219968214904, 72.99605163448147493, 0.7656656911206086713 ) ) ;
#591 = CARTESIAN_POINT ( 'NONE',  ( 977.2823495132336120, -0.9770387185121923723, -127.4963287569987074 ) ) ;
#592 = ORIENTED_EDGE ( 'NONE', *, *, #4846, .T. ) ;
#593 = EDGE_CURVE ( 'NONE', #1900, #7148, #4866, .T. ) ;
#594 = ORIENTED_EDGE ( 'NONE', *, *, #7776, .T. ) ;
#595 = CARTESIAN_POINT ( 'NONE',  ( 975.9622145319366382, -72.99835567376442214, -0.4912935325780984352 ) ) ;
#596 = CARTESIAN_POINT ( 'NONE',  ( 967.8087372738299337, -68.54506483788779292, -25.11177883904927555 ) ) ;
#597 = CARTESIAN_POINT ( 'NONE',  ( 967.8093088641629720, -64.75179997053002978, -109.8338745882397944 ) ) ;
#598 = DIRECTION ( 'NONE',  ( -1.000000000000000000, -0.000000000000000000, -0.000000000000000000 ) ) ;
#599 = CARTESIAN_POINT ( 'NONE',  ( 977.7932074315651789, -101.6602862201764168, 76.95086877762838640 ) ) ;
#600 = CYLINDRICAL_SURFACE ( 'NONE', #5345, 157.6627378425955328 ) ;
#601 = CARTESIAN_POINT ( 'NONE',  ( 967.7932074315651789, 0.000000000000000000, 127.4999999999997868 ) ) ;
#602 = CARTESIAN_POINT ( 'NONE',  ( 969.9321275244388971, -71.97140414119594709, -12.21142446341860754 ) ) ;
#603 = B_SPLINE_CURVE_WITH_KNOTS ( 'NONE', 3,
 ( #7587, #5615, #8862, #5573, #4909, #7627, #2760, #4829, #1456, #7676, #4189, #6912, #7542, #3525, #1546, #770 ),
 .UNSPECIFIED., .F., .F.,
 ( 4, 2, 2, 2, 2, 2, 2, 4 ),
 ( 0.000000000000000000, 0.0005326074553525504164, 0.001065214910705100833, 0.001597822366057651249, 0.002130429821410201666, 0.002663037276762752082, 0.003195644732115302498, 0.004260859642820422413 ),
 .UNSPECIFIED. ) ;
#604 = ORIENTED_EDGE ( 'NONE', *, *, #1531, .T. ) ;
#605 = FACE_OUTER_BOUND ( 'NONE', #3361, .T. ) ;
#606 = ADVANCED_FACE ( 'NONE', ( #4671 ), #5302, .F. ) ;
#607 = VERTEX_POINT ( 'NONE', #5214 ) ;
#608 = ORIENTED_EDGE ( 'NONE', *, *, #3009, .F. ) ;
#609 = CARTESIAN_POINT ( 'NONE',  ( 968.2424519787780355, -32.77510829264973324, 65.22895867634944977 ) ) ;
#610 = CARTESIAN_POINT ( 'NONE',  ( 967.7932074315652926, -52.84326640390078467, -50.36584764746685039 ) ) ;
#611 = LINE ( 'NONE', #7427, #2505 ) ;
#612 = CARTESIAN_POINT ( 'NONE',  ( 975.4630272440170984, 22.17684843932683947, 69.54989139674555076 ) ) ;
#613 = CARTESIAN_POINT ( 'NONE',  ( 975.9411352989147872, -108.7517213576264510, 66.55309250074834893 ) ) ;
#614 = FACE_OUTER_BOUND ( 'NONE', #1564, .T. ) ;
#615 = FACE_BOUND ( 'NONE', #2879, .T. ) ;
#616 = EDGE_LOOP ( 'NONE', ( #7606, #5872, #2909, #152 ) ) ;
#617 = CIRCLE ( 'NONE', #3196, 147.6627378425959591 ) ;
#618 = ORIENTED_EDGE ( 'NONE', *, *, #2637, .F. ) ;
#619 = FACE_OUTER_BOUND ( 'NONE', #3168, .T. ) ;
#620 = CARTESIAN_POINT ( 'NONE',  ( 976.9470595414688887, -127.0571346497963390, -10.61828300590506124 ) ) ;
#621 = CARTESIAN_POINT ( 'NONE',  ( 970.2932074315650652, -32.40382364169406060, -65.41400624788195728 ) ) ;
#622 = CARTESIAN_POINT ( 'NONE',  ( 977.7932074315651789, 0.000000000000000000, 0.000000000000000000 ) ) ;
#623 = AXIS2_PLACEMENT_3D ( 'NONE', #3680, #2290, #945 ) ;
#624 = CARTESIAN_POINT ( 'NONE',  ( 976.4798883673448699, -72.17572457704774536, 10.93945137467908779 ) ) ;
#625 = B_SPLINE_CURVE_WITH_KNOTS ( 'NONE', 3,
 ( #654, #2106, #8149, #2056, #8200, #1910, #1240, #2590, #2627, #7463, #7415, #7369, #1333, #5506, #3451, #6699 ),
 .UNSPECIFIED., .F., .F.,
 ( 4, 2, 2, 2, 2, 2, 2, 4 ),
 ( 0.000000000000000000, 0.0004891428882835913497, 0.0009782857765671826994, 0.001467428664850774049, 0.001956571553134365399, 0.002445714441417956748, 0.002934857329701548098, 0.003913143106268732532 ),
 .UNSPECIFIED. ) ;
#626 = CARTESIAN_POINT ( 'NONE',  ( 1042.912997761359293, -74.94277380392607313, -103.1495547958086689 ) ) ;
#627 = DIRECTION ( 'NONE',  ( 0.000000000000000000, 0.000000000000000000, -1.000000000000000000 ) ) ;
#628 = CARTESIAN_POINT ( 'NONE',  ( 976.5738051988838606, -69.66086411148245361, 21.82598793573282947 ) ) ;
#629 = AXIS2_PLACEMENT_3D ( 'NONE', #4025, #6121, #8881 ) ;
#630 = CARTESIAN_POINT ( 'NONE',  ( 969.1008202615156506, -10.94278251860435880, -72.17522118456888336 ) ) ;
#631 = AXIS2_PLACEMENT_3D ( 'NONE', #7751, #1487, #5031 ) ;
#632 = ORIENTED_EDGE ( 'NONE', *, *, #7196, .F. ) ;
#633 = EDGE_CURVE ( 'NONE', #7281, #7245, #7004, .T. ) ;
#634 = CARTESIAN_POINT ( 'NONE',  ( 975.2932074315651789, 39.39948558418090130, -121.2597647024844321 ) ) ;
#635 = CARTESIAN_POINT ( 'NONE',  ( 968.1111217781452751, 41.48495958684768681, 60.06678548161844589 ) ) ;
#636 = AXIS2_PLACEMENT_3D ( 'NONE', #6880, #6915, #8325 ) ;
#637 = DIRECTION ( 'NONE',  ( -1.000000000000000000, -0.000000000000000000, -0.000000000000000000 ) ) ;
#638 = AXIS2_PLACEMENT_3D ( 'NONE', #2289, #4904, #8396 ) ;
#639 = CARTESIAN_POINT ( 'NONE',  ( 1036.782757869134684, 127.4999999998575078, -0.0001905234625065865828 ) ) ;
#640 = CARTESIAN_POINT ( 'NONE',  ( 967.7932074315651789, -70.30567120120360869, 19.64974801233369917 ) ) ;
#641 = CARTESIAN_POINT ( 'NONE',  ( 977.2998916257681685, 72.98552712481813387, 1.460509652289279314 ) ) ;
#642 = CARTESIAN_POINT ( 'NONE',  ( 975.2932074315651789, -42.58353461763771719, -59.29285437106591417 ) ) ;
#643 = EDGE_LOOP ( 'NONE', ( #3957, #5580, #2267, #7957 ) ) ;
#644 = ORIENTED_EDGE ( 'NONE', *, *, #2561, .T. ) ;
#645 = CARTESIAN_POINT ( 'NONE',  ( 977.7932074315651789, -72.93677279940575886, -3.037626311422208403 ) ) ;
#646 = CIRCLE ( 'NONE', #6808, 127.4999999999998863 ) ;
#647 = AXIS2_PLACEMENT_3D ( 'NONE', #213, #6989, #1619 ) ;
#648 = DIRECTION ( 'NONE',  ( 0.000000000000000000, 0.000000000000000000, -1.000000000000000000 ) ) ;
#649 = CARTESIAN_POINT ( 'NONE',  ( 967.8724445145011259, -65.02729196787377930, -109.6709939127644304 ) ) ;
#650 = EDGE_CURVE ( 'NONE', #8785, #1433, #6770, .T. ) ;
#651 = DIRECTION ( 'NONE',  ( 0.000000000000000000, 0.000000000000000000, 1.000000000000000000 ) ) ;
#652 = CARTESIAN_POINT ( 'NONE',  ( 977.7932074315651789, 0.000000000000000000, 0.000000000000000000 ) ) ;
#653 = EDGE_CURVE ( 'NONE', #350, #8628, #3518, .T. ) ;
#654 = CARTESIAN_POINT ( 'NONE',  ( 967.7932074315651789, -84.69423573765834590, 95.30549004550525183 ) ) ;
#655 = CARTESIAN_POINT ( 'NONE',  ( 968.0467338867611033, 127.4924984297261830, -1.391197850627427846 ) ) ;
#656 = CARTESIAN_POINT ( 'NONE',  ( 977.7776520252658656, 45.06454643930326398, -57.43007642098653776 ) ) ;
#657 = VERTEX_POINT ( 'NONE', #2756 ) ;
#658 = CARTESIAN_POINT ( 'NONE',  ( 975.2932074315651789, 72.22574908703222718, -10.60382802656725865 ) ) ;
#659 = EDGE_LOOP ( 'NONE', ( #2530, #7059 ) ) ;
#660 = ORIENTED_EDGE ( 'NONE', *, *, #1197, .T. ) ;
#661 = CARTESIAN_POINT ( 'NONE',  ( 970.2932074315650652, -33.87455307021119921, 64.66463217473207692 ) ) ;
#662 = CARTESIAN_POINT ( 'NONE',  ( 977.7932074315650652, -41.61390661516141876, -120.5178825943674212 ) ) ;
#663 = CARTESIAN_POINT ( 'NONE',  ( 977.3428997317971607, -51.90707954211273290, -51.32913368933149201 ) ) ;
#664 = EDGE_CURVE ( 'NONE', #1436, #3702, #7727, .T. ) ;
#665 = CARTESIAN_POINT ( 'NONE',  ( 967.7932074315651789, 72.93677279940563096, 3.037626311422187975 ) ) ;
#666 = FACE_BOUND ( 'NONE', #8228, .T. ) ;
#667 = CARTESIAN_POINT ( 'NONE',  ( 975.2932074315651789, -58.82184773064289374, -43.23181964193783955 ) ) ;
#668 = ORIENTED_EDGE ( 'NONE', *, *, #722, .T. ) ;
#669 = VERTEX_POINT ( 'NONE', #6242 ) ;
#670 = CARTESIAN_POINT ( 'NONE',  ( 968.1216482860448878, -96.13435859199306321, -83.75233535823669229 ) ) ;
#671 = CARTESIAN_POINT ( 'NONE',  ( 970.2932074315650652, 71.96753237915953605, 12.23414415701288682 ) ) ;
#672 = B_SPLINE_CURVE_WITH_KNOTS ( 'NONE', 3,
 ( #5320, #6649, #6694, #3347, #2620, #8729, #5406, #6835, #2051, #2586, #15, #692, #1905, #6746, #8047, #596, #1234, #8141 ),
 .UNSPECIFIED., .F., .F.,
 ( 4, 2, 2, 2, 2, 2, 2, 2, 4 ),
 ( 0.000000000000000000, 0.0005014719534716496939, 0.001002943906943299388, 0.001504415860414949190, 0.002005887813886598776, 0.002507359767358248361, 0.003008831720829898380, 0.003510303674301547966, 0.004011775627773197551 ),
 .UNSPECIFIED. ) ;
#673 = CARTESIAN_POINT ( 'NONE',  ( 968.7699766253856524, 39.88545675709860916, 121.1008197756085565 ) ) ;
#674 = CARTESIAN_POINT ( 'NONE',  ( 967.8701356896224297, -57.63385645882618036, -44.80363757302502137 ) ) ;
#675 = CARTESIAN_POINT ( 'NONE',  ( 1036.782757869134684, 10.00015816147009673, -127.1072257456103927 ) ) ;
#676 = FACE_OUTER_BOUND ( 'NONE', #2870, .T. ) ;
#677 = CARTESIAN_POINT ( 'NONE',  ( 977.2455835626558383, 65.15964571091556934, 32.91261614497481247 ) ) ;
#678 = CARTESIAN_POINT ( 'NONE',  ( 976.8184840389474175, 96.61931592023113069, 83.19234399536246372 ) ) ;
#679 = DIRECTION ( 'NONE',  ( 1.000000000000000000, 0.000000000000000000, 0.000000000000000000 ) ) ;
#680 = ORIENTED_EDGE ( 'NONE', *, *, #2970, .T. ) ;
#681 = CARTESIAN_POINT ( 'NONE',  ( 977.4756012051087737, -44.30796086294003544, 58.01572943866318610 ) ) ;
#682 = DIRECTION ( 'NONE',  ( -1.000000000000000000, -0.000000000000000000, -0.000000000000000000 ) ) ;
#683 = CARTESIAN_POINT ( 'NONE',  ( 968.4107331596587755, -103.6453157961583713, -74.25571890617479198 ) ) ;
#684 = CARTESIAN_POINT ( 'NONE',  ( 968.9537006561653243, 51.34807537875999373, 51.88823134623737587 ) ) ;
#685 = CARTESIAN_POINT ( 'NONE',  ( 976.9470595414692298, 10.61828300590461716, -127.0571346497963390 ) ) ;
#686 = CARTESIAN_POINT ( 'NONE',  ( 977.7167836271273700, 72.96161036530060073, 2.372854062628409810 ) ) ;
#687 = CARTESIAN_POINT ( 'NONE',  ( 969.0366317484428009, -108.8837962221940927, 66.33684768678853061 ) ) ;
#688 = AXIS2_PLACEMENT_3D ( 'NONE', #7458, #1956, #7409 ) ;
#689 = ADVANCED_FACE ( 'NONE', ( #1356 ), #6101, .F. ) ;
#690 = ORIENTED_EDGE ( 'NONE', *, *, #7222, .T. ) ;
#691 = ORIENTED_EDGE ( 'NONE', *, *, #4936, .F. ) ;
#692 = CARTESIAN_POINT ( 'NONE',  ( 968.1111217781452751, -68.86840797542851078, -24.21080281500571729 ) ) ;
#693 = CARTESIAN_POINT ( 'NONE',  ( 975.2932074315651789, 117.7959364952307624, 48.78900844669363579 ) ) ;
#694 = AXIS2_PLACEMENT_3D ( 'NONE', #7660, #1532, #4258 ) ;
#695 = CIRCLE ( 'NONE', #3575, 160.1627378425955612 ) ;
#696 = CARTESIAN_POINT ( 'NONE',  ( 967.7932074315651789, -126.8857838248237044, -12.49991452610974285 ) ) ;
#697 = CARTESIAN_POINT ( 'NONE',  ( 969.9570765531303778, -0.4188215837706827371, 72.99880714067776921 ) ) ;
#698 = DIRECTION ( 'NONE',  ( -1.000000000000000000, -0.000000000000000000, -0.000000000000000000 ) ) ;
#699 = CARTESIAN_POINT ( 'NONE',  ( 968.0784268819824092, -65.36968526754556308, -32.49352276405033280 ) ) ;
#700 = DIRECTION ( 'NONE',  ( -1.000000000000000000, -0.000000000000000000, -0.000000000000000000 ) ) ;
#701 = CARTESIAN_POINT ( 'NONE',  ( 975.2932074315651789, 22.93895319245790532, -69.30226855186060675 ) ) ;
#702 = CARTESIAN_POINT ( 'NONE',  ( 977.2998916257679412, 44.08139360391091088, -58.18806575294522077 ) ) ;
#703 = ADVANCED_FACE ( 'NONE', ( #676 ), #6444, .F. ) ;
#704 = AXIS2_PLACEMENT_3D ( 'NONE', #4329, #922, #1725 ) ;
#705 = ORIENTED_EDGE ( 'NONE', *, *, #7924, .T. ) ;
#706 = AXIS2_PLACEMENT_3D ( 'NONE', #2762, #2091, #1457 ) ;
#707 = VECTOR ( 'NONE', #6588, 1000.000000000000000 ) ;
#708 = ORIENTED_EDGE ( 'NONE', *, *, #2679, .T. ) ;
#709 = ORIENTED_EDGE ( 'NONE', *, *, #4075, .F. ) ;
#710 = DIRECTION ( 'NONE',  ( 0.000000000000000000, 0.000000000000000000, 1.000000000000000000 ) ) ;
#711 = CARTESIAN_POINT ( 'NONE',  ( 975.9514122167594223, 0.06653275332255502439, 127.5000437372089408 ) ) ;
#712 = CIRCLE ( 'NONE', #6720, 157.6627378425955328 ) ;
#713 = CARTESIAN_POINT ( 'NONE',  ( 977.7932074315651789, -189.6788945569601879, 44.71118576450717796 ) ) ;
#714 = CIRCLE ( 'NONE', #1846, 147.6627378425959591 ) ;
#715 = CARTESIAN_POINT ( 'NONE',  ( 977.7932074315651789, 0.000000000000000000, 0.000000000000000000 ) ) ;
#716 = DIRECTION ( 'NONE',  ( -1.000000000000000000, -0.000000000000000000, -0.000000000000000000 ) ) ;
#717 = FACE_BOUND ( 'NONE', #4265, .T. ) ;
#718 = FACE_BOUND ( 'NONE', #5101, .T. ) ;
#719 = ORIENTED_EDGE ( 'NONE', *, *, #1261, .F. ) ;
#720 = VERTEX_POINT ( 'NONE', #8178 ) ;
#721 = TOROIDAL_SURFACE ( 'NONE', #5731, 145.1627378425959591, 2.500000000000000000 ) ;
#722 = EDGE_CURVE ( 'NONE', #5426, #7018, #5983, .T. ) ;
#723 = DIRECTION ( 'NONE',  ( 0.000000000000000000, 8.928385461386591802E-16, -1.000000000000000000 ) ) ;
#724 = CARTESIAN_POINT ( 'NONE',  ( 976.9464254848242035, 127.4985554287964504, -0.6177858263669536720 ) ) ;
#725 = FACE_OUTER_BOUND ( 'NONE', #287, .T. ) ;
#726 = DIRECTION ( 'NONE',  ( 0.000000000000000000, 0.000000000000000000, 1.000000000000000000 ) ) ;
#727 = DIRECTION ( 'NONE',  ( 0.000000000000000000, 0.000000000000000000, 1.000000000000000000 ) ) ;
#728 = CARTESIAN_POINT ( 'NONE',  ( 975.2932074315651789, 96.95396024814812108, 82.80205065214565252 ) ) ;
#729 = EDGE_LOOP ( 'NONE', ( #2491, #3235, #708, #3665 ) ) ;
#730 = B_SPLINE_CURVE_WITH_KNOTS ( 'NONE', 3,
 ( #6390, #7690, #2182, #7642, #1604, #5056, #1560, #4287, #236, #5761, #6928, #787, #2992, #7777, #1645, #3701 ),
 .UNSPECIFIED., .F., .F.,
 ( 4, 2, 2, 2, 2, 2, 2, 4 ),
 ( 0.000000000000000000, 0.001060870709216555708, 0.001591306063824891133, 0.002121741418433226341, 0.002652176773041561766, 0.003182612127649897191, 0.003713047482258232616, 0.004243482836866568041 ),
 .UNSPECIFIED. ) ;
#731 = CARTESIAN_POINT ( 'NONE',  ( 968.0467338867611033, -120.8226676319586090, 40.72045645140268988 ) ) ;
#732 = CARTESIAN_POINT ( 'NONE',  ( 977.1768636741707041, 74.25462401790527167, -103.6461003015389366 ) ) ;
#733 = CARTESIAN_POINT ( 'NONE',  ( 967.7932074315651789, 0.000000000000000000, 127.4999999999997868 ) ) ;
#734 = CARTESIAN_POINT ( 'NONE',  ( 968.0090611264092786, 52.24643779185331738, 50.98370860737883703 ) ) ;
#735 = DIRECTION ( 'NONE',  ( -1.000000000000000000, -0.000000000000000000, -0.000000000000000000 ) ) ;
#736 = CARTESIAN_POINT ( 'NONE',  ( 967.8087372738299337, -19.97392238936561171, -70.21445559480726217 ) ) ;
#737 = ORIENTED_EDGE ( 'NONE', *, *, #4426, .F. ) ;
#738 = CARTESIAN_POINT ( 'NONE',  ( 977.2823495132336120, -74.15002083735724625, 103.7209856344879313 ) ) ;
#739 = CARTESIAN_POINT ( 'NONE',  ( 967.7932074315651789, -116.8128655150149626, -51.09798870964467454 ) ) ;
#740 = DIRECTION ( 'NONE',  ( 0.000000000000000000, 0.000000000000000000, 1.000000000000000000 ) ) ;
#741 = CARTESIAN_POINT ( 'NONE',  ( 977.7406944467917356, 50.61872312913560990, -52.60096756512987781 ) ) ;
#742 = CARTESIAN_POINT ( 'NONE',  ( 967.7932074315651789, -65.97481553911622143, -31.24617919969659852 ) ) ;
#743 = DIRECTION ( 'NONE',  ( 1.000000000000000000, 0.000000000000000000, 0.000000000000000000 ) ) ;
#744 = CARTESIAN_POINT ( 'NONE',  ( 975.2932074315651789, 189.6788945569598468, -44.71118576450859905 ) ) ;
#745 = CARTESIAN_POINT ( 'NONE',  ( 970.1122724273468521, -71.96753237915959289, -12.23414415701347480 ) ) ;
#746 = ORIENTED_EDGE ( 'NONE', *, *, #4323, .T. ) ;
#747 = EDGE_CURVE ( 'NONE', #1857, #3587, #3863, .T. ) ;
#748 = EDGE_LOOP ( 'NONE', ( #4319, #3757, #4760, #719 ) ) ;
#749 = ORIENTED_EDGE ( 'NONE', *, *, #4821, .T. ) ;
#750 = CARTESIAN_POINT ( 'NONE',  ( 967.7932074315651789, -71.74079029596693147, 13.50033361476887883 ) ) ;
#751 = CARTESIAN_POINT ( 'NONE',  ( 970.1235730824608936, -42.58353461763771719, -59.29285437106592838 ) ) ;
#752 = EDGE_CURVE ( 'NONE', #5734, #7396, #5485, .T. ) ;
#753 = CARTESIAN_POINT ( 'NONE',  ( 977.7406944467918493, 34.38444728578429022, 64.39585937669484395 ) ) ;
#754 = CARTESIAN_POINT ( 'NONE',  ( 968.3072454628945707, -75.72748327126252832, -102.5749331527567563 ) ) ;
#755 = CARTESIAN_POINT ( 'NONE',  ( 970.1122724273470794, 72.22574908703241192, -10.60382802656716983 ) ) ;
#756 = VERTEX_POINT ( 'NONE', #3999 ) ;
#757 = ORIENTED_EDGE ( 'NONE', *, *, #7814, .F. ) ;
#758 = CARTESIAN_POINT ( 'NONE',  ( 970.2932074315650652, -96.95396024814752423, -82.80205065214637727 ) ) ;
#759 = CARTESIAN_POINT ( 'NONE',  ( 967.8459545321665018, 72.30805027434148258, 10.03299988656652886 ) ) ;
#760 = B_SPLINE_CURVE_WITH_KNOTS ( 'NONE', 3,
 ( #5378, #4082, #4852, #1342, #8209, #7524, #7379, #1252, #3982, #1302, #6131, #6758, #6711, #8894, #29, #4128 ),
 .UNSPECIFIED., .F., .F.,
 ( 4, 2, 2, 2, 2, 2, 2, 4 ),
 ( 0.000000000000000000, 0.0005326074553525448870, 0.001065214910705089774, 0.001597822366057634553, 0.002130429821410179548, 0.002663037276762724760, 0.003195644732115269105, 0.004260859642820345218 ),
 .UNSPECIFIED. ) ;
#761 = EDGE_CURVE ( 'NONE', #1024, #2659, #6198, .T. ) ;
#762 = CARTESIAN_POINT ( 'NONE',  ( 968.1216482860448878, 83.75233535823703335, -96.13435859199279321 ) ) ;
#763 = EDGE_CURVE ( 'NONE', #1209, #4898, #5301, .T. ) ;
#764 = CIRCLE ( 'NONE', #6917, 157.6627378425955328 ) ;
#765 = CARTESIAN_POINT ( 'NONE',  ( 976.9470595414692298, 124.1197457503868833, -29.16422661874104350 ) ) ;
#766 = CARTESIAN_POINT ( 'NONE',  ( 967.7932074315651789, -2.170062276053648542, -127.4819588228123024 ) ) ;
#767 = CARTESIAN_POINT ( 'NONE',  ( 975.6498138585349125, 33.85481671892778621, -64.67498171265725659 ) ) ;
#768 = ORIENTED_EDGE ( 'NONE', *, *, #8728, .T. ) ;
#769 = AXIS2_PLACEMENT_3D ( 'NONE', #6512, #1175, #3871 ) ;
#770 = CARTESIAN_POINT ( 'NONE',  ( 977.7932074315651789, -64.05771357844838576, 35.00870364782807087 ) ) ;
#771 = CARTESIAN_POINT ( 'NONE',  ( 970.1281350223662230, -103.1497787695724355, -74.94246553048699866 ) ) ;
#772 = EDGE_CURVE ( 'NONE', #5219, #5416, #7442, .T. ) ;
#773 = CARTESIAN_POINT ( 'NONE',  ( 968.3375251523922316, 51.80343155586197668, 51.43368601339505375 ) ) ;
#774 = CARTESIAN_POINT ( 'NONE',  ( 967.8724445145011259, 95.73483067211017783, 84.20877509304541775 ) ) ;
#775 = AXIS2_PLACEMENT_3D ( 'NONE', #5857, #1063, #512 ) ;
#776 = CARTESIAN_POINT ( 'NONE',  ( 976.1207935749461058, 72.99800401203883382, 0.5442190424585507946 ) ) ;
#777 = VECTOR ( 'NONE', #4720, 1000.000000000000000 ) ;
#778 = ORIENTED_EDGE ( 'NONE', *, *, #203, .T. ) ;
#779 = CARTESIAN_POINT ( 'NONE',  ( 968.4077548216921514, -65.89265104539443030, -109.1532041003556799 ) ) ;
#780 = AXIS2_PLACEMENT_3D ( 'NONE', #1724, #2438, #5183 ) ;
#781 = TOROIDAL_SURFACE ( 'NONE', #4816, 160.1627378425955612, 2.500000000000000000 ) ;
#782 = DIRECTION ( 'NONE',  ( -1.000000000000000000, -0.000000000000000000, -0.000000000000000000 ) ) ;
#783 = CARTESIAN_POINT ( 'NONE',  ( 976.6287946620489038, 51.89028826434462616, -51.34599695262149766 ) ) ;
#784 = CARTESIAN_POINT ( 'NONE',  ( 967.8595308706295555, 73.44476691734520557, -104.2219101806824000 ) ) ;
#785 = CARTESIAN_POINT ( 'NONE',  ( 970.2932074315650652, -75.31834776957833810, 19.57128693312565204 ) ) ;
#786 = CARTESIAN_POINT ( 'NONE',  ( 967.9165188163373159, 57.73433002227746158, 44.67405905885180317 ) ) ;
#787 = CARTESIAN_POINT ( 'NONE',  ( 969.4197070095235631, 52.07672817694577105, -51.15683165204250571 ) ) ;
#788 = CARTESIAN_POINT ( 'NONE',  ( 1001.793207431565179, 0.000000000000000000, 70.49999999999987210 ) ) ;
#789 = ORIENTED_EDGE ( 'NONE', *, *, #7886, .F. ) ;
#790 = AXIS2_PLACEMENT_3D ( 'NONE', #4481, #6411, #1074 ) ;
#791 = VECTOR ( 'NONE', #164, 1000.000000000000000 ) ;
#792 = ORIENTED_EDGE ( 'NONE', *, *, #2944, .F. ) ;
#793 = ORIENTED_EDGE ( 'NONE', *, *, #3823, .F. ) ;
#794 = FACE_OUTER_BOUND ( 'NONE', #2738, .T. ) ;
#795 = CARTESIAN_POINT ( 'NONE',  ( 970.2932074315650652, 10.60382802656801360, 72.22574908703211349 ) ) ;
#796 = CARTESIAN_POINT ( 'NONE',  ( 969.4678067838158313, -59.37602108402281686, 42.46755101860829740 ) ) ;
#797 = AXIS2_PLACEMENT_3D ( 'NONE', #1404, #2754, #6007 ) ;
#798 = CARTESIAN_POINT ( 'NONE',  ( 977.2807874479377688, -28.81578755823265325, -124.2011239235132081 ) ) ;
#799 = CARTESIAN_POINT ( 'NONE',  ( 968.7637114205684838, -117.5970481387124806, -49.26654757376255844 ) ) ;
#800 = ORIENTED_EDGE ( 'NONE', *, *, #2559, .T. ) ;
#801 = B_SPLINE_CURVE_WITH_KNOTS ( 'NONE', 3,
 ( #1735, #5110, #3713, #6443, #7831, #7154, #4558, #294, #1021, #5811, #3754, #4471, #6479, #335, #7287, #6399 ),
 .UNSPECIFIED., .F., .F.,
 ( 4, 2, 2, 2, 2, 2, 2, 4 ),
 ( 0.000000000000000000, 0.0004881885400330879862, 0.0009763770800661759723, 0.001464565620099263958, 0.001952754160132351945, 0.002440942700165439714, 0.002929131240198527917, 0.003905508320265007466 ),
 .UNSPECIFIED. ) ;
#802 = ORIENTED_EDGE ( 'NONE', *, *, #7220, .T. ) ;
#803 = EDGE_CURVE ( 'NONE', #7195, #1816, #5024, .T. ) ;
#804 = DIRECTION ( 'NONE',  ( 0.000000000000000000, 0.000000000000000000, 1.000000000000000000 ) ) ;
#805 = CARTESIAN_POINT ( 'NONE',  ( 977.2823495132339531, -103.7209856344876329, -74.15002083735770100 ) ) ;
#806 = FACE_OUTER_BOUND ( 'NONE', #5902, .T. ) ;
#807 = CARTESIAN_POINT ( 'NONE',  ( 975.4586042561197701, 66.62145485401424594, 108.7098512239554111 ) ) ;
#808 = CARTESIAN_POINT ( 'NONE',  ( 969.0172219968214904, 43.52543918245442001, -58.60499929313974121 ) ) ;
#809 = ORIENTED_EDGE ( 'NONE', *, *, #7604, .T. ) ;
#810 = CARTESIAN_POINT ( 'NONE',  ( 975.4630272440168710, -69.54989139674562182, 22.17684843932665117 ) ) ;
#811 = ADVANCED_FACE ( 'NONE', ( #5529 ), #721, .F. ) ;
#812 = EDGE_CURVE ( 'NONE', #4310, #2541, #2882, .T. ) ;
#813 = CARTESIAN_POINT ( 'NONE',  ( 970.1122724273471931, -12.23414415701327052, 71.96753237915963552 ) ) ;
#814 = ORIENTED_EDGE ( 'NONE', *, *, #6938, .F. ) ;
#815 = EDGE_CURVE ( 'NONE', #5488, #439, #4185, .T. ) ;
#816 = CARTESIAN_POINT ( 'NONE',  ( 968.1244542515912599, -120.8690166593638082, 40.58262492360841378 ) ) ;
#817 = CARTESIAN_POINT ( 'NONE',  ( 969.6464772890310542, -103.1965611159937595, -74.87803936872902000 ) ) ;
#818 = CARTESIAN_POINT ( 'NONE',  ( 968.4107331596591166, -74.25571890617437987, 103.6453157961586840 ) ) ;
#819 = CARTESIAN_POINT ( 'NONE',  ( 967.8093088641630857, 95.52315510962640133, 84.44881552982833739 ) ) ;
#820 = CARTESIAN_POINT ( 'NONE',  ( 967.8701356896224297, -20.29185191207563221, -70.12323506563251385 ) ) ;
#821 = VERTEX_POINT ( 'NONE', #6907 ) ;
#822 = EDGE_CURVE ( 'NONE', #1744, #8377, #8309, .T. ) ;
#823 = DIRECTION ( 'NONE',  ( 0.000000000000000000, 0.000000000000000000, 1.000000000000000000 ) ) ;
#824 = DIRECTION ( 'NONE',  ( 0.000000000000000000, 0.000000000000000000, -1.000000000000000000 ) ) ;
#825 = CARTESIAN_POINT ( 'NONE',  ( 975.9951027213826364, 52.12292228951152850, -51.10971381847377870 ) ) ;
#826 = DIRECTION ( 'NONE',  ( 0.000000000000000000, -1.598721155460225418E-14, 1.000000000000000000 ) ) ;
#827 = CIRCLE ( 'NONE', #8288, 127.4999999999998863 ) ;
#828 = CARTESIAN_POINT ( 'NONE',  ( 976.8184840389475312, 29.26743566023236198, 124.0954290786341687 ) ) ;
#829 = CARTESIAN_POINT ( 'NONE',  ( 970.2932074315650652, -147.6625660138615217, -127.1728735659483362 ) ) ;
#830 = DIRECTION ( 'NONE',  ( 0.000000000000000000, 0.000000000000000000, -1.000000000000000000 ) ) ;
#831 = ORIENTED_EDGE ( 'NONE', *, *, #2847, .T. ) ;
#832 = B_SPLINE_CURVE_WITH_KNOTS ( 'NONE', 3,
 ( #2480, #5220, #1890, #4627, #3958, #8081, #1944, #4008, #1271, #3337, #6058, #8812, #5397, #3480, #6876, #1497 ),
 .UNSPECIFIED., .F., .F.,
 ( 4, 2, 2, 2, 2, 2, 2, 4 ),
 ( 0.000000000000000000, 0.001060870709216574356, 0.001591306063824903059, 0.002121741418433231979, 0.002652176773041561332, 0.003182612127649889818, 0.003713047482258218304, 0.004243482836866547224 ),
 .UNSPECIFIED. ) ;
#833 = VERTEX_POINT ( 'NONE', #6951 ) ;
#834 = ORIENTED_EDGE ( 'NONE', *, *, #943, .F. ) ;
#835 = CARTESIAN_POINT ( 'NONE',  ( 975.9622145319366382, 69.27374379157210171, 23.02498038019124138 ) ) ;
#836 = AXIS2_PLACEMENT_3D ( 'NONE', #7376, #7522, #6896 ) ;
#837 = CARTESIAN_POINT ( 'NONE',  ( 968.1111217781452751, -41.48495958684726048, -60.06678548161875852 ) ) ;
#838 = B_SPLINE_CURVE_WITH_KNOTS ( 'NONE', 3,
 ( #5548, #8105, #1431, #2013, #4122, #8150, #2778, #2108, #7464, #3495, #1964, #5413, #8836, #602, #745, #3313 ),
 .UNSPECIFIED., .F., .F.,
 ( 4, 2, 2, 2, 2, 2, 2, 4 ),
 ( 0.000000000000000000, 0.001060870709216557659, 0.001591306063824889181, 0.002121741418433220703, 0.002652176773041552225, 0.003182612127649884180, 0.003713047482258215702, 0.004243482836866547224 ),
 .UNSPECIFIED. ) ;
#839 = FACE_OUTER_BOUND ( 'NONE', #8596, .T. ) ;
#840 = DIRECTION ( 'NONE',  ( 1.000000000000000000, 0.000000000000000000, 0.000000000000000000 ) ) ;
#841 = DIRECTION ( 'NONE',  ( 0.000000000000000000, 0.000000000000000000, 1.000000000000000000 ) ) ;
#842 = AXIS2_PLACEMENT_3D ( 'NONE', #5802, #3830, #7054 ) ;
#843 = AXIS2_PLACEMENT_3D ( 'NONE', #38, #7532, #8393 ) ;
#844 = CIRCLE ( 'NONE', #5851, 147.6627378425959307 ) ;
#845 = ORIENTED_EDGE ( 'NONE', *, *, #2878, .F. ) ;
#846 = EDGE_LOOP ( 'NONE', ( #6833, #7433, #5326, #5478 ) ) ;
#847 = DIRECTION ( 'NONE',  ( -0.000000000000000000, 0.000000000000000000, 1.000000000000000000 ) ) ;
#848 = CARTESIAN_POINT ( 'NONE',  ( 969.5872790110975075, 71.98594157152105311, 12.12543267445306228 ) ) ;
#849 = VECTOR ( 'NONE', #98, 1000.000000000000000 ) ;
#850 = TOROIDAL_SURFACE ( 'NONE', #2564, 160.1627378425955612, 2.500000000000000000 ) ;
#851 = B_SPLINE_CURVE_WITH_KNOTS ( 'NONE', 3,
 ( #6211, #2174, #4066, #8196, #2724, #8874, #4915, #6069, #4788, #7552, #1421, #3348, #58, #1289, #6790, #4162 ),
 .UNSPECIFIED., .F., .F.,
 ( 4, 2, 2, 2, 2, 2, 2, 4 ),
 ( 0.000000000000000000, 0.0004891407059790171038, 0.0009782814119580342076, 0.001467422117937051311, 0.001956562823916068415, 0.002445703529895085736, 0.002934844235874102623, 0.003913125647832082186 ),
 .UNSPECIFIED. ) ;
#852 = DIRECTION ( 'NONE',  ( -1.000000000000000000, -0.000000000000000000, -0.000000000000000000 ) ) ;
#853 = CARTESIAN_POINT ( 'NONE',  ( 970.2932074315650652, -127.1728735659488621, 147.6625660138610669 ) ) ;
#854 = EDGE_CURVE ( 'NONE', #7396, #1587, #4279, .T. ) ;
#855 = DIRECTION ( 'NONE',  ( 0.000000000000000000, 0.000000000000000000, -1.000000000000000000 ) ) ;
#856 = DIRECTION ( 'NONE',  ( 1.000000000000000000, 0.000000000000000000, 0.000000000000000000 ) ) ;
#857 = TOROIDAL_SURFACE ( 'NONE', #4295, 145.1627378425959591, 2.500000000000000000 ) ;
#858 = VERTEX_POINT ( 'NONE', #2291 ) ;
#859 = CARTESIAN_POINT ( 'NONE',  ( 977.7932074315651789, 95.30549004550563552, 84.69423573765806168 ) ) ;
#860 = ORIENTED_EDGE ( 'NONE', *, *, #653, .T. ) ;
#861 = CARTESIAN_POINT ( 'NONE',  ( 975.4630272440172121, -72.99890046992463510, -0.4006621794153591432 ) ) ;
#862 = VERTEX_POINT ( 'NONE', #5608 ) ;
#863 = ADVANCED_FACE ( 'NONE', ( #989 ), #400, .F. ) ;
#864 = EDGE_CURVE ( 'NONE', #8275, #3102, #1580, .T. ) ;
#865 = EDGE_CURVE ( 'NONE', #4877, #7206, #1432, .T. ) ;
#866 = CARTESIAN_POINT ( 'NONE',  ( 1007.993207431565224, 0.000000000000000000, 30.99999999999991473 ) ) ;
#867 = CARTESIAN_POINT ( 'NONE',  ( 976.4259520426954850, 23.20613250592769461, -69.21329480833244929 ) ) ;
#868 = CARTESIAN_POINT ( 'NONE',  ( 970.1281350223661093, 39.39948558418085156, -121.2597647024844605 ) ) ;
#869 = CARTESIAN_POINT ( 'NONE',  ( 969.0366317484430283, 96.73703470771633306, 83.05543062759085160 ) ) ;
#870 = ORIENTED_EDGE ( 'NONE', *, *, #3335, .T. ) ;
#871 = ORIENTED_EDGE ( 'NONE', *, *, #6544, .F. ) ;
#872 = ADVANCED_FACE ( 'NONE', ( #2967 ), #2414, .F. ) ;
#873 = CARTESIAN_POINT ( 'NONE',  ( 970.2932074315650652, 101.1368664649727265, 166.5788324321699747 ) ) ;
#874 = FACE_OUTER_BOUND ( 'NONE', #5028, .T. ) ;
#875 = CARTESIAN_POINT ( 'NONE',  ( 969.4877991597930986, 74.83918228303282660, -103.2247582879286938 ) ) ;
#876 = CARTESIAN_POINT ( 'NONE',  ( 970.2932074315650652, -75.31834776957833810, 179.7340247757211955 ) ) ;
#877 = CARTESIAN_POINT ( 'NONE',  ( 968.7444331958880639, 58.48674571970644820, 43.68421194542537478 ) ) ;
#878 = EDGE_CURVE ( 'NONE', #8688, #4673, #4658, .T. ) ;
#879 = CARTESIAN_POINT ( 'NONE',  ( 975.2932074315651789, -127.1728735659488621, 147.6625660138610669 ) ) ;
#880 = ORIENTED_EDGE ( 'NONE', *, *, #6459, .T. ) ;
#881 = ORIENTED_EDGE ( 'NONE', *, *, #8343, .F. ) ;
#882 = ORIENTED_EDGE ( 'NONE', *, *, #5377, .F. ) ;
#883 = CARTESIAN_POINT ( 'NONE',  ( 977.2998916257679412, 68.96203886428926921, 23.94279544690325423 ) ) ;
#884 = CARTESIAN_POINT ( 'NONE',  ( 975.2932074315651789, 75.31834776957963129, -179.7340247757206839 ) ) ;
#885 = CARTESIAN_POINT ( 'NONE',  ( 976.4798883673446426, 32.70756199021661104, 65.26271679341088827 ) ) ;
#886 = CARTESIAN_POINT ( 'NONE',  ( 975.9951027213825228, -71.98571208494695384, -12.12679389731152213 ) ) ;
#887 = CARTESIAN_POINT ( 'NONE',  ( 975.2932074315651789, -51.03190722805661750, -52.19908471100782776 ) ) ;
#888 = CARTESIAN_POINT ( 'NONE',  ( 967.7932074315654063, -116.8791480028334036, -50.94646322828899088 ) ) ;
#889 = EDGE_CURVE ( 'NONE', #5357, #8090, #7108, .T. ) ;
#890 = PRODUCT ( 'Part1 Brake disc', 'Part1 Brake disc', '', ( #8803 ) ) ;
#891 = VERTEX_POINT ( 'NONE', #2202 ) ;
#892 = EDGE_LOOP ( 'NONE', ( #5974, #8553, #7913, #8093 ) ) ;
#893 = FACE_OUTER_BOUND ( 'NONE', #1014, .T. ) ;
#894 = CARTESIAN_POINT ( 'NONE',  ( 968.2424519787780355, -51.32783707037705767, 51.90836074538134426 ) ) ;
#895 = DIRECTION ( 'NONE',  ( 0.000000000000000000, 0.000000000000000000, 1.000000000000000000 ) ) ;
#896 = B_SPLINE_CURVE_WITH_KNOTS ( 'NONE', 3,
 ( #3459, #6181, #2594, #4654, #6708, #26, #8423, #883, #5020, #2235, #2829, #4381, #2319, #240, #835, #3623, #2953, #4336 ),
 .UNSPECIFIED., .F., .F.,
 ( 4, 2, 2, 2, 2, 2, 2, 2, 4 ),
 ( 0.000000000000000000, 0.0005014877766709409986, 0.001002975553341881997, 0.001504463330012822996, 0.002005951106683763994, 0.002507438883354705210, 0.003008926660025645992, 0.003510414436696586774, 0.004011902213367527989 ),
 .UNSPECIFIED. ) ;
#897 = LINE ( 'NONE', #8609, #7499 ) ;
#898 = DIRECTION ( 'NONE',  ( 0.000000000000000000, 0.000000000000000000, -1.000000000000000000 ) ) ;
#899 = CARTESIAN_POINT ( 'NONE',  ( 976.4030299189489597, 66.40421401815834201, 108.8427045688142840 ) ) ;
#900 = CARTESIAN_POINT ( 'NONE',  ( 0.000000000000000000, 0.000000000000000000, 72.99999999999981526 ) ) ;
#901 = EDGE_LOOP ( 'NONE', ( #6125, #2369 ) ) ;
#902 = ORIENTED_EDGE ( 'NONE', *, *, #6293, .T. ) ;
#903 = CARTESIAN_POINT ( 'NONE',  ( 976.8447230752968835, -72.99367504144049690, -0.9659927917764328242 ) ) ;
#904 = ORIENTED_EDGE ( 'NONE', *, *, #5160, .F. ) ;
#905 = CARTESIAN_POINT ( 'NONE',  ( 969.0416369157516101, 0.3298835427893433980, 127.4996054421149694 ) ) ;
#906 = CARTESIAN_POINT ( 'NONE',  ( 977.5402670494212316, -38.07325499985479667, 121.6827849378379938 ) ) ;
#907 = CARTESIAN_POINT ( 'NONE',  ( 968.6413363216277048, 38.81279713252732932, -121.4488783624925645 ) ) ;
#908 = CARTESIAN_POINT ( 'NONE',  ( 1036.782757869134684, -127.1072257456103642, -10.00015816147054082 ) ) ;
#909 = CIRCLE ( 'NONE', #1488, 157.6627378425955044 ) ;
#910 = B_SPLINE_CURVE_WITH_KNOTS ( 'NONE', 3,
 ( #2300, #4316, #6419, #952, #7126, #5293, #999, #6378, #8022, #3233, #3734, #3026, #6461, #7296, #3688, #7721 ),
 .UNSPECIFIED., .F., .F.,
 ( 4, 2, 2, 2, 2, 2, 2, 4 ),
 ( 0.000000000000000000, 0.0005326074553525428270, 0.001065214910705085654, 0.001597822366057628481, 0.002130429821410171308, 0.002663037276762714352, 0.003195644732115256962, 0.004260859642820342616 ),
 .UNSPECIFIED. ) ;
#911 = ORIENTED_EDGE ( 'NONE', *, *, #6310, .F. ) ;
#912 = EDGE_CURVE ( 'NONE', #4509, #6179, #4150, .T. ) ;
#913 = LINE ( 'NONE', #3032, #5439 ) ;
#914 = CARTESIAN_POINT ( 'NONE',  ( 968.1216482860448878, 49.94605374912720919, -117.3101031230548017 ) ) ;
#915 = CARTESIAN_POINT ( 'NONE',  ( 969.4197070095233357, -65.33624203887485749, 32.56044407756868253 ) ) ;
#916 = CIRCLE ( 'NONE', #2215, 127.4999999999997868 ) ;
#917 = B_SPLINE_CURVE_WITH_KNOTS ( 'NONE', 3,
 ( #7547, #8190, #4913, #686, #1461, #1502, #7631, #641, #4834, #4193, #2096, #3441, #55, #776, #8282, #6251, #5579, #4960 ),
 .UNSPECIFIED., .F., .F.,
 ( 4, 2, 2, 2, 2, 2, 2, 2, 4 ),
 ( 0.000000000000000000, 0.0005014877766709451186, 0.001002975553341890237, 0.001504463330012834705, 0.002005951106683779173, 0.002507438883354723858, 0.003008926660025668109, 0.003510414436696612361, 0.004011902213367556612 ),
 .UNSPECIFIED. ) ;
#918 = CARTESIAN_POINT ( 'NONE',  ( 970.1281350223662230, 74.94246553048735393, -103.1497787695721513 ) ) ;
#919 = DIRECTION ( 'NONE',  ( 0.000000000000000000, 0.000000000000000000, 1.000000000000000000 ) ) ;
#920 = CIRCLE ( 'NONE', #769, 157.6627378425955328 ) ;
#921 = DIRECTION ( 'NONE',  ( 0.000000000000000000, 0.000000000000000000, 1.000000000000000000 ) ) ;
#922 = DIRECTION ( 'NONE',  ( 1.000000000000000000, 0.000000000000000000, 0.000000000000000000 ) ) ;
#923 = ORIENTED_EDGE ( 'NONE', *, *, #1131, .F. ) ;
#924 = CARTESIAN_POINT ( 'NONE',  ( 970.2932074315650652, 117.7959364952307624, 48.78900844669363579 ) ) ;
#925 = ORIENTED_EDGE ( 'NONE', *, *, #4981, .F. ) ;
#926 = ORIENTED_EDGE ( 'NONE', *, *, #2847, .F. ) ;
#927 = ADVANCED_FACE ( 'NONE', ( #3599 ), #8652, .F. ) ;
#928 = AXIS2_PLACEMENT_3D ( 'NONE', #5929, #3873, #7182 ) ;
#929 = B_SPLINE_CURVE_WITH_KNOTS ( 'NONE', 3,
 ( #8866, #4779, #2662, #734, #91, #5538, #773, #6828, #6249, #684, #3439, #4404, #6336, #8489, #7085, #7763 ),
 .UNSPECIFIED., .F., .F.,
 ( 4, 2, 2, 2, 2, 2, 2, 4 ),
 ( 0.000000000000000000, 0.001060870709216550937, 0.001591306063824883977, 0.002121741418433216800, 0.002652176773041549623, 0.003182612127649882879, 0.003713047482258215702, 0.004243482836866548959 ),
 .UNSPECIFIED. ) ;
#930 = VERTEX_POINT ( 'NONE', #2508 ) ;
#931 = CARTESIAN_POINT ( 'NONE',  ( 976.1647925795698484, -64.74533813478196009, -33.72014241389810252 ) ) ;
#932 = CARTESIAN_POINT ( 'NONE',  ( 977.4756012051087737, 69.94668348925523560, -20.89214510254864976 ) ) ;
#933 = EDGE_CURVE ( 'NONE', #3128, #5417, #8884, .T. ) ;
#934 = CARTESIAN_POINT ( 'NONE',  ( 967.8087372738299337, -60.60563406891778016, 40.69378907396058764 ) ) ;
#935 = CARTESIAN_POINT ( 'NONE',  ( 975.6212234913448356, -29.75172713377244449, -123.9801829012102417 ) ) ;
#936 = CARTESIAN_POINT ( 'NONE',  ( 968.3024195543164296, -117.4166276819746315, -49.69511166749703079 ) ) ;
#937 = TOROIDAL_SURFACE ( 'NONE', #1377, 145.1627378425959591, 2.500000000000000000 ) ;
#938 = AXIS2_PLACEMENT_3D ( 'NONE', #2623, #6119, #2007 ) ;
#939 = ORIENTED_EDGE ( 'NONE', *, *, #878, .F. ) ;
#940 = ORIENTED_EDGE ( 'NONE', *, *, #3758, .F. ) ;
#941 = PLANE ( 'NONE',  #4718 ) ;
#942 = CARTESIAN_POINT ( 'NONE',  ( 968.0090611264089375, -50.98370860737899335, 52.24643779185315395 ) ) ;
#943 = EDGE_CURVE ( 'NONE', #6448, #969, #6426, .T. ) ;
#944 = CARTESIAN_POINT ( 'NONE',  ( 977.7932074315651789, 127.1728735659488621, -147.6625660138610669 ) ) ;
#945 = DIRECTION ( 'NONE',  ( 0.000000000000000000, 0.000000000000000000, -1.000000000000000000 ) ) ;
#946 = CARTESIAN_POINT ( 'NONE',  ( 977.7932074315650652, 64.75430920436203053, 109.8327767126890251 ) ) ;
#947 = CARTESIAN_POINT ( 'NONE',  ( 969.9658196246413127, 121.2546470685996951, -39.41524540252541442 ) ) ;
#948 = ORIENTED_EDGE ( 'NONE', *, *, #1250, .T. ) ;
#949 = CARTESIAN_POINT ( 'NONE',  ( 970.2932074315650652, -32.40382364169406060, -65.41400624788195728 ) ) ;
#950 = VERTEX_POINT ( 'NONE', #8698 ) ;
#951 = CARTESIAN_POINT ( 'NONE',  ( 975.2932074315651789, 101.1368664649727265, 166.5788324321699747 ) ) ;
#952 = CARTESIAN_POINT ( 'NONE',  ( 975.9951027213825228, 72.20986596008728498, -10.71154202862372351 ) ) ;
#953 = CARTESIAN_POINT ( 'NONE',  ( 1042.912997761359293, 194.2118649119463498, 16.09113731973548056 ) ) ;
#954 = CARTESIAN_POINT ( 'NONE',  ( 1001.793207431565179, -33.59192716851524807, -53.51032122852795681 ) ) ;
#955 = ORIENTED_EDGE ( 'NONE', *, *, #943, .T. ) ;
#956 = DIRECTION ( 'NONE',  ( -1.000000000000000000, -0.000000000000000000, -0.000000000000000000 ) ) ;
#957 = CARTESIAN_POINT ( 'NONE',  ( 968.4077548216921514, 49.57606858872807010, -117.4669181108015437 ) ) ;
#958 = DIRECTION ( 'NONE',  ( -1.000000000000000000, -0.000000000000000000, -0.000000000000000000 ) ) ;
#959 = CARTESIAN_POINT ( 'NONE',  ( 1042.912997761359293, -59.29285437106575074, 42.58353461763795167 ) ) ;
#960 = DIRECTION ( 'NONE',  ( -1.000000000000000000, -0.000000000000000000, -0.000000000000000000 ) ) ;
#961 = CARTESIAN_POINT ( 'NONE',  ( 967.8595308706302376, -102.0564655965696517, 76.42524569270028678 ) ) ;
#962 = EDGE_CURVE ( 'NONE', #3595, #1482, #3573, .T. ) ;
#963 = CARTESIAN_POINT ( 'NONE',  ( 970.2932074315650652, 123.9763741318935786, -29.76757727979783041 ) ) ;
#964 = VERTEX_POINT ( 'NONE', #2466 ) ;
#965 = CARTESIAN_POINT ( 'NONE',  ( 975.2932074315651789, -127.4999999998575078, 0.0001905234625065865828 ) ) ;
#966 = ORIENTED_EDGE ( 'NONE', *, *, #2039, .T. ) ;
#967 = ORIENTED_EDGE ( 'NONE', *, *, #8448, .T. ) ;
#968 = EDGE_CURVE ( 'NONE', #6763, #8045, #6143, .T. ) ;
#969 = VERTEX_POINT ( 'NONE', #5249 ) ;
#970 = DIRECTION ( 'NONE',  ( 0.000000000000000000, -4.440892098500625373E-15, 1.000000000000000000 ) ) ;
#971 = CARTESIAN_POINT ( 'NONE',  ( 975.2932074315651789, -39.39984798134282329, -121.2596469525086746 ) ) ;
#972 = DIRECTION ( 'NONE',  ( 0.000000000000000000, 0.000000000000000000, -1.000000000000000000 ) ) ;
#973 = CARTESIAN_POINT ( 'NONE',  ( 975.4734716392106293, -71.96753237915947921, -12.23414415701335400 ) ) ;
#974 = EDGE_CURVE ( 'NONE', #330, #6235, #5954, .T. ) ;
#975 = CARTESIAN_POINT ( 'NONE',  ( 975.2932074315651789, -29.76757727979827806, -123.9763741318934649 ) ) ;
#976 = EDGE_CURVE ( 'NONE', #1767, #404, #1458, .T. ) ;
#977 = CARTESIAN_POINT ( 'NONE',  ( 975.2932074315651789, 82.80205065214671833, -96.95396024814721159 ) ) ;
#978 = ORIENTED_EDGE ( 'NONE', *, *, #4050, .T. ) ;
#979 = VECTOR ( 'NONE', #4927, 1000.000000000000000 ) ;
#980 = ORIENTED_EDGE ( 'NONE', *, *, #633, .F. ) ;
#981 = DIRECTION ( 'NONE',  ( -1.000000000000000000, -0.000000000000000000, -0.000000000000000000 ) ) ;
#982 = CARTESIAN_POINT ( 'NONE',  ( 976.5466784714077448, -66.33833095318283313, -108.8828919283564147 ) ) ;
#983 = AXIS2_PLACEMENT_3D ( 'NONE', #1984, #4097, #7483 ) ;
#984 = DIRECTION ( 'NONE',  ( 0.000000000000000000, -8.664804307636925466E-16, 1.000000000000000000 ) ) ;
#985 = AXIS2_PLACEMENT_3D ( 'NONE', #472, #3226, #4564 ) ;
#986 = TOROIDAL_SURFACE ( 'NONE', #3277, 160.1627378425955612, 2.500000000000000000 ) ;
#987 = DIRECTION ( 'NONE',  ( -1.000000000000000000, -0.000000000000000000, -0.000000000000000000 ) ) ;
#988 = LINE ( 'NONE', #6326, #791 ) ;
#989 = FACE_OUTER_BOUND ( 'NONE', #2633, .T. ) ;
#990 = CARTESIAN_POINT ( 'NONE',  ( 967.7932074315651789, 0.000000000000000000, 0.000000000000000000 ) ) ;
#991 = EDGE_CURVE ( 'NONE', #607, #275, #8311, .T. ) ;
#992 = ORIENTED_EDGE ( 'NONE', *, *, #95, .T. ) ;
#993 = TOROIDAL_SURFACE ( 'NONE', #3848, 145.1627378425959591, 2.500000000000000000 ) ;
#994 = TOROIDAL_SURFACE ( 'NONE', #8727, 145.1627378425959591, 2.500000000000000000 ) ;
#995 = LINE ( 'NONE', #1712, #5445 ) ;
#996 = EDGE_LOOP ( 'NONE', ( #6762, #424, #6034, #7880, #4971 ) ) ;
#997 = CARTESIAN_POINT ( 'NONE',  ( 967.7932074315651789, -27.32173838326779247, -124.5382375486188238 ) ) ;
#998 = CIRCLE ( 'NONE', #7582, 127.4999999999998863 ) ;
#999 = CARTESIAN_POINT ( 'NONE',  ( 976.6287946620489038, 72.16054482187490748, -11.03943794880792417 ) ) ;
#1000 = AXIS2_PLACEMENT_3D ( 'NONE', #4051, #1314, #3560 ) ;
#1001 = CARTESIAN_POINT ( 'NONE',  ( 968.0451641925292279, 126.9899461483885972, 11.39414823761070217 ) ) ;
#1002 = CARTESIAN_POINT ( 'NONE',  ( 967.8724445145011259, -124.3978517255551566, 27.95442885403868161 ) ) ;
#1003 = VERTEX_POINT ( 'NONE', #6122 ) ;
#1004 = ORIENTED_EDGE ( 'NONE', *, *, #3998, .F. ) ;
#1005 = AXIS2_PLACEMENT_3D ( 'NONE', #6149, #1, #8856 ) ;
#1006 = CARTESIAN_POINT ( 'NONE',  ( 967.9202297398430801, 50.35755083287720169, -117.1340689592292392 ) ) ;
#1007 = CARTESIAN_POINT ( 'NONE',  ( 975.2932074315651789, 127.1728735659488621, -147.6625660138610669 ) ) ;
#1008 = FACE_OUTER_BOUND ( 'NONE', #846, .T. ) ;
#1009 = DIRECTION ( 'NONE',  ( -1.000000000000000000, -0.000000000000000000, -0.000000000000000000 ) ) ;
#1010 = CARTESIAN_POINT ( 'NONE',  ( 969.0172219968214904, -69.65997428135706571, 21.82882913248262113 ) ) ;
#1011 = DIRECTION ( 'NONE',  ( 1.000000000000000000, 0.000000000000000000, 0.000000000000000000 ) ) ;
#1012 = ORIENTED_EDGE ( 'NONE', *, *, #1553, .T. ) ;
#1013 = CARTESIAN_POINT ( 'NONE',  ( 970.1235730824608936, 59.29285437106603496, -42.58353461763758929 ) ) ;
#1014 = EDGE_LOOP ( 'NONE', ( #6620, #1172, #7298, #7865 ) ) ;
#1015 = ORIENTED_EDGE ( 'NONE', *, *, #7200, .F. ) ;
#1016 = ORIENTED_EDGE ( 'NONE', *, *, #7776, .F. ) ;
#1017 = CARTESIAN_POINT ( 'NONE',  ( 977.5402670494211179, 102.3252567703918885, -76.06454314189664956 ) ) ;
#1018 = CARTESIAN_POINT ( 'NONE',  ( 977.7932074315651789, 51.09798870964512929, -116.8128655150148631 ) ) ;
#1019 = CARTESIAN_POINT ( 'NONE',  ( 968.0451641925290005, 109.4343368453074987, -65.42475797478390120 ) ) ;
#1020 = CARTESIAN_POINT ( 'NONE',  ( 976.9020747459416043, -72.07721653863362121, -11.57101012264342366 ) ) ;
#1021 = CARTESIAN_POINT ( 'NONE',  ( 977.1768636741707041, -75.62735834790510125, -102.6487504311411101 ) ) ;
#1022 = DIRECTION ( 'NONE',  ( -1.000000000000000000, -0.000000000000000000, -0.000000000000000000 ) ) ;
#1023 = ORIENTED_EDGE ( 'NONE', *, *, #6769, .T. ) ;
#1024 = VERTEX_POINT ( 'NONE', #2731 ) ;
#1025 = CARTESIAN_POINT ( 'NONE',  ( 1001.793207431565179, 0.000000000000000000, 57.15000000000000568 ) ) ;
#1026 = B_SPLINE_CURVE_WITH_KNOTS ( 'NONE', 3,
 ( #5010, #7732, #2390, #1048, #7861, #366, #3787, #4327, #8624, #3827, #4501, #8587, #5181, #7904, #7228, #5716 ),
 .UNSPECIFIED., .F., .F.,
 ( 4, 2, 2, 2, 2, 2, 2, 4 ),
 ( 0.000000000000000000, 0.0004881883398703324752, 0.0009763766797406649503, 0.001464565019610997425, 0.001952753359481329901, 0.002440941699351662376, 0.002929130039221994851, 0.003905506718962778630 ),
 .UNSPECIFIED. ) ;
#1027 = EDGE_CURVE ( 'NONE', #4752, #1447, #265, .T. ) ;
#1028 = CARTESIAN_POINT ( 'NONE',  ( 976.5738051988838606, 58.60322374571003223, 43.52782908369573533 ) ) ;
#1029 = CARTESIAN_POINT ( 'NONE',  ( 976.4030299189490734, 127.0870153998489229, 10.25399892637594945 ) ) ;
#1030 = CARTESIAN_POINT ( 'NONE',  ( 968.3072454628944570, 127.4963619775274850, -0.9727879456185964946 ) ) ;
#1031 = CARTESIAN_POINT ( 'NONE',  ( 969.6464772890307131, 121.2350230660583463, -39.47556444237713436 ) ) ;
#1032 = ORIENTED_EDGE ( 'NONE', *, *, #2175, .F. ) ;
#1033 = CARTESIAN_POINT ( 'NONE',  ( 975.2932074315651789, 44.71118576450793114, 189.6788945569600173 ) ) ;
#1034 = ORIENTED_EDGE ( 'NONE', *, *, #8760, .T. ) ;
#1035 = ADVANCED_FACE ( 'NONE', ( #2058 ), #7559, .F. ) ;
#1036 = CARTESIAN_POINT ( 'NONE',  ( 967.9202297398430801, -11.69645893558257121, 126.9624585663002847 ) ) ;
#1037 = EDGE_CURVE ( 'NONE', #6438, #4713, #1843, .T. ) ;
#1038 = CARTESIAN_POINT ( 'NONE',  ( 975.2932074315651789, -43.23181964193760507, 58.82184773064306427 ) ) ;
#1039 = CARTESIAN_POINT ( 'NONE',  ( 976.6287946620491311, 72.04013030678216012, 11.79970527586372953 ) ) ;
#1040 = DIRECTION ( 'NONE',  ( -1.000000000000000000, -0.000000000000000000, -0.000000000000000000 ) ) ;
#1041 = ORIENTED_EDGE ( 'NONE', *, *, #6946, .F. ) ;
#1042 = B_SPLINE_CURVE_WITH_KNOTS ( 'NONE', 3,
 ( #8335, #4203, #8465, #7056, #3619, #6345, #7017, #2315, #2947, #8419, #4332, #3039, #7735, #4968, #2268, #965 ),
 .UNSPECIFIED., .F., .F.,
 ( 4, 2, 2, 2, 2, 2, 2, 4 ),
 ( 0.000000000000000000, 0.0004881885400330893414, 0.0009763770800661786828, 0.001464565620099268078, 0.001952754160132357366, 0.002440942700165446653, 0.002929131240198536157, 0.003905508320265022645 ),
 .UNSPECIFIED. ) ;
#1043 = VERTEX_POINT ( 'NONE', #701 ) ;
#1044 = ADVANCED_FACE ( 'NONE', ( #3580 ), #3003, .F. ) ;
#1045 = LINE ( 'NONE', #7091, #4209 ) ;
#1046 = CARTESIAN_POINT ( 'NONE',  ( 976.9692569047348343, -59.68509753390532779, 42.03218293637617364 ) ) ;
#1047 = CARTESIAN_POINT ( 'NONE',  ( 969.9321275244388971, 10.62663217947696914, 72.22241058011870507 ) ) ;
#1048 = CARTESIAN_POINT ( 'NONE',  ( 969.6464772890308268, 103.1965611159942853, 74.87803936872825261 ) ) ;
#1049 = CARTESIAN_POINT ( 'NONE',  ( 970.1281350223661093, -103.1495547958084131, 74.94277380392648524 ) ) ;
#1050 = CARTESIAN_POINT ( 'NONE',  ( 967.7932074315651789, -9.329543134857969378, 72.40137861183850987 ) ) ;
#1051 = CARTESIAN_POINT ( 'NONE',  ( 977.7167836271273700, -24.80309585832074148, 68.65736274678359052 ) ) ;
#1052 = ORIENTED_EDGE ( 'NONE', *, *, #1181, .T. ) ;
#1053 = EDGE_LOOP ( 'NONE', ( #5705, #7802 ) ) ;
#1054 = CARTESIAN_POINT ( 'NONE',  ( 977.7932074315651789, -72.90555147392535673, 104.5993812805926382 ) ) ;
#1055 = ORIENTED_EDGE ( 'NONE', *, *, #7617, .F. ) ;
#1056 = FACE_OUTER_BOUND ( 'NONE', #3805, .T. ) ;
#1057 = CARTESIAN_POINT ( 'NONE',  ( 977.2807874479372003, 49.69112711948270800, -117.4183149345130062 ) ) ;
#1058 = TOROIDAL_SURFACE ( 'NONE', #2931, 145.1627378425959591, 2.500000000000000000 ) ;
#1059 = AXIS2_PLACEMENT_3D ( 'NONE', #1105, #3258, #3972 ) ;
#1060 = B_SPLINE_CURVE_WITH_KNOTS ( 'NONE', 3,
 ( #4460, #1049, #2526, #8674, #3698, #1760, #5885, #367, #7996, #452, #3744, #1139, #3829, #961, #3123, #3789 ),
 .UNSPECIFIED., .F., .F.,
 ( 4, 2, 2, 2, 2, 2, 2, 4 ),
 ( 0.000000000000000000, 0.0004881883398703280841, 0.0009763766797406561683, 0.001464565019610984415, 0.001952753359481312337, 0.002440941699351640258, 0.002929130039221968830, 0.003905506718962783400 ),
 .UNSPECIFIED. ) ;
#1061 = CARTESIAN_POINT ( 'NONE',  ( 976.9020747459414906, 11.26840024042387967, 72.12514523546563794 ) ) ;
#1062 = CARTESIAN_POINT ( 'NONE',  ( 977.0249106011896174, -72.09755706325356073, -11.44386281765834035 ) ) ;
#1063 = DIRECTION ( 'NONE',  ( -1.000000000000000000, -0.000000000000000000, -0.000000000000000000 ) ) ;
#1064 = ORIENTED_EDGE ( 'NONE', *, *, #4949, .T. ) ;
#1065 = AXIS2_PLACEMENT_3D ( 'NONE', #1511, #64, #8416 ) ;
#1066 = VECTOR ( 'NONE', #2650, 1000.000000000000000 ) ;
#1067 = ORIENTED_EDGE ( 'NONE', *, *, #3107, .T. ) ;
#1068 = CARTESIAN_POINT ( 'NONE',  ( 975.2932074315651789, -194.2118649119462646, -16.09113731973690875 ) ) ;
#1069 = DIRECTION ( 'NONE',  ( 0.000000000000000000, -8.881784197001250746E-15, 1.000000000000000000 ) ) ;
#1070 = CARTESIAN_POINT ( 'NONE',  ( 976.1207935749462195, 58.73674187401673663, 43.34743265907383858 ) ) ;
#1071 = AXIS2_PLACEMENT_3D ( 'NONE', #7851, #1752, #274 ) ;
#1072 = CARTESIAN_POINT ( 'NONE',  ( 1042.912997761359293, 194.2118649119463498, 16.09113731973548056 ) ) ;
#1073 = CARTESIAN_POINT ( 'NONE',  ( 968.7699766253854250, 127.4990077426280095, -0.5111122108449360768 ) ) ;
#1074 = DIRECTION ( 'NONE',  ( 0.000000000000000000, 0.000000000000000000, 1.000000000000000000 ) ) ;
#1075 = EDGE_CURVE ( 'NONE', #1229, #3272, #263, .T. ) ;
#1076 = ORIENTED_EDGE ( 'NONE', *, *, #519, .T. ) ;
#1077 = ORIENTED_EDGE ( 'NONE', *, *, #4821, .F. ) ;
#1078 = TOROIDAL_SURFACE ( 'NONE', #8097, 145.1627378425959591, 2.500000000000000000 ) ;
#1079 = CARTESIAN_POINT ( 'NONE',  ( 1036.782757869134684, 147.6625660138624028, 127.1728735659473131 ) ) ;
#1080 = ORIENTED_EDGE ( 'NONE', *, *, #6348, .T. ) ;
#1081 = DIRECTION ( 'NONE',  ( 1.000000000000000000, 0.000000000000000000, 0.000000000000000000 ) ) ;
#1082 = VECTOR ( 'NONE', #1800, 1000.000000000000000 ) ;
#1083 = DIRECTION ( 'NONE',  ( -1.000000000000000000, -0.000000000000000000, -0.000000000000000000 ) ) ;
#1084 = DIRECTION ( 'NONE',  ( 0.000000000000000000, 0.000000000000000000, 1.000000000000000000 ) ) ;
#1085 = EDGE_CURVE ( 'NONE', #549, #3174, #2279, .T. ) ;
#1086 = VERTEX_POINT ( 'NONE', #4286 ) ;
#1087 = EDGE_CURVE ( 'NONE', #354, #4522, #2867, .T. ) ;
#1088 = ORIENTED_EDGE ( 'NONE', *, *, #7863, .F. ) ;
#1089 = DIRECTION ( 'NONE',  ( 0.000000000000000000, 0.000000000000000000, 1.000000000000000000 ) ) ;
#1090 = CARTESIAN_POINT ( 'NONE',  ( 977.4635654086102932, -120.8680900145986499, 40.58538243497343956 ) ) ;
#1091 = CARTESIAN_POINT ( 'NONE',  ( 977.7272465782216386, -84.20036302768370717, 95.74257016239586449 ) ) ;
#1092 = FACE_OUTER_BOUND ( 'NONE', #4352, .T. ) ;
#1093 = CARTESIAN_POINT ( 'NONE',  ( 968.7444331958880639, -69.71891643834970864, 21.63983569338867952 ) ) ;
#1094 = CARTESIAN_POINT ( 'NONE',  ( 967.7932074315651789, 101.1368664649727265, 166.5788324321699747 ) ) ;
#1095 = ORIENTED_EDGE ( 'NONE', *, *, #5111, .F. ) ;
#1096 = DIRECTION ( 'NONE',  ( 0.000000000000000000, 0.000000000000000000, -1.000000000000000000 ) ) ;
#1097 = ORIENTED_EDGE ( 'NONE', *, *, #4427, .F. ) ;
#1098 = EDGE_CURVE ( 'NONE', #6953, #5676, #2880, .T. ) ;
#1099 = ORIENTED_EDGE ( 'NONE', *, *, #7019, .F. ) ;
#1100 = CARTESIAN_POINT ( 'NONE',  ( 967.8595308706295555, -37.64378273246880013, 121.8166079434330697 ) ) ;
#1101 = ORIENTED_EDGE ( 'NONE', *, *, #6310, .T. ) ;
#1102 = CARTESIAN_POINT ( 'NONE',  ( 977.7932074315651789, 122.0089775570694854, 37.01431338656013992 ) ) ;
#1103 = CARTESIAN_POINT ( 'NONE',  ( 967.7932074315651789, 68.42831489562423997, 25.42765660742751166 ) ) ;
#1104 = CARTESIAN_POINT ( 'NONE',  ( 977.7932074315652926, 13.14744468377853082, 71.80719768118920854 ) ) ;
#1105 = CARTESIAN_POINT ( 'NONE',  ( 1001.793207431565179, 37.92267161132571829, 27.55243370120959767 ) ) ;
#1106 = CARTESIAN_POINT ( 'NONE',  ( 975.9622145319366382, 0.4912935325779047013, -72.99835567376443635 ) ) ;
#1107 = CARTESIAN_POINT ( 'NONE',  ( 977.7932074315651789, 0.000000000000000000, 0.000000000000000000 ) ) ;
#1108 = EDGE_LOOP ( 'NONE', ( #7027, #4400, #3486, #5123 ) ) ;
#1109 = ORIENTED_EDGE ( 'NONE', *, *, #3663, .T. ) ;
#1110 = CARTESIAN_POINT ( 'NONE',  ( 967.7932074315651789, -53.09017784785594074, -50.10422153953683733 ) ) ;
#1111 = CARTESIAN_POINT ( 'NONE',  ( 969.9570765531306051, 0.4188215837712147560, -72.99880714067775500 ) ) ;
#1112 = CARTESIAN_POINT ( 'NONE',  ( 967.7932074315651789, 0.000000000000000000, 0.000000000000000000 ) ) ;
#1113 = CYLINDRICAL_SURFACE ( 'NONE', #1220, 157.6627378425955328 ) ;
#1114 = DIRECTION ( 'NONE',  ( 0.000000000000000000, 0.000000000000000000, 1.000000000000000000 ) ) ;
#1115 = ORIENTED_EDGE ( 'NONE', *, *, #6865, .T. ) ;
#1116 = ORIENTED_EDGE ( 'NONE', *, *, #3606, .F. ) ;
#1117 = CARTESIAN_POINT ( 'NONE',  ( 977.5406705918380794, -126.9900364399541530, -11.39312792005942399 ) ) ;
#1118 = VERTEX_POINT ( 'NONE', #103 ) ;
#1119 = CIRCLE ( 'NONE', #6136, 157.6627378425955328 ) ;
#1120 = CIRCLE ( 'NONE', #7564, 147.6627378425959591 ) ;
#1121 = CARTESIAN_POINT ( 'NONE',  ( 976.8206886417104897, -0.5142920948796216862, -127.4989955185366881 ) ) ;
#1122 = CARTESIAN_POINT ( 'NONE',  ( 976.4030299189491870, -117.6982742039765668, -49.02418001995652475 ) ) ;
#1123 = CARTESIAN_POINT ( 'NONE',  ( 968.7637114205683702, -124.0961605277702660, 29.26433636770764934 ) ) ;
#1124 = AXIS2_PLACEMENT_3D ( 'NONE', #4261, #6990, #855 ) ;
#1125 = CARTESIAN_POINT ( 'NONE',  ( 977.7932074315651789, 9.329543134858523601, -72.40137861183856671 ) ) ;
#1126 = ADVANCED_FACE ( 'NONE', ( #2862 ), #2707, .F. ) ;
#1127 = AXIS2_PLACEMENT_3D ( 'NONE', #4910, #2043, #6826 ) ;
#1128 = B_SPLINE_CURVE_WITH_KNOTS ( 'NONE', 3,
 ( #4492, #3821, #6541, #2477, #5216, #7942, #4536, #3194, #5917, #8664, #2519, #628, #6200, #7624, #87, #3381, #810, #1492 ),
 .UNSPECIFIED., .F., .F.,
 ( 4, 2, 2, 2, 2, 2, 2, 2, 4 ),
 ( 0.000000000000000000, 0.0005014877766709478291, 0.001002975553341895658, 0.001504463330012843596, 0.002005951106683791316, 0.002507438883354739037, 0.003008926660025687191, 0.003510414436696634912, 0.004011902213367582633 ),
 .UNSPECIFIED. ) ;
#1129 = CIRCLE ( 'NONE', #256, 30.99999999999991473 ) ;
#1130 = ORIENTED_EDGE ( 'NONE', *, *, #3664, .F. ) ;
#1131 = EDGE_CURVE ( 'NONE', #7933, #4102, #8578, .T. ) ;
#1132 = EDGE_CURVE ( 'NONE', #4891, #1516, #7713, .T. ) ;
#1133 = AXIS2_PLACEMENT_3D ( 'NONE', #7362, #5318, #8046 ) ;
#1134 = AXIS2_PLACEMENT_3D ( 'NONE', #1939, #8806, #2656 ) ;
#1135 = CARTESIAN_POINT ( 'NONE',  ( 977.7932074315651789, 71.74079029596708779, -13.50033361476878824 ) ) ;
#1136 = CARTESIAN_POINT ( 'NONE',  ( 976.5738051988838606, -59.50681755281255647, 42.28413890415008325 ) ) ;
#1137 = CARTESIAN_POINT ( 'NONE',  ( 968.4077548216924924, 10.85036911051729369, -127.0375256266020045 ) ) ;
#1138 = DIRECTION ( 'NONE',  ( 1.000000000000000000, 0.000000000000000000, 0.000000000000000000 ) ) ;
#1139 = CARTESIAN_POINT ( 'NONE',  ( 968.1244542515913736, -102.4125451343360709, 75.94695012309202298 ) ) ;
#1140 = CARTESIAN_POINT ( 'NONE',  ( 970.2932074315650652, -22.17684843932632077, -69.54989139674577814 ) ) ;
#1141 = ORIENTED_EDGE ( 'NONE', *, *, #7886, .T. ) ;
#1142 = CARTESIAN_POINT ( 'NONE',  ( 967.9165188163373159, 60.32844411301147147, -41.10356732472592967 ) ) ;
#1143 = AXIS2_PLACEMENT_3D ( 'NONE', #4715, #4764, #6047 ) ;
#1144 = VERTEX_POINT ( 'NONE', #6389 ) ;
#1145 = ORIENTED_EDGE ( 'NONE', *, *, #7760, .F. ) ;
#1146 = CARTESIAN_POINT ( 'NONE',  ( 977.7932074315651789, 75.31834776957963129, -179.7340247757206839 ) ) ;
#1147 = ORIENTED_EDGE ( 'NONE', *, *, #5133, .F. ) ;
#1148 = CARTESIAN_POINT ( 'NONE',  ( 977.2823495132337257, 102.5724077351671610, -75.73090269223507676 ) ) ;
#1149 = CARTESIAN_POINT ( 'NONE',  ( 970.2932074315650652, -72.99890046992466353, -0.4006621794154086591 ) ) ;
#1150 = EDGE_CURVE ( 'NONE', #7968, #5132, #1272, .T. ) ;
#1151 = CARTESIAN_POINT ( 'NONE',  ( 967.8093088641629720, 109.8338745882399792, -64.75179997052971714 ) ) ;
#1152 = CARTESIAN_POINT ( 'NONE',  ( 969.6300527781542087, 69.57689304089369386, -22.09201688974864553 ) ) ;
#1153 = EDGE_CURVE ( 'NONE', #8404, #119, #7231, .T. ) ;
#1154 = FACE_OUTER_BOUND ( 'NONE', #2899, .T. ) ;
#1155 = DIRECTION ( 'NONE',  ( 0.000000000000000000, 0.000000000000000000, -1.000000000000000000 ) ) ;
#1156 = ORIENTED_EDGE ( 'NONE', *, *, #5442, .T. ) ;
#1157 = ORIENTED_EDGE ( 'NONE', *, *, #6656, .F. ) ;
#1158 = B_SPLINE_CURVE_WITH_KNOTS ( 'NONE', 3,
 ( #8272, #2840, #8399, #3519, #4225, #2125, #808, #2248, #3557, #2203, #8355, #5486, #1406, #8224, #5530, #6281, #7581, #7537 ),
 .UNSPECIFIED., .F., .F.,
 ( 4, 2, 2, 2, 2, 2, 2, 2, 4 ),
 ( 0.000000000000000000, 0.0005014719534716541392, 0.001002943906943308278, 0.001504415860414962417, 0.002005887813886616557, 0.002507359767358270479, 0.003008831720829924835, 0.003510303674301579191, 0.004011775627773233113 ),
 .UNSPECIFIED. ) ;
#1159 = DIRECTION ( 'NONE',  ( 0.000000000000000000, 0.000000000000000000, 1.000000000000000000 ) ) ;
#1160 = DIRECTION ( 'NONE',  ( 0.000000000000000000, 0.000000000000000000, 1.000000000000000000 ) ) ;
#1161 = ADVANCED_FACE ( 'NONE', ( #7820 ), #993, .F. ) ;
#1162 = CARTESIAN_POINT ( 'NONE',  ( 975.9411352989147872, 127.1009170122452900, 10.08007511412100676 ) ) ;
#1163 = CARTESIAN_POINT ( 'NONE',  ( 977.2823495132338394, -38.46931326641351490, 121.5581358362356497 ) ) ;
#1164 = CARTESIAN_POINT ( 'NONE',  ( 977.2807874479374277, -10.97481548339969670, 127.0268563004312909 ) ) ;
#1165 = VERTEX_POINT ( 'NONE', #2392 ) ;
#1166 = ORIENTED_EDGE ( 'NONE', *, *, #190, .T. ) ;
#1167 = CYLINDRICAL_SURFACE ( 'NONE', #1701, 157.6627378425955328 ) ;
#1168 = DIRECTION ( 'NONE',  ( 0.000000000000000000, 0.000000000000000000, 1.000000000000000000 ) ) ;
#1169 = DIRECTION ( 'NONE',  ( -1.000000000000000000, -0.000000000000000000, -0.000000000000000000 ) ) ;
#1170 = CYLINDRICAL_SURFACE ( 'NONE', #7081, 157.6627378425955328 ) ;
#1171 = DIRECTION ( 'NONE',  ( 1.000000000000000000, 0.000000000000000000, 0.000000000000000000 ) ) ;
#1172 = ORIENTED_EDGE ( 'NONE', *, *, #5910, .T. ) ;
#1173 = DIRECTION ( 'NONE',  ( 1.000000000000000000, 0.000000000000000000, 0.000000000000000000 ) ) ;
#1174 = CARTESIAN_POINT ( 'NONE',  ( 976.4022747810960254, 121.3378963181860541, 39.15825343368192080 ) ) ;
#1175 = DIRECTION ( 'NONE',  ( -1.000000000000000000, -0.000000000000000000, -0.000000000000000000 ) ) ;
#1176 = CARTESIAN_POINT ( 'NONE',  ( 1036.782757869134684, -0.0001905234629517504538, -127.4999999998575078 ) ) ;
#1177 = CARTESIAN_POINT ( 'NONE',  ( 968.0451641925290005, -28.40557254559941569, -124.2956012302445288 ) ) ;
#1178 = CARTESIAN_POINT ( 'NONE',  ( 970.2932074315650652, -127.1728735659488621, 147.6625660138610669 ) ) ;
#1179 = ORIENTED_EDGE ( 'NONE', *, *, #3227, .T. ) ;
#1180 = CARTESIAN_POINT ( 'NONE',  ( 975.2932074315651789, -127.1072257456103642, -10.00015816147054082 ) ) ;
#1181 = EDGE_CURVE ( 'NONE', #3835, #891, #4505, .T. ) ;
#1182 = ORIENTED_EDGE ( 'NONE', *, *, #3571, .F. ) ;
#1183 = VERTEX_POINT ( 'NONE', #5100 ) ;
#1184 = CARTESIAN_POINT ( 'NONE',  ( 975.2932074315651789, -147.6625660138615217, -127.1728735659483362 ) ) ;
#1185 = ORIENTED_EDGE ( 'NONE', *, *, #3944, .T. ) ;
#1186 = CARTESIAN_POINT ( 'NONE',  ( 977.2998916257679412, 41.71823934561041369, 59.90499782183750455 ) ) ;
#1187 = LINE ( 'NONE', #3970, #1434 ) ;
#1188 = DIRECTION ( 'NONE',  ( 1.000000000000000000, 0.000000000000000000, 0.000000000000000000 ) ) ;
#1189 = DIRECTION ( 'NONE',  ( 0.000000000000000000, 0.000000000000000000, -1.000000000000000000 ) ) ;
#1190 = CIRCLE ( 'NONE', #1627, 157.6627378425955328 ) ;
#1191 = CARTESIAN_POINT ( 'NONE',  ( 970.2932074315650652, 147.6625660138624028, 127.1728735659473131 ) ) ;
#1192 = B_SPLINE_CURVE_WITH_KNOTS ( 'NONE', 3,
 ( #8204, #6081, #7419, #1966, #8888, #6609, #5282, #2061, #7466, #3929, #6657, #2631, #1298, #1337, #4751, #468 ),
 .UNSPECIFIED., .F., .F.,
 ( 4, 2, 2, 2, 2, 2, 2, 4 ),
 ( 0.000000000000000000, 0.0005326074553525416344, 0.001065214910705083269, 0.001597822366057624795, 0.002130429821410166537, 0.002663037276762708280, 0.003195644732115249589, 0.004260859642820322667 ),
 .UNSPECIFIED. ) ;
#1193 = EDGE_CURVE ( 'NONE', #8572, #1256, #6995, .T. ) ;
#1194 = ORIENTED_EDGE ( 'NONE', *, *, #933, .T. ) ;
#1195 = CARTESIAN_POINT ( 'NONE',  ( 975.2932074315651789, -10.60382802656750911, -72.22574908703218455 ) ) ;
#1196 = ORIENTED_EDGE ( 'NONE', *, *, #7623, .F. ) ;
#1197 = EDGE_CURVE ( 'NONE', #6338, #7881, #4430, .T. ) ;
#1198 = AXIS2_PLACEMENT_3D ( 'NONE', #6035, #4798, #6126 ) ;
#1199 = CARTESIAN_POINT ( 'NONE',  ( 977.4635654086102932, 40.58538243497388009, 120.8680900145985220 ) ) ;
#1200 = CARTESIAN_POINT ( 'NONE',  ( 967.7932074315651789, 147.6625660138624028, 127.1728735659473131 ) ) ;
#1201 = DIRECTION ( 'NONE',  ( 1.000000000000000000, 0.000000000000000000, 0.000000000000000000 ) ) ;
#1202 = DIRECTION ( 'NONE',  ( -1.000000000000000000, -0.000000000000000000, -0.000000000000000000 ) ) ;
#1203 = DIRECTION ( 'NONE',  ( 0.000000000000000000, 0.000000000000000000, 1.000000000000000000 ) ) ;
#1204 = CARTESIAN_POINT ( 'NONE',  ( 977.7932074315650652, -37.17227637248664252, 121.9610557435961766 ) ) ;
#1205 = CIRCLE ( 'NONE', #4640, 157.6627378425955044 ) ;
#1206 = CIRCLE ( 'NONE', #6072, 77.74999999999988631 ) ;
#1207 = CARTESIAN_POINT ( 'NONE',  ( 969.0416369157512690, 127.4996054421149694, -0.3298835427879982518 ) ) ;
#1208 = EDGE_LOOP ( 'NONE', ( #4268, #4938, #1718, #8711 ) ) ;
#1209 = VERTEX_POINT ( 'NONE', #3699 ) ;
#1210 = EDGE_CURVE ( 'NONE', #1951, #8785, #7134, .T. ) ;
#1211 = DIRECTION ( 'NONE',  ( 0.000000000000000000, 0.000000000000000000, -1.000000000000000000 ) ) ;
#1212 = AXIS2_PLACEMENT_3D ( 'NONE', #4200, #6925, #3539 ) ;
#1213 = CYLINDRICAL_SURFACE ( 'NONE', #2217, 72.99999999999981526 ) ;
#1214 = CARTESIAN_POINT ( 'NONE',  ( 977.7932074315651789, 166.5788324321696336, -101.1368664649733233 ) ) ;
#1215 = DIRECTION ( 'NONE',  ( 0.000000000000000000, 0.000000000000000000, 1.000000000000000000 ) ) ;
#1216 = CARTESIAN_POINT ( 'NONE',  ( 976.5466784714077448, -117.6685952220376663, -49.09541737075272749 ) ) ;
#1217 = CARTESIAN_POINT ( 'NONE',  ( 970.1281350223659956, -0.0001905234629517489359, -127.4999999998575362 ) ) ;
#1218 = AXIS2_PLACEMENT_3D ( 'NONE', #6973, #3581, #150 ) ;
#1219 = CARTESIAN_POINT ( 'NONE',  ( 958.7932074315651789, -54.35287990626783738, 10.38532122852886630 ) ) ;
#1220 = AXIS2_PLACEMENT_3D ( 'NONE', #4570, #6899, #2639 ) ;
#1221 = DIRECTION ( 'NONE',  ( 0.000000000000000000, 0.000000000000000000, 1.000000000000000000 ) ) ;
#1222 = ORIENTED_EDGE ( 'NONE', *, *, #2741, .T. ) ;
#1223 = DIRECTION ( 'NONE',  ( -1.000000000000000000, -0.000000000000000000, -0.000000000000000000 ) ) ;
#1224 = CARTESIAN_POINT ( 'NONE',  ( 968.2886015245320550, 41.72077827437201591, 59.90323238522143612 ) ) ;
#1225 = CARTESIAN_POINT ( 'NONE',  ( 967.7932074315651789, -127.1728735659488621, 2.499828171265122911 ) ) ;
#1226 = CARTESIAN_POINT ( 'NONE',  ( 977.7932074315651789, -166.5788324321703158, 101.1368664649722291 ) ) ;
#1227 = CARTESIAN_POINT ( 'NONE',  ( 977.7932074315651789, 0.000000000000000000, 0.000000000000000000 ) ) ;
#1228 = CARTESIAN_POINT ( 'NONE',  ( 975.2932074315651789, -16.09113731973614492, 194.2118649119463214 ) ) ;
#1229 = VERTEX_POINT ( 'NONE', #1643 ) ;
#1230 = CARTESIAN_POINT ( 'NONE',  ( 975.2932074315651789, 121.2596469525088025, -39.39984798134238275 ) ) ;
#1231 = ORIENTED_EDGE ( 'NONE', *, *, #8840, .T. ) ;
#1232 = ORIENTED_EDGE ( 'NONE', *, *, #763, .T. ) ;
#1233 = CARTESIAN_POINT ( 'NONE',  ( 977.7932074315650652, 120.5178825943675491, -41.61390661516102085 ) ) ;
#1234 = CARTESIAN_POINT ( 'NONE',  ( 967.7932074315651789, -68.48732071652840148, -25.26886616299779575 ) ) ;
#1235 = DIRECTION ( 'NONE',  ( -1.000000000000000000, -0.000000000000000000, -0.000000000000000000 ) ) ;
#1236 = B_SPLINE_CURVE_WITH_KNOTS ( 'NONE', 3,
 ( #1415, #2171, #6916, #3485, #1372, #4781, #6881, #8326, #3531, #2852, #7497, #4237, #2898, #4108, #6208, #2814 ),
 .UNSPECIFIED., .F., .F.,
 ( 4, 2, 2, 2, 2, 2, 2, 4 ),
 ( 0.000000000000000000, 0.0004891407059790097312, 0.0009782814119580194624, 0.001467422117937029194, 0.001956562823916038925, 0.002445703529895048439, 0.002934844235874058387, 0.003913125647832077850 ),
 .UNSPECIFIED. ) ;
#1237 = EDGE_CURVE ( 'NONE', #5744, #5229, #3284, .T. ) ;
#1238 = CARTESIAN_POINT ( 'NONE',  ( 967.7932074315651789, -76.95086877762794586, -101.6602862201766015 ) ) ;
#1239 = CARTESIAN_POINT ( 'NONE',  ( 1007.993207431565224, 33.59192716851458727, -46.23532122852844140 ) ) ;
#1240 = CARTESIAN_POINT ( 'NONE',  ( 968.1216482860445467, -83.75233535823629438, 96.13435859199336164 ) ) ;
#1241 = CARTESIAN_POINT ( 'NONE',  ( 977.7932074315651789, -76.95086877762798849, -101.6602862201767294 ) ) ;
#1242 = ORIENTED_EDGE ( 'NONE', *, *, #2439, .F. ) ;
#1243 = EDGE_CURVE ( 'NONE', #6083, #8604, #4565, .T. ) ;
#1244 = DIRECTION ( 'NONE',  ( -1.000000000000000000, -0.000000000000000000, -0.000000000000000000 ) ) ;
#1245 = ORIENTED_EDGE ( 'NONE', *, *, #8092, .T. ) ;
#1246 = DIRECTION ( 'NONE',  ( 1.000000000000000000, 0.000000000000000000, 0.000000000000000000 ) ) ;
#1247 = DIRECTION ( 'NONE',  ( -1.000000000000000000, -0.000000000000000000, -0.000000000000000000 ) ) ;
#1248 = CIRCLE ( 'NONE', #6263, 145.1627378425959591 ) ;
#1249 = B_SPLINE_CURVE_WITH_KNOTS ( 'NONE', 3,
 ( #5687, #3010, #6407, #942, #7198, #894, #3678, #252, #2327, #4303, #4435, #8607, #1617, #1663, #8564, #7114 ),
 .UNSPECIFIED., .F., .F.,
 ( 4, 2, 2, 2, 2, 2, 2, 4 ),
 ( 0.000000000000000000, 0.001060870709216719639, 0.001591306063825021887, 0.002121741418433324353, 0.002652176773041626384, 0.003182612127649928849, 0.003713047482258230881, 0.004243482836866533346 ),
 .UNSPECIFIED. ) ;
#1250 = EDGE_CURVE ( 'NONE', #3345, #7921, #1588, .T. ) ;
#1251 = EDGE_CURVE ( 'NONE', #3385, #6804, #8443, .T. ) ;
#1252 = CARTESIAN_POINT ( 'NONE',  ( 976.9020747459412632, -51.72706873900293800, 51.51042398278099910 ) ) ;
#1253 = DIRECTION ( 'NONE',  ( 0.000000000000000000, -2.631524135987626891E-15, -1.000000000000000000 ) ) ;
#1254 = DIRECTION ( 'NONE',  ( 1.000000000000000000, 0.000000000000000000, 0.000000000000000000 ) ) ;
#1255 = CARTESIAN_POINT ( 'NONE',  ( 967.7932074315651789, -116.8128655150149626, -51.09798870964467454 ) ) ;
#1256 = VERTEX_POINT ( 'NONE', #1050 ) ;
#1257 = ORIENTED_EDGE ( 'NONE', *, *, #8328, .F. ) ;
#1258 = DIRECTION ( 'NONE',  ( -1.000000000000000000, -0.000000000000000000, -0.000000000000000000 ) ) ;
#1259 = CARTESIAN_POINT ( 'NONE',  ( 976.1000973941278289, -127.0970970678039436, -10.12827202245225955 ) ) ;
#1260 = AXIS2_PLACEMENT_3D ( 'NONE', #8897, #1202, #6187 ) ;
#1261 = EDGE_CURVE ( 'NONE', #7456, #1325, #5710, .T. ) ;
#1262 = CARTESIAN_POINT ( 'NONE',  ( 968.1216482860448878, -127.0027174128825749, -11.25070440443427700 ) ) ;
#1263 = CARTESIAN_POINT ( 'NONE',  ( 975.9514122167589676, 127.5000437372088840, -0.06653275332122141061 ) ) ;
#1264 = DIRECTION ( 'NONE',  ( 0.000000000000000000, 0.000000000000000000, -1.000000000000000000 ) ) ;
#1265 = EDGE_CURVE ( 'NONE', #4378, #4342, #5991, .T. ) ;
#1266 = CARTESIAN_POINT ( 'NONE',  ( 1041.321464998407691, 166.5788324321696336, -101.1368664649733233 ) ) ;
#1267 = CARTESIAN_POINT ( 'NONE',  ( 967.7932074315651789, 64.46894917794648450, 110.0000208722311612 ) ) ;
#1268 = DIRECTION ( 'NONE',  ( -1.000000000000000000, -0.000000000000000000, -0.000000000000000000 ) ) ;
#1269 = VECTOR ( 'NONE', #4468, 1000.000000000000000 ) ;
#1270 = VERTEX_POINT ( 'NONE', #6515 ) ;
#1271 = CARTESIAN_POINT ( 'NONE',  ( 968.6815957473299932, 33.27533475921455874, -64.97511442087406408 ) ) ;
#1272 = CIRCLE ( 'NONE', #6559, 160.1627378425955612 ) ;
#1273 = CARTESIAN_POINT ( 'NONE',  ( 977.7776520252658656, -2.701431954909204514, 72.95018361110182070 ) ) ;
#1274 = PRESENTATION_STYLE_ASSIGNMENT (( #6203 ) ) ;
#1275 = AXIS2_PLACEMENT_3D ( 'NONE', #384, #3721, #4346 ) ;
#1276 = EDGE_CURVE ( 'NONE', #7789, #3394, #712, .T. ) ;
#1277 = CIRCLE ( 'NONE', #2556, 72.99999999999974420 ) ;
#1278 = DIRECTION ( 'NONE',  ( 0.000000000000000000, 0.000000000000000000, 1.000000000000000000 ) ) ;
#1279 = CARTESIAN_POINT ( 'NONE',  ( 977.7272465782217523, 11.84345386390329047, -126.9490979718588477 ) ) ;
#1280 = DIRECTION ( 'NONE',  ( 0.000000000000000000, 0.000000000000000000, 1.000000000000000000 ) ) ;
#1281 = VERTEX_POINT ( 'NONE', #8136 ) ;
#1282 = CARTESIAN_POINT ( 'NONE',  ( 977.4635654086102932, -1.248698538959948756, -127.4939575161465086 ) ) ;
#1283 = EDGE_LOOP ( 'NONE', ( #7212, #5385, #1052, #1097 ) ) ;
#1284 = VERTEX_POINT ( 'NONE', #502 ) ;
#1285 = CARTESIAN_POINT ( 'NONE',  ( 977.6709658558775118, -72.96671531470914829, -2.209810104818163978 ) ) ;
#1286 = CIRCLE ( 'NONE', #1715, 147.6627378425959591 ) ;
#1287 = VECTOR ( 'NONE', #960, 1000.000000000000000 ) ;
#1288 = LINE ( 'NONE', #8195, #7986 ) ;
#1289 = CARTESIAN_POINT ( 'NONE',  ( 977.7272465782218660, 84.20036302768446035, -95.74257016239519658 ) ) ;
#1290 = CARTESIAN_POINT ( 'NONE',  ( 977.7932074315651789, 0.000000000000000000, 70.49999999999987210 ) ) ;
#1291 = CARTESIAN_POINT ( 'NONE',  ( 977.6656042090994561, -102.1444232513819941, 76.30720604998343504 ) ) ;
#1292 = CARTESIAN_POINT ( 'NONE',  ( 969.5872790110973938, -64.71573405268172507, -33.77685105961927547 ) ) ;
#1293 = CARTESIAN_POINT ( 'NONE',  ( 967.7932074315651789, 51.09798870964507245, -116.8128655150147779 ) ) ;
#1294 = AXIS2_PLACEMENT_3D ( 'NONE', #229, #956, #4321 ) ;
#1295 = CIRCLE ( 'NONE', #6001, 127.4999999999998863 ) ;
#1296 = CARTESIAN_POINT ( 'NONE',  ( 976.9692569047347206, 43.77524209731594595, -58.41869092465324087 ) ) ;
#1297 = VERTEX_POINT ( 'NONE', #1950 ) ;
#1298 = CARTESIAN_POINT ( 'NONE',  ( 977.5758751313190942, -10.54103450417706256, 72.23514256637632514 ) ) ;
#1299 = VERTEX_POINT ( 'NONE', #1998 ) ;
#1300 = ORIENTED_EDGE ( 'NONE', *, *, #1417, .F. ) ;
#1301 = FACE_OUTER_BOUND ( 'NONE', #8514, .T. ) ;
#1302 = CARTESIAN_POINT ( 'NONE',  ( 977.2455835626556109, -51.43719592512317007, 51.79994793471301762 ) ) ;
#1303 = DIRECTION ( 'NONE',  ( 0.000000000000000000, 0.000000000000000000, 1.000000000000000000 ) ) ;
#1304 = DIRECTION ( 'NONE',  ( 1.000000000000000000, 0.000000000000000000, 0.000000000000000000 ) ) ;
#1305 = ORIENTED_EDGE ( 'NONE', *, *, #5423, .T. ) ;
#1306 = ORIENTED_EDGE ( 'NONE', *, *, #370, .F. ) ;
#1307 = EDGE_CURVE ( 'NONE', #3102, #7394, #3445, .T. ) ;
#1308 = CARTESIAN_POINT ( 'NONE',  ( 976.9464254848240898, -74.44197133722508397, 103.5116234979670793 ) ) ;
#1309 = CARTESIAN_POINT ( 'NONE',  ( 976.4030299189489597, -127.0870153998489229, -10.25399892637595478 ) ) ;
#1310 = CARTESIAN_POINT ( 'NONE',  ( 986.7932074315651789, 0.000000000000000000, 0.000000000000000000 ) ) ;
#1311 = CARTESIAN_POINT ( 'NONE',  ( 968.2886015245320550, -58.18993486777164748, -44.07893000177806897 ) ) ;
#1312 = DIRECTION ( 'NONE',  ( 0.000000000000000000, 0.000000000000000000, 1.000000000000000000 ) ) ;
#1313 = CARTESIAN_POINT ( 'NONE',  ( 976.9020747459416043, 64.97386769550317354, 33.27776939493762853 ) ) ;
#1314 = DIRECTION ( 'NONE',  ( 1.000000000000000000, 0.000000000000000000, 0.000000000000000000 ) ) ;
#1315 = EDGE_CURVE ( 'NONE', #7246, #1767, #3582, .T. ) ;
#1316 = CARTESIAN_POINT ( 'NONE',  ( 968.6815957473299932, -11.27110270888589127, -72.12472281450526168 ) ) ;
#1317 = VERTEX_POINT ( 'NONE', #6641 ) ;
#1318 = EDGE_CURVE ( 'NONE', #7218, #5384, #2209, .T. ) ;
#1319 = CARTESIAN_POINT ( 'NONE',  ( 977.7932074315651789, -16.09113731973614492, 194.2118649119463214 ) ) ;
#1320 = DIRECTION ( 'NONE',  ( 0.000000000000000000, 0.000000000000000000, 1.000000000000000000 ) ) ;
#1321 = CARTESIAN_POINT ( 'NONE',  ( 969.5872790110973938, -72.20966357379266753, 10.71290754374428289 ) ) ;
#1322 = CARTESIAN_POINT ( 'NONE',  ( 967.9202297398426253, -28.10956385634671761, -124.3628781294371493 ) ) ;
#1323 = CARTESIAN_POINT ( 'NONE',  ( 975.6498138585349125, 65.40412251004705979, -32.42379732997823538 ) ) ;
#1324 = CARTESIAN_POINT ( 'NONE',  ( 967.8701356896223160, -72.96168674103773810, -2.370573347154261601 ) ) ;
#1325 = VERTEX_POINT ( 'NONE', #6062 ) ;
#1326 = ORIENTED_EDGE ( 'NONE', *, *, #2074, .T. ) ;
#1327 = ADVANCED_FACE ( 'NONE', ( #4680 ), #4288, .F. ) ;
#1328 = CARTESIAN_POINT ( 'NONE',  ( 976.1207935749461058, 42.46686775105251144, 59.37650972836337360 ) ) ;
#1329 = CARTESIAN_POINT ( 'NONE',  ( 977.7932074315651789, -122.0089775570692439, -37.01431338656095704 ) ) ;
#1330 = CARTESIAN_POINT ( 'NONE',  ( 977.7932074315651789, 126.8857838248238181, 12.49991452610974640 ) ) ;
#1331 = CARTESIAN_POINT ( 'NONE',  ( 958.7932074315651789, 0.000000000000000000, 72.99999999999987210 ) ) ;
#1332 = CARTESIAN_POINT ( 'NONE',  ( 977.1970314762214684, 59.82705642318200745, -41.82987676011226341 ) ) ;
#1333 = CARTESIAN_POINT ( 'NONE',  ( 969.1823241134993623, -82.99598870262053651, 96.78801477489865590 ) ) ;
#1334 = CARTESIAN_POINT ( 'NONE',  ( 1036.782757869134684, 127.1728735659488621, -147.6625660138610669 ) ) ;
#1335 = CARTESIAN_POINT ( 'NONE',  ( 977.1970314762214684, 43.97276907054071415, -58.27015402672009259 ) ) ;
#1336 = EDGE_LOOP ( 'NONE', ( #2001, #2948, #3114, #2112, #2600, #7146, #5272, #8700 ) ) ;
#1337 = CARTESIAN_POINT ( 'NONE',  ( 977.7406944467917356, -10.03333425393232581, 72.30801562593732967 ) ) ;
#1338 = ORIENTED_EDGE ( 'NONE', *, *, #4075, .T. ) ;
#1339 = ORIENTED_EDGE ( 'NONE', *, *, #1710, .T. ) ;
#1340 = CARTESIAN_POINT ( 'NONE',  ( 1042.912997761359293, -51.03190722805661750, -52.19908471100782776 ) ) ;
#1341 = CARTESIAN_POINT ( 'NONE',  ( 977.7932074315651789, -41.76986909048044794, -120.4638038423330784 ) ) ;
#1342 = CARTESIAN_POINT ( 'NONE',  ( 975.9951027213826364, -52.12292228951117323, 51.10971381847412687 ) ) ;
#1343 = DIRECTION ( 'NONE',  ( -1.000000000000000000, -0.000000000000000000, -0.000000000000000000 ) ) ;
#1344 = PLANE ( 'NONE',  #7347 ) ;
#1345 = CARTESIAN_POINT ( 'NONE',  ( 1042.912997761359293, 103.1495547958089674, -74.94277380392571786 ) ) ;
#1346 = EDGE_LOOP ( 'NONE', ( #3816, #7910, #2471, #6799 ) ) ;
#1347 = AXIS2_PLACEMENT_3D ( 'NONE', #6545, #3740, #4370 ) ;
#1348 = VERTEX_POINT ( 'NONE', #4632 ) ;
#1349 = FACE_OUTER_BOUND ( 'NONE', #1706, .T. ) ;
#1350 = CARTESIAN_POINT ( 'NONE',  ( 958.7932074315651789, 33.59192716851458727, -38.96032122852843571 ) ) ;
#1351 = CARTESIAN_POINT ( 'NONE',  ( 977.7932074315651789, 41.76986909048130769, 120.4638038423327799 ) ) ;
#1352 = AXIS2_PLACEMENT_3D ( 'NONE', #3671, #3001, #5732 ) ;
#1353 = DIRECTION ( 'NONE',  ( 1.000000000000000000, 0.000000000000000000, 0.000000000000000000 ) ) ;
#1354 = CIRCLE ( 'NONE', #1059, 3.000000000000002665 ) ;
#1355 = ADVANCED_FACE ( 'NONE', ( #4014 ), #2003, .F. ) ;
#1356 = FACE_OUTER_BOUND ( 'NONE', #5826, .T. ) ;
#1357 = DIRECTION ( 'NONE',  ( 1.000000000000000000, 0.000000000000000000, 0.000000000000000000 ) ) ;
#1358 = CARTESIAN_POINT ( 'NONE',  ( 976.1000973941278289, 96.87046253757287673, 82.89974345545502388 ) ) ;
#1359 = CIRCLE ( 'NONE', #4950, 145.1627378425959591 ) ;
#1360 = AXIS2_PLACEMENT_3D ( 'NONE', #2497, #2628, #3926 ) ;
#1361 = DIRECTION ( 'NONE',  ( 0.000000000000000000, -7.993605777301127091E-15, 1.000000000000000000 ) ) ;
#1362 = ORIENTED_EDGE ( 'NONE', *, *, #7678, .F. ) ;
#1363 = EDGE_CURVE ( 'NONE', #6045, #4485, #4461, .T. ) ;
#1364 = CARTESIAN_POINT ( 'NONE',  ( 977.7167836271273700, -44.80543781807081416, 57.63245409863666424 ) ) ;
#1365 = CARTESIAN_POINT ( 'NONE',  ( 977.7770235444020273, 121.9136276158653800, 37.32750858116474291 ) ) ;
#1366 = AXIS2_PLACEMENT_3D ( 'NONE', #6250, #4192, #7045 ) ;
#1367 =( LENGTH_UNIT ( ) NAMED_UNIT ( * ) SI_UNIT ( .MILLI., .METRE. ) );
#1368 = CARTESIAN_POINT ( 'NONE',  ( 967.7932074315651789, 75.31834776957963129, -179.7340247757206839 ) ) ;
#1369 = CIRCLE ( 'NONE', #3522, 160.1627378425955612 ) ;
#1370 = CARTESIAN_POINT ( 'NONE',  ( 968.7699766253854250, -74.52853796843349699, 103.4492882495310511 ) ) ;
#1371 = DIRECTION ( 'NONE',  ( 1.000000000000000000, 0.000000000000000000, 0.000000000000000000 ) ) ;
#1372 = CARTESIAN_POINT ( 'NONE',  ( 976.1000973941281700, 117.7467141899431908, 48.90772203543525620 ) ) ;
#1373 = CARTESIAN_POINT ( 'NONE',  ( 968.1216482860448878, -109.3603548456488994, 65.54831323448539138 ) ) ;
#1374 = ORIENTED_EDGE ( 'NONE', *, *, #7592, .T. ) ;
#1375 = ORIENTED_EDGE ( 'NONE', *, *, #3710, .F. ) ;
#1376 = CARTESIAN_POINT ( 'NONE',  ( 970.2932074315650652, -12.23414415701314084, 71.96753237915949342 ) ) ;
#1377 = AXIS2_PLACEMENT_3D ( 'NONE', #879, #7603, #3662 ) ;
#1378 = CARTESIAN_POINT ( 'NONE',  ( 1038.865541267632807, -22.17684843932632077, -69.54989139674577814 ) ) ;
#1379 = CARTESIAN_POINT ( 'NONE',  ( 970.2932074315650652, 147.6625660138624028, 127.1728735659473131 ) ) ;
#1380 = CARTESIAN_POINT ( 'NONE',  ( 968.3375251523924589, 11.16143298150401542, -72.14181860534695545 ) ) ;
#1381 = CARTESIAN_POINT ( 'NONE',  ( 977.7932074315651789, -40.41366809279674044, -60.79256065741304127 ) ) ;
#1382 = CARTESIAN_POINT ( 'NONE',  ( 968.9537006561653243, -64.86926698223039978, -33.48121262038733903 ) ) ;
#1383 = CARTESIAN_POINT ( 'NONE',  ( 968.0369480910057973, 20.74911282427018122, 69.98927584223699228 ) ) ;
#1384 = CARTESIAN_POINT ( 'NONE',  ( 1042.912997761359293, 66.62145485401426015, 108.7098512239554253 ) ) ;
#1385 = CARTESIAN_POINT ( 'NONE',  ( 969.1618290769855548, 58.65512115757771028, 43.45781323626741255 ) ) ;
#1386 = EDGE_CURVE ( 'NONE', #6994, #5384, #5581, .T. ) ;
#1387 = CARTESIAN_POINT ( 'NONE',  ( 967.8724445145011259, 117.0711771263723477, 50.50361465018381324 ) ) ;
#1388 = EDGE_LOOP ( 'NONE', ( #583, #8239, #4397, #3068 ) ) ;
#1389 = EDGE_LOOP ( 'NONE', ( #6554, #4291, #6895, #789 ) ) ;
#1390 = ORIENTED_EDGE ( 'NONE', *, *, #86, .T. ) ;
#1391 = CARTESIAN_POINT ( 'NONE',  ( 970.1122724273471931, -33.87455307021136264, 64.66463217473217640 ) ) ;
#1392 = CARTESIAN_POINT ( 'NONE',  ( 969.9570765531306051, -42.56878849335101478, -59.30345269619002124 ) ) ;
#1393 = CARTESIAN_POINT ( 'NONE',  ( 967.7932074315651789, -189.6788945569601879, 44.71118576450717796 ) ) ;
#1394 = CARTESIAN_POINT ( 'NONE',  ( 976.9692569047347206, 21.53127202684775909, 69.75255977334930435 ) ) ;
#1395 = DIRECTION ( 'NONE',  ( 0.000000000000000000, 0.000000000000000000, -1.000000000000000000 ) ) ;
#1396 = CARTESIAN_POINT ( 'NONE',  ( 977.7167836271273700, -57.63245409863648661, -44.80543781807104153 ) ) ;
#1397 = ORIENTED_EDGE ( 'NONE', *, *, #2910, .F. ) ;
#1398 = EDGE_LOOP ( 'NONE', ( #375, #1745, #25, #8494 ) ) ;
#1399 = CARTESIAN_POINT ( 'NONE',  ( 969.0366317484425736, -96.73703470771570778, -83.05543062759151951 ) ) ;
#1400 = CARTESIAN_POINT ( 'NONE',  ( 975.9514122167593086, -103.1888091381481019, -74.88881924725669137 ) ) ;
#1401 = CARTESIAN_POINT ( 'NONE',  ( 967.7932074315651789, -126.8857838248237044, -12.49991452610974285 ) ) ;
#1402 = CARTESIAN_POINT ( 'NONE',  ( 968.7444331958880639, -58.48674571970610714, -43.68421194542584374 ) ) ;
#1403 = CARTESIAN_POINT ( 'NONE',  ( 977.5074755329792424, -71.98459974237213999, 12.13434266118097682 ) ) ;
#1404 = CARTESIAN_POINT ( 'NONE',  ( 0.000000000000000000, 0.000000000000000000, 0.000000000000000000 ) ) ;
#1405 = DIRECTION ( 'NONE',  ( 0.000000000000000000, 0.000000000000000000, -1.000000000000000000 ) ) ;
#1406 = CARTESIAN_POINT ( 'NONE',  ( 968.0369480910057973, 44.42649106410758009, -57.92504905173407792 ) ) ;
#1407 = CARTESIAN_POINT ( 'NONE',  ( 976.5738051988838606, -21.82598793573256657, -69.66086411148252466 ) ) ;
#1408 = VERTEX_POINT ( 'NONE', #7272 ) ;
#1409 = CARTESIAN_POINT ( 'NONE',  ( 977.7776520252658656, -45.06454643930287318, 57.43007642098687171 ) ) ;
#1410 = FILL_AREA_STYLE ('',( #7399 ) ) ;
#1412 = EDGE_CURVE ( 'NONE', #7920, #3018, #8619, .T. ) ;
#1411 = CARTESIAN_POINT ( 'NONE',  ( 968.6413363216272501, -103.5109332502079980, -74.44293099031776251 ) ) ;
#1413 = CARTESIAN_POINT ( 'NONE',  ( 968.3375251523924589, -72.06001915485998666, 11.67789438591568008 ) ) ;
#1414 = FACE_OUTER_BOUND ( 'NONE', #459, .T. ) ;
#1415 = CARTESIAN_POINT ( 'NONE',  ( 975.2932074315651789, 117.7959364952307624, 48.78900844669363579 ) ) ;
#1416 = AXIS2_PLACEMENT_3D ( 'NONE', #3470, #8906, #7387 ) ;
#1417 = EDGE_CURVE ( 'NONE', #969, #7789, #917, .T. ) ;
#1418 = ORIENTED_EDGE ( 'NONE', *, *, #3535, .F. ) ;
#1419 = EDGE_CURVE ( 'NONE', #1494, #5176, #1236, .T. ) ;
#1420 = CARTESIAN_POINT ( 'NONE',  ( 977.6656042090993424, -73.56489587372126948, 104.1368282194183337 ) ) ;
#1421 = CARTESIAN_POINT ( 'NONE',  ( 977.2807874479374277, 83.54332501466915062, -96.31605080129914143 ) ) ;
#1422 = AXIS2_PLACEMENT_3D ( 'NONE', #4490, #6677, #8073 ) ;
#1423 = VECTOR ( 'NONE', #3264, 1000.000000000000000 ) ;
#1424 = CIRCLE ( 'NONE', #1702, 160.1627378425955612 ) ;
#1425 = DIRECTION ( 'NONE',  ( -1.000000000000000000, -0.000000000000000000, -0.000000000000000000 ) ) ;
#1426 = CARTESIAN_POINT ( 'NONE',  ( 975.2932074315651789, -71.96753237915946499, -12.23414415701335756 ) ) ;
#1427 = CARTESIAN_POINT ( 'NONE',  ( 976.9692569047347206, 59.68509753390561201, -42.03218293637578284 ) ) ;
#1428 = CARTESIAN_POINT ( 'NONE',  ( 969.9570765531306051, 22.15954897915861466, 69.55541419991094187 ) ) ;
#1429 = DIRECTION ( 'NONE',  ( 0.000000000000000000, 0.000000000000000000, -1.000000000000000000 ) ) ;
#1430 = CARTESIAN_POINT ( 'NONE',  ( 967.7932074315651789, 57.22161676175463185, 45.32865070979770650 ) ) ;
#1431 = CARTESIAN_POINT ( 'NONE',  ( 967.8459545321662745, -72.30805027434139731, -10.03299988656699959 ) ) ;
#1432 = CIRCLE ( 'NONE', #2146, 157.6627378425955328 ) ;
#1433 = VERTEX_POINT ( 'NONE', #6963 ) ;
#1434 = VECTOR ( 'NONE', #7915, 1000.000000000000000 ) ;
#1435 = CIRCLE ( 'NONE', #6428, 75.49999999999988631 ) ;
#1436 = VERTEX_POINT ( 'NONE', #3569 ) ;
#1437 = ADVANCED_FACE ( 'NONE', ( #2133 ), #5619, .F. ) ;
#1438 = ORIENTED_EDGE ( 'NONE', *, *, #5377, .T. ) ;
#1439 = CARTESIAN_POINT ( 'NONE',  ( 1042.912997761359293, -194.2118649119462646, -16.09113731973690875 ) ) ;
#1440 = CARTESIAN_POINT ( 'NONE',  ( 975.4586042561197701, -48.78900844669404790, 117.7959364952305918 ) ) ;
#1441 = ADVANCED_FACE ( 'NONE', ( #5495 ), #8161, .F. ) ;
#1442 = CIRCLE ( 'NONE', #2287, 35.13333333333272179 ) ;
#1443 = DIRECTION ( 'NONE',  ( 0.000000000000000000, 0.000000000000000000, 1.000000000000000000 ) ) ;
#1444 = DIRECTION ( 'NONE',  ( 0.000000000000000000, 0.000000000000000000, -1.000000000000000000 ) ) ;
#1445 = CARTESIAN_POINT ( 'NONE',  ( 969.5872790110975075, 72.20966357379269596, -10.71290754374427934 ) ) ;
#1446 = ORIENTED_EDGE ( 'NONE', *, *, #2742, .F. ) ;
#1447 = VERTEX_POINT ( 'NONE', #8364 ) ;
#1448 = AXIS2_PLACEMENT_3D ( 'NONE', #5493, #2713, #5577 ) ;
#1449 = CARTESIAN_POINT ( 'NONE',  ( 970.2932074315650652, 44.71118576450793114, 189.6788945569600173 ) ) ;
#1450 = EDGE_CURVE ( 'NONE', #7467, #276, #6118, .T. ) ;
#1451 = CARTESIAN_POINT ( 'NONE',  ( 968.0369480910057973, -57.92504905173420582, -44.42649106410739535 ) ) ;
#1452 = DIRECTION ( 'NONE',  ( 0.000000000000000000, 0.000000000000000000, -1.000000000000000000 ) ) ;
#1453 = DIRECTION ( 'NONE',  ( -1.000000000000000000, -0.000000000000000000, -0.000000000000000000 ) ) ;
#1454 = CARTESIAN_POINT ( 'NONE',  ( 975.2932074315651789, 33.87455307021167528, -64.66463217473180691 ) ) ;
#1455 = ORIENTED_EDGE ( 'NONE', *, *, #1417, .T. ) ;
#1456 = CARTESIAN_POINT ( 'NONE',  ( 977.0249106011895037, -65.05468271056734864, 33.11960126731440823 ) ) ;
#1457 = DIRECTION ( 'NONE',  ( 0.000000000000000000, 0.000000000000000000, -1.000000000000000000 ) ) ;
#1458 = B_SPLINE_CURVE_WITH_KNOTS ( 'NONE', 3,
 ( #438, #6579, #5294, #3188, #5908, #4526, #2547, #5166, #7297, #4572, #1164, #6617, #6490, #3100, #6533, #8023 ),
 .UNSPECIFIED., .F., .F.,
 ( 4, 2, 2, 2, 2, 2, 2, 4 ),
 ( 0.000000000000000000, 0.0004891407059790129838, 0.0009782814119580259676, 0.001467422117937038951, 0.001956562823916051935, 0.002445703529895064919, 0.002934844235874077903, 0.003913125647832102136 ),
 .UNSPECIFIED. ) ;
#1459 = DIRECTION ( 'NONE',  ( 0.000000000000000000, 0.000000000000000000, -1.000000000000000000 ) ) ;
#1460 = CARTESIAN_POINT ( 'NONE',  ( 977.7932074315651789, -126.8857838248238181, -12.49991452610973930 ) ) ;
#1461 = CARTESIAN_POINT ( 'NONE',  ( 977.6709658558775118, 72.96671531470914829, 2.209810104818163978 ) ) ;
#1462 = EDGE_LOOP ( 'NONE', ( #632, #4797 ) ) ;
#1463 = DIRECTION ( 'NONE',  ( 0.000000000000000000, 0.000000000000000000, 1.000000000000000000 ) ) ;
#1464 = CARTESIAN_POINT ( 'NONE',  ( 977.1774328682960231, -109.1524797621783023, 65.89385070837194291 ) ) ;
#1465 = CARTESIAN_POINT ( 'NONE',  ( 977.7932074315651789, 51.09798870964512929, -116.8128655150148631 ) ) ;
#1466 = CARTESIAN_POINT ( 'NONE',  ( 976.9692569047348343, -42.03218293637594627, -59.68509753390549832 ) ) ;
#1467 = CARTESIAN_POINT ( 'NONE',  ( 969.1008202615154232, -64.82298669456653784, -33.57063356993674574 ) ) ;
#1468 = FACE_OUTER_BOUND ( 'NONE', #5374, .T. ) ;
#1469 = EDGE_CURVE ( 'NONE', #4961, #1605, #1286, .T. ) ;
#1470 = CARTESIAN_POINT ( 'NONE',  ( 969.6337287287653908, -48.85076167032445937, 117.7704074179731037 ) ) ;
#1471 = CARTESIAN_POINT ( 'NONE',  ( 969.9658196246413127, 74.95587257257925273, 103.1400415588205561 ) ) ;
#1472 = CARTESIAN_POINT ( 'NONE',  ( 967.7932074315651789, 75.31834776957963129, -179.7340247757206839 ) ) ;
#1473 = ORIENTED_EDGE ( 'NONE', *, *, #4383, .F. ) ;
#1474 = ORIENTED_EDGE ( 'NONE', *, *, #5785, .F. ) ;
#1475 = EDGE_LOOP ( 'NONE', ( #3765, #8655, #5143, #4380 ) ) ;
#1476 = CARTESIAN_POINT ( 'NONE',  ( 977.7932074315652926, 52.84371798723478975, 50.36536915206718135 ) ) ;
#1477 = CARTESIAN_POINT ( 'NONE',  ( 977.4632779943993910, -49.94353073280060329, 117.3111782159180336 ) ) ;
#1478 = CARTESIAN_POINT ( 'NONE',  ( 977.2807874479375414, 109.2177201768472656, -65.78570054226807429 ) ) ;
#1479 = CARTESIAN_POINT ( 'NONE',  ( 976.1000973941278289, -29.64260382391113424, -124.0063305471225021 ) ) ;
#1480 = EDGE_CURVE ( 'NONE', #2444, #6774, #2721, .T. ) ;
#1481 = CARTESIAN_POINT ( 'NONE',  ( 970.2932074315650652, -127.4999999998575078, 0.0001905234625065865828 ) ) ;
#1482 = VERTEX_POINT ( 'NONE', #739 ) ;
#1483 = ADVANCED_FACE ( 'NONE', ( #8243 ), #3857, .F. ) ;
#1484 = ORIENTED_EDGE ( 'NONE', *, *, #7769, .F. ) ;
#1485 = CARTESIAN_POINT ( 'NONE',  ( 967.8087372738299337, 25.11177883904952068, -68.54506483788770765 ) ) ;
#1486 = CARTESIAN_POINT ( 'NONE',  ( 977.6656042090995697, -104.1368282194180210, -73.56489587372171002 ) ) ;
#1487 = DIRECTION ( 'NONE',  ( 1.000000000000000000, 0.000000000000000000, 0.000000000000000000 ) ) ;
#1488 = AXIS2_PLACEMENT_3D ( 'NONE', #1993, #8864, #586 ) ;
#1489 = CARTESIAN_POINT ( 'NONE',  ( 967.8701356896224297, -24.80095037040793926, 68.65814016426692490 ) ) ;
#1490 = LINE ( 'NONE', #2757, #3229 ) ;
#1491 = ORIENTED_EDGE ( 'NONE', *, *, #3118, .F. ) ;
#1492 = CARTESIAN_POINT ( 'NONE',  ( 975.2932074315651789, -69.54989139674569287, 22.17684843932655880 ) ) ;
#1493 = EDGE_CURVE ( 'NONE', #4898, #6668, #270, .T. ) ;
#1494 = VERTEX_POINT ( 'NONE', #693 ) ;
#1495 = CIRCLE ( 'NONE', #2232, 72.99999999999987210 ) ;
#1496 = AXIS2_PLACEMENT_3D ( 'NONE', #5544, #4842, #2177 ) ;
#1497 = CARTESIAN_POINT ( 'NONE',  ( 970.2932074315650652, 33.87455307021167528, -64.66463217473180691 ) ) ;
#1498 = CYLINDRICAL_SURFACE ( 'NONE', #1127, 70.49999999999987210 ) ;
#1499 = CARTESIAN_POINT ( 'NONE',  ( 970.2932074315650652, -72.22574908703222718, 10.60382802656725865 ) ) ;
#1500 = FACE_BOUND ( 'NONE', #1462, .T. ) ;
#1501 = AXIS2_PLACEMENT_3D ( 'NONE', #556, #6889, #6172 ) ;
#1502 = CARTESIAN_POINT ( 'NONE',  ( 977.5498501895683603, 72.97557115643952841, 1.894945621539354752 ) ) ;
#1503 = CIRCLE ( 'NONE', #2938, 72.99999999999987210 ) ;
#1504 = VERTEX_POINT ( 'NONE', #4114 ) ;
#1505 = CIRCLE ( 'NONE', #2940, 157.6627378425955328 ) ;
#1506 = TOROIDAL_SURFACE ( 'NONE', #7082, 160.1627378425955612, 2.500000000000000000 ) ;
#1507 = CARTESIAN_POINT ( 'NONE',  ( 1043.814912118905340, 44.71118576450793114, 189.6788945569600173 ) ) ;
#1508 = CARTESIAN_POINT ( 'NONE',  ( 977.7406944467917356, 10.03333425393275924, -72.30801562593728704 ) ) ;
#1509 = CARTESIAN_POINT ( 'NONE',  ( 977.1970314762214684, -41.82987676011243394, -59.82705642318189376 ) ) ;
#1510 = CARTESIAN_POINT ( 'NONE',  ( 968.3375251523924589, 11.67789438591642970, 72.06001915485985876 ) ) ;
#1511 = CARTESIAN_POINT ( 'NONE',  ( 958.7932074315651789, -33.59192716851524807, -46.23532122852795823 ) ) ;
#1512 = CARTESIAN_POINT ( 'NONE',  ( 970.2932074315650652, 58.82184773064320638, 43.23181964193739901 ) ) ;
#1513 = CARTESIAN_POINT ( 'NONE',  ( 969.6464772890311679, 75.00717523820397048, 103.1027384149293056 ) ) ;
#1514 = CARTESIAN_POINT ( 'NONE',  ( 970.2932074315650652, -74.94277380392607313, -103.1495547958086689 ) ) ;
#1515 = B_SPLINE_CURVE_WITH_KNOTS ( 'NONE', 3,
 ( #1612, #5064, #8472, #2322, #7243, #6606, #3137, #4428, #7967, #379, #3755, #8561, #3179, #465, #8602, #5196 ),
 .UNSPECIFIED., .F., .F.,
 ( 4, 2, 2, 2, 2, 2, 2, 4 ),
 ( 0.000000000000000000, 0.0004881883398703323667, 0.0009763766797406647335, 0.001464565019610997209, 0.001952753359481329467, 0.002440941699351661942, 0.002929130039221994417, 0.003905506718962797712 ),
 .UNSPECIFIED. ) ;
#1516 = VERTEX_POINT ( 'NONE', #6884 ) ;
#1517 = AXIS2_PLACEMENT_3D ( 'NONE', #7842, #1705, #348 ) ;
#1518 = AXIS2_PLACEMENT_3D ( 'NONE', #4084, #4807, #7431 ) ;
#1519 = ORIENTED_EDGE ( 'NONE', *, *, #7208, .F. ) ;
#1520 = ORIENTED_EDGE ( 'NONE', *, *, #6947, .F. ) ;
#1521 = DIRECTION ( 'NONE',  ( -1.000000000000000000, -0.000000000000000000, -0.000000000000000000 ) ) ;
#1522 = CARTESIAN_POINT ( 'NONE',  ( 977.6656042090995697, 1.694840896624857596, 127.4888246508187848 ) ) ;
#1523 = EDGE_CURVE ( 'NONE', #3059, #3385, #414, .T. ) ;
#1524 = CARTESIAN_POINT ( 'NONE',  ( 967.7932074315651789, -60.69877924065139752, 40.55473948611656709 ) ) ;
#1525 = B_SPLINE_CURVE_WITH_KNOTS ( 'NONE', 3,
 ( #100, #8331, #7509, #825, #2860, #8369, #783, #3401, #145, #2054, #7461, #4918, #6922, #741, #3489, #6887 ),
 .UNSPECIFIED., .F., .F.,
 ( 4, 2, 2, 2, 2, 2, 2, 4 ),
 ( 0.000000000000000000, 0.0005326074553525484648, 0.001065214910705096930, 0.001597822366057645395, 0.002130429821410193859, 0.002663037276762742541, 0.003195644732115290789, 0.004260859642820373841 ),
 .UNSPECIFIED. ) ;
#1526 = CARTESIAN_POINT ( 'NONE',  ( 976.8184840389475312, -29.26743566023150223, -124.0954290786343535 ) ) ;
#1527 = DIRECTION ( 'NONE',  ( -1.000000000000000000, -0.000000000000000000, -0.000000000000000000 ) ) ;
#1528 = VERTEX_POINT ( 'NONE', #1329 ) ;
#1529 = ORIENTED_EDGE ( 'NONE', *, *, #2521, .F. ) ;
#1530 = CARTESIAN_POINT ( 'NONE',  ( 1042.912997761359293, 16.09113731973758732, -194.2118649119462646 ) ) ;
#1531 = EDGE_CURVE ( 'NONE', #3272, #457, #851, .T. ) ;
#1532 = DIRECTION ( 'NONE',  ( 1.000000000000000000, 0.000000000000000000, 0.000000000000000000 ) ) ;
#1533 = ADVANCED_FACE ( 'NONE', ( #2818 ), #6871, .F. ) ;
#1534 = EDGE_CURVE ( 'NONE', #6222, #821, #998, .T. ) ;
#1535 = CARTESIAN_POINT ( 'NONE',  ( 1038.865541267632807, 75.31834776957963129, -179.7340247757206839 ) ) ;
#1536 = CARTESIAN_POINT ( 'NONE',  ( 977.5402670494213453, -121.6827849378378517, -38.07325499985515904 ) ) ;
#1537 = CARTESIAN_POINT ( 'NONE',  ( 967.8087372738299337, -25.11177883904909081, 68.54506483788784976 ) ) ;
#1538 = DIRECTION ( 'NONE',  ( -1.000000000000000000, -0.000000000000000000, -0.000000000000000000 ) ) ;
#1539 = ORIENTED_EDGE ( 'NONE', *, *, #8385, .T. ) ;
#1540 = LINE ( 'NONE', #7672, #3858 ) ;
#1541 = ORIENTED_EDGE ( 'NONE', *, *, #5427, .T. ) ;
#1542 = CARTESIAN_POINT ( 'NONE',  ( 977.4756012051085463, -72.97927701132567790, -1.745103159182741281 ) ) ;
#1543 = VERTEX_POINT ( 'NONE', #4195 ) ;
#1544 = EDGE_CURVE ( 'NONE', #119, #5168, #1442, .T. ) ;
#1545 = EDGE_CURVE ( 'NONE', #3048, #1494, #6435, .T. ) ;
#1546 = CARTESIAN_POINT ( 'NONE',  ( 977.7932074315654063, -64.22991943169718354, 34.69360734106636102 ) ) ;
#1547 = DIRECTION ( 'NONE',  ( -1.000000000000000000, -0.000000000000000000, -0.000000000000000000 ) ) ;
#1548 = DIRECTION ( 'NONE',  ( 0.000000000000000000, 0.000000000000000000, -1.000000000000000000 ) ) ;
#1549 = FACE_BOUND ( 'NONE', #3866, .T. ) ;
#1550 = ORIENTED_EDGE ( 'NONE', *, *, #6576, .T. ) ;
#1551 = DIRECTION ( 'NONE',  ( -1.000000000000000000, -0.000000000000000000, -0.000000000000000000 ) ) ;
#1552 = ORIENTED_EDGE ( 'NONE', *, *, #535, .T. ) ;
#1553 = EDGE_CURVE ( 'NONE', #5039, #1649, #4278, .T. ) ;
#1554 = CARTESIAN_POINT ( 'NONE',  ( 977.7932074315652926, 9.685681462791631446, -72.35548711148133805 ) ) ;
#1555 = CARTESIAN_POINT ( 'NONE',  ( 977.7932074315651789, -116.8128655150150479, -51.09798870964470296 ) ) ;
#1556 = CARTESIAN_POINT ( 'NONE',  ( 969.1618290769855548, 21.90912810644322661, 69.63472463436526994 ) ) ;
#1557 = CARTESIAN_POINT ( 'NONE',  ( 968.3072454628944570, -40.32371888669035798, -120.9556378555337233 ) ) ;
#1558 = CARTESIAN_POINT ( 'NONE',  ( 968.7637114205683702, -49.26654757376218186, 117.5970481387125943 ) ) ;
#1559 = ORIENTED_EDGE ( 'NONE', *, *, #4687, .T. ) ;
#1560 = CARTESIAN_POINT ( 'NONE',  ( 968.3375251523922316, 51.43368601339552271, -51.80343155586149351 ) ) ;
#1561 = EDGE_LOOP ( 'NONE', ( #3106, #4926, #3020, #4583 ) ) ;
#1562 = ORIENTED_EDGE ( 'NONE', *, *, #4255, .F. ) ;
#1563 = CIRCLE ( 'NONE', #1275, 72.99999999999974420 ) ;
#1564 = EDGE_LOOP ( 'NONE', ( #3241, #6537 ) ) ;
#1565 = CARTESIAN_POINT ( 'NONE',  ( 977.7406944467916219, -65.66853864671001872, -31.88667358031385746 ) ) ;
#1566 = CARTESIAN_POINT ( 'NONE',  ( 967.7932074315651789, 101.6602862201768573, -76.95086877762759059 ) ) ;
#1567 = CARTESIAN_POINT ( 'NONE',  ( 977.7932074315651789, 110.0000208722319428, -64.46894917794541868 ) ) ;
#1568 = DIRECTION ( 'NONE',  ( -1.000000000000000000, -0.000000000000000000, -0.000000000000000000 ) ) ;
#1569 = DIRECTION ( 'NONE',  ( 0.000000000000000000, 0.000000000000000000, 1.000000000000000000 ) ) ;
#1570 = AXIS2_PLACEMENT_3D ( 'NONE', #2925, #2373, #165 ) ;
#1571 = CIRCLE ( 'NONE', #7714, 145.1627378425959591 ) ;
#1572 = CIRCLE ( 'NONE', #7420, 157.6627378425955328 ) ;
#1573 = ORIENTED_EDGE ( 'NONE', *, *, #3767, .F. ) ;
#1574 = EDGE_LOOP ( 'NONE', ( #4988, #6983, #4216, #5709, #8549, #2037, #118, #8492 ) ) ;
#1575 = CARTESIAN_POINT ( 'NONE',  ( 977.7932074315651789, -70.30567120120376501, 19.64974801233364587 ) ) ;
#1576 = DIRECTION ( 'NONE',  ( 1.000000000000000000, 0.000000000000000000, 0.000000000000000000 ) ) ;
#1577 = CIRCLE ( 'NONE', #5297, 7.275000000000003908 ) ;
#1578 = VECTOR ( 'NONE', #4002, 1000.000000000000000 ) ;
#1579 = DIRECTION ( 'NONE',  ( -1.000000000000000000, -0.000000000000000000, -0.000000000000000000 ) ) ;
#1580 = LINE ( 'NONE', #7117, #3992 ) ;
#1581 = CARTESIAN_POINT ( 'NONE',  ( 977.7932074315651789, 16.09113731973758732, -194.2118649119462646 ) ) ;
#1582 = EDGE_CURVE ( 'NONE', #5122, #720, #8893, .T. ) ;
#1583 = AXIS2_PLACEMENT_3D ( 'NONE', #7758, #5124, #7892 ) ;
#1584 = ORIENTED_EDGE ( 'NONE', *, *, #3395, .F. ) ;
#1585 = ORIENTED_EDGE ( 'NONE', *, *, #991, .T. ) ;
#1586 = CARTESIAN_POINT ( 'NONE',  ( 976.1207935749461058, -72.99800401203883382, -0.5442190424585507946 ) ) ;
#1587 = VERTEX_POINT ( 'NONE', #5794 ) ;
#1588 = B_SPLINE_CURVE_WITH_KNOTS ( 'NONE', 3,
 ( #4375, #325, #8548, #3038, #5012, #7734, #5139, #7864, #4462, #5718, #7096, #7142, #1602, #6471, #3079, #963 ),
 .UNSPECIFIED., .F., .F.,
 ( 4, 2, 2, 2, 2, 2, 2, 4 ),
 ( 0.000000000000000000, 0.0004891428882835933013, 0.0009782857765671866025, 0.001467428664850779904, 0.001956571553134373205, 0.002445714441417966289, 0.002934857329701559808, 0.003913143106268749880 ),
 .UNSPECIFIED. ) ;
#1589 = CARTESIAN_POINT ( 'NONE',  ( 968.7699766253856524, 0.5111122108462829994, 127.4990077426280948 ) ) ;
#1590 = CARTESIAN_POINT ( 'NONE',  ( 970.2932074315650652, -43.23181964193760507, 58.82184773064306427 ) ) ;
#1591 = CARTESIAN_POINT ( 'NONE',  ( 967.8093088641627446, 126.9176241820023705, 12.17342509258296168 ) ) ;
#1592 = LINE ( 'NONE', #908, #5790 ) ;
#1593 = EDGE_CURVE ( 'NONE', #5219, #7008, #406, .T. ) ;
#1594 = EDGE_CURVE ( 'NONE', #3686, #5893, #913, .T. ) ;
#1595 = ORIENTED_EDGE ( 'NONE', *, *, #4115, .F. ) ;
#1596 = DIRECTION ( 'NONE',  ( -1.000000000000000000, -0.000000000000000000, -0.000000000000000000 ) ) ;
#1597 = FACE_OUTER_BOUND ( 'NONE', #3831, .T. ) ;
#1598 = CARTESIAN_POINT ( 'NONE',  ( 958.7932074315651789, 0.000000000000000000, 57.15000000000000568 ) ) ;
#1599 = DIRECTION ( 'NONE',  ( -1.000000000000000000, -0.000000000000000000, -0.000000000000000000 ) ) ;
#1600 = DIRECTION ( 'NONE',  ( 0.000000000000000000, -8.834402456529888926E-15, -1.000000000000000000 ) ) ;
#1601 = CARTESIAN_POINT ( 'NONE',  ( 975.6212234913448356, 29.75172713377331490, 123.9801829012100427 ) ) ;
#1602 = CARTESIAN_POINT ( 'NONE',  ( 969.1823241134993623, 124.0357330087228860, -29.51933064587239741 ) ) ;
#1603 = CARTESIAN_POINT ( 'NONE',  ( 970.2932074315650652, -72.22574908703222718, 10.60382802656725865 ) ) ;
#1604 = CARTESIAN_POINT ( 'NONE',  ( 968.0784268819824092, 51.10352022674837258, -52.12921440066156720 ) ) ;
#1605 = VERTEX_POINT ( 'NONE', #7767 ) ;
#1606 = EDGE_CURVE ( 'NONE', #8006, #5496, #1577, .T. ) ;
#1607 = ORIENTED_EDGE ( 'NONE', *, *, #968, .T. ) ;
#1608 = EDGE_LOOP ( 'NONE', ( #7101, #6587, #68, #5890, #5791 ) ) ;
#1609 = CARTESIAN_POINT ( 'NONE',  ( 975.2932074315651789, 51.03190722805700830, 52.19908471100745118 ) ) ;
#1610 = CARTESIAN_POINT ( 'NONE',  ( 977.7167836271273700, 70.12386720783095484, -20.28965922136112709 ) ) ;
#1611 = CARTESIAN_POINT ( 'NONE',  ( 976.9470595414692298, 109.0326513438098885, -66.09193854282955272 ) ) ;
#1612 = CARTESIAN_POINT ( 'NONE',  ( 970.2932074315650652, 121.2597647024848300, 39.39948558417965074 ) ) ;
#1613 = CARTESIAN_POINT ( 'NONE',  ( 968.3375251523923453, 72.06001915485997245, -11.67789438591566054 ) ) ;
#1614 = ORIENTED_EDGE ( 'NONE', *, *, #4476, .F. ) ;
#1615 = ORIENTED_EDGE ( 'NONE', *, *, #6503, .F. ) ;
#1616 = CARTESIAN_POINT ( 'NONE',  ( 977.7932074315651789, -166.5788324321703158, 101.1368664649722291 ) ) ;
#1617 = CARTESIAN_POINT ( 'NONE',  ( 969.5872790110976212, -52.12195592590982329, 51.11069958373347788 ) ) ;
#1618 = CARTESIAN_POINT ( 'NONE',  ( 970.2932074315650652, 72.22574908703222718, -10.60382802656725865 ) ) ;
#1619 = DIRECTION ( 'NONE',  ( 0.000000000000000000, 0.000000000000000000, 1.000000000000000000 ) ) ;
#1620 = CARTESIAN_POINT ( 'NONE',  ( 977.7932074315651789, 64.46894917794655555, 110.0000208722312749 ) ) ;
#1621 = CARTESIAN_POINT ( 'NONE',  ( 970.2932074315650652, 121.2596469525088025, -39.39984798134238275 ) ) ;
#1622 = ORIENTED_EDGE ( 'NONE', *, *, #2128, .T. ) ;
#1623 = EDGE_LOOP ( 'NONE', ( #7487, #8903, #5104, #6154, #3618, #1076, #239, #6943 ) ) ;
#1624 = CARTESIAN_POINT ( 'NONE',  ( 967.7932074315651789, -34.69302999658388131, -64.23023496094032225 ) ) ;
#1625 = ORIENTED_EDGE ( 'NONE', *, *, #2184, .F. ) ;
#1626 = EDGE_CURVE ( 'NONE', #8356, #8572, #7549, .T. ) ;
#1627 = AXIS2_PLACEMENT_3D ( 'NONE', #2861, #146, #7731 ) ;
#1628 = CARTESIAN_POINT ( 'NONE',  ( 967.7932074315651789, 0.000000000000000000, 0.000000000000000000 ) ) ;
#1629 = CARTESIAN_POINT ( 'NONE',  ( 975.2932074315651789, -108.7098512239556385, 66.62145485401389067 ) ) ;
#1630 = CARTESIAN_POINT ( 'NONE',  ( 977.7406944467917356, 72.30801562593738652, 10.03333425393205403 ) ) ;
#1631 = DIRECTION ( 'NONE',  ( 0.000000000000000000, 0.000000000000000000, 1.000000000000000000 ) ) ;
#1632 = VERTEX_POINT ( 'NONE', #6522 ) ;
#1633 = AXIS2_PLACEMENT_3D ( 'NONE', #652, #8879, #5461 ) ;
#1634 = ORIENTED_EDGE ( 'NONE', *, *, #8614, .T. ) ;
#1635 = CARTESIAN_POINT ( 'NONE',  ( 1001.793207431565179, 54.35287990626809318, 17.66032122852809394 ) ) ;
#1636 = EDGE_CURVE ( 'NONE', #3394, #4353, #4596, .T. ) ;
#1637 = DIRECTION ( 'NONE',  ( 0.000000000000000000, 0.000000000000000000, -1.000000000000000000 ) ) ;
#1638 = CARTESIAN_POINT ( 'NONE',  ( 976.5476831198559466, -121.1568923074755730, 39.71480581583492153 ) ) ;
#1639 = AXIS2_PLACEMENT_3D ( 'NONE', #4965, #102, #6970 ) ;
#1640 = CYLINDRICAL_SURFACE ( 'NONE', #5576, 157.6627378425955328 ) ;
#1641 = CIRCLE ( 'NONE', #8078, 160.1627378425955612 ) ;
#1642 = DIRECTION ( 'NONE',  ( 0.000000000000000000, -1.000000000000000000, 0.000000000000000000 ) ) ;
#1643 = CARTESIAN_POINT ( 'NONE',  ( 975.2932074315651789, 43.23181964193804561, -58.82184773064273742 ) ) ;
#1644 = CARTESIAN_POINT ( 'NONE',  ( 969.4877991597930986, 75.04599984214615915, 103.0744965356945784 ) ) ;
#1645 = CARTESIAN_POINT ( 'NONE',  ( 970.1122724273468521, 52.19908471100817593, -51.03190722805650381 ) ) ;
#1646 = ORIENTED_EDGE ( 'NONE', *, *, #4827, .F. ) ;
#1647 = ORIENTED_EDGE ( 'NONE', *, *, #6292, .F. ) ;
#1648 = AXIS2_PLACEMENT_3D ( 'NONE', #6771, #8662, #7443 ) ;
#1649 = VERTEX_POINT ( 'NONE', #5892 ) ;
#1650 = AXIS2_PLACEMENT_3D ( 'NONE', #1334, #3493, #7601 ) ;
#1651 = CARTESIAN_POINT ( 'NONE',  ( 977.0249106011896174, 51.60161512361214875, 51.63616026887640942 ) ) ;
#1652 = CARTESIAN_POINT ( 'NONE',  ( 975.9622145319366382, 69.57737989315808136, -22.09048454904809233 ) ) ;
#1653 = CARTESIAN_POINT ( 'NONE',  ( 967.7932074315651789, 27.32173838326868065, 124.5382375486186532 ) ) ;
#1654 = CARTESIAN_POINT ( 'NONE',  ( 968.7699766253858797, 102.8484398099277115, -75.35553489764690482 ) ) ;
#1655 = EDGE_CURVE ( 'NONE', #2952, #5251, #2874, .T. ) ;
#1656 = CARTESIAN_POINT ( 'NONE',  ( 1041.321464998407691, 39.39948558418090130, -121.2597647024844321 ) ) ;
#1657 = CARTESIAN_POINT ( 'NONE',  ( 967.7932074315651789, 0.000000000000000000, 0.000000000000000000 ) ) ;
#1658 = CIRCLE ( 'NONE', #790, 145.1627378425959591 ) ;
#1659 = TOROIDAL_SURFACE ( 'NONE', #8388, 145.1627378425959591, 2.500000000000000000 ) ;
#1660 = ORIENTED_EDGE ( 'NONE', *, *, #8173, .F. ) ;
#1661 = ORIENTED_EDGE ( 'NONE', *, *, #1363, .T. ) ;
#1662 = DIRECTION ( 'NONE',  ( 0.000000000000000000, 0.000000000000000000, -1.000000000000000000 ) ) ;
#1663 = CARTESIAN_POINT ( 'NONE',  ( 969.9321275244391245, -52.18297985740795752, 51.04839385017408659 ) ) ;
#1664 = AXIS2_PLACEMENT_3D ( 'NONE', #5959, #2557, #5875 ) ;
#1665 = DIRECTION ( 'NONE',  ( 1.000000000000000000, 0.000000000000000000, 0.000000000000000000 ) ) ;
#1666 = CARTESIAN_POINT ( 'NONE',  ( 975.6233520302655506, -121.2597647024846168, -39.39948558418041102 ) ) ;
#1667 = CARTESIAN_POINT ( 'NONE',  ( 968.7444331958880639, -23.47275605684012589, 69.12336451063795550 ) ) ;
#1668 = CARTESIAN_POINT ( 'NONE',  ( 968.7699766253856524, 121.1008197756089970, -39.88545675709731597 ) ) ;
#1669 = ORIENTED_EDGE ( 'NONE', *, *, #3585, .T. ) ;
#1670 = ORIENTED_EDGE ( 'NONE', *, *, #6542, .F. ) ;
#1671 = CARTESIAN_POINT ( 'NONE',  ( 975.2932074315651789, -121.2596469525085183, 39.39984798134323540 ) ) ;
#1672 = ORIENTED_EDGE ( 'NONE', *, *, #3011, .F. ) ;
#1673 = PLANE ( 'NONE',  #8718 ) ;
#1674 = CARTESIAN_POINT ( 'NONE',  ( 975.9514122167590813, -39.33640388975224766, 121.2803071756487583 ) ) ;
#1675 = CARTESIAN_POINT ( 'NONE',  ( 977.5758751313187531, 72.23514256637635356, 10.54103450417678900 ) ) ;
#1676 = CARTESIAN_POINT ( 'NONE',  ( 970.2932074315650652, -194.2118649119462646, -16.09113731973690875 ) ) ;
#1677 = VERTEX_POINT ( 'NONE', #1054 ) ;
#1678 = AXIS2_PLACEMENT_3D ( 'NONE', #2917, #2240, #5026 ) ;
#1679 = CARTESIAN_POINT ( 'NONE',  ( 975.2932074315651789, 52.19908471100801961, -51.03190722805644697 ) ) ;
#1680 = CARTESIAN_POINT ( 'NONE',  ( 975.6233520302653233, -121.2596469525084473, 39.39984798134327804 ) ) ;
#1681 = DIRECTION ( 'NONE',  ( 0.000000000000000000, 0.000000000000000000, -1.000000000000000000 ) ) ;
#1682 = CARTESIAN_POINT ( 'NONE',  ( 970.2932074315650652, -179.7340247757209113, -75.31834776957897759 ) ) ;
#1683 = CARTESIAN_POINT ( 'NONE',  ( 1038.865541267632807, -29.76757727979827806, -123.9763741318934649 ) ) ;
#1684 = ORIENTED_EDGE ( 'NONE', *, *, #5680, .T. ) ;
#1685 = CARTESIAN_POINT ( 'NONE',  ( 969.0172219968214904, 59.50509329599363895, -42.28656607020177916 ) ) ;
#1686 = ADVANCED_FACE ( 'NONE', ( #3254 ), #4159, .F. ) ;
#1687 = EDGE_LOOP ( 'NONE', ( #2951, #431 ) ) ;
#1688 = ORIENTED_EDGE ( 'NONE', *, *, #8187, .T. ) ;
#1689 = ORIENTED_EDGE ( 'NONE', *, *, #1750, .T. ) ;
#1690 = DIRECTION ( 'NONE',  ( 0.000000000000000000, 0.000000000000000000, 1.000000000000000000 ) ) ;
#1691 = CARTESIAN_POINT ( 'NONE',  ( 977.4635654086102932, -40.58538243497302744, -120.8680900145987636 ) ) ;
#1692 = CARTESIAN_POINT ( 'NONE',  ( 1041.321464998407691, 22.93895319245790532, -69.30226855186060675 ) ) ;
#1693 = CARTESIAN_POINT ( 'NONE',  ( 975.4630272440168710, 0.4006621794151172256, -72.99890046992462089 ) ) ;
#1694 = EDGE_CURVE ( 'NONE', #1744, #4522, #2422, .T. ) ;
#1695 = VERTEX_POINT ( 'NONE', #8597 ) ;
#1696 = AXIS2_PLACEMENT_3D ( 'NONE', #3889, #5242, #471 ) ;
#1697 = VERTEX_POINT ( 'NONE', #3210 ) ;
#1698 = ADVANCED_FACE ( 'NONE', ( #4510 ), #7236, .T. ) ;
#1699 = CARTESIAN_POINT ( 'NONE',  ( 977.4632779943997321, -65.55066599466920252, -109.3589456062941423 ) ) ;
#1700 = CARTESIAN_POINT ( 'NONE',  ( 970.2932074315650652, 0.4006621794151537519, -72.99890046992466353 ) ) ;
#1701 = AXIS2_PLACEMENT_3D ( 'NONE', #1882, #3898, #6623 ) ;
#1702 = AXIS2_PLACEMENT_3D ( 'NONE', #2571, #4054, #6777 ) ;
#1703 = CARTESIAN_POINT ( 'NONE',  ( 977.7932074315650652, -121.9610557435960487, -37.17227637248702621 ) ) ;
#1704 = CARTESIAN_POINT ( 'NONE',  ( 967.8093088641628583, -50.79731801786238066, 116.9440382776346468 ) ) ;
#1705 = DIRECTION ( 'NONE',  ( -1.000000000000000000, -0.000000000000000000, -0.000000000000000000 ) ) ;
#1706 = EDGE_LOOP ( 'NONE', ( #7725, #5158, #6849, #1552, #7931 ) ) ;
#1707 = VERTEX_POINT ( 'NONE', #5845 ) ;
#1708 = AXIS2_PLACEMENT_3D ( 'NONE', #3896, #3234, #1742 ) ;
#1709 = CIRCLE ( 'NONE', #7857, 127.4999999999998863 ) ;
#1710 = EDGE_CURVE ( 'NONE', #4005, #1516, #4436, .T. ) ;
#1711 = AXIS2_PLACEMENT_3D ( 'NONE', #5126, #7848, #7173 ) ;
#1712 = CARTESIAN_POINT ( 'NONE',  ( 958.7932074315651789, 33.59192716851458727, -53.51032122852844708 ) ) ;
#1713 = ORIENTED_EDGE ( 'NONE', *, *, #1694, .T. ) ;
#1714 = CARTESIAN_POINT ( 'NONE',  ( 967.7932074315651789, 3.037626311421902869, -72.93677279940564517 ) ) ;
#1715 = AXIS2_PLACEMENT_3D ( 'NONE', #2672, #5582, #2052 ) ;
#1716 = CARTESIAN_POINT ( 'NONE',  ( 970.2932074315650652, 39.39948558418090130, -121.2597647024844321 ) ) ;
#1717 = CARTESIAN_POINT ( 'NONE',  ( 1001.793207431565179, 54.35287990626809318, 24.93532122852809962 ) ) ;
#1718 = ORIENTED_EDGE ( 'NONE', *, *, #974, .T. ) ;
#1719 = B_SPLINE_CURVE_WITH_KNOTS ( 'NONE', 3,
 ( #2658, #5395, #8032, #6680, #2228, #2906, #5719, #8464, #187, #5054, #2181, #149, #6309, #6972, #2314, #3542 ),
 .UNSPECIFIED., .F., .F.,
 ( 4, 2, 2, 2, 2, 2, 2, 4 ),
 ( 0.000000000000000000, 0.0005326074553525414175, 0.001065214910705082835, 0.001597822366057623927, 0.002130429821410165670, 0.002663037276762706979, 0.003195644732115247855, 0.004260859642820335677 ),
 .UNSPECIFIED. ) ;
#1720 = CIRCLE ( 'NONE', #8018, 145.1627378425959876 ) ;
#1721 = CARTESIAN_POINT ( 'NONE',  ( 967.8093088641627446, 50.79731801786309831, -116.9440382776342773 ) ) ;
#1722 = CARTESIAN_POINT ( 'NONE',  ( 977.5406705918380794, -83.86010471390363819, 96.04038502732504412 ) ) ;
#1723 = CARTESIAN_POINT ( 'NONE',  ( 967.7932074315651789, 19.64974801233390167, 70.30567120120355185 ) ) ;
#1724 = CARTESIAN_POINT ( 'NONE',  ( 1038.865541267632807, -75.31834776957833810, 179.7340247757211955 ) ) ;
#1725 = DIRECTION ( 'NONE',  ( 0.000000000000000000, 0.000000000000000000, -1.000000000000000000 ) ) ;
#1726 = CARTESIAN_POINT ( 'NONE',  ( 969.4678067838158313, 59.37602108402310108, -42.46755101860790660 ) ) ;
#1727 = VERTEX_POINT ( 'NONE', #2532 ) ;
#1728 = ORIENTED_EDGE ( 'NONE', *, *, #5142, .F. ) ;
#1729 = CARTESIAN_POINT ( 'NONE',  ( 968.3072454628944570, -38.47336625738076776, 121.5568538697727803 ) ) ;
#1730 = EDGE_LOOP ( 'NONE', ( #2892, #6333, #6024, #4811 ) ) ;
#1731 = CARTESIAN_POINT ( 'NONE',  ( 977.1768636741707041, 102.6487504311413517, -75.62735834790476019 ) ) ;
#1732 = CARTESIAN_POINT ( 'NONE',  ( 970.2932074315650652, 127.1728735659488621, -147.6625660138610669 ) ) ;
#1733 = ADVANCED_FACE ( 'NONE', ( #5270 ), #6558, .F. ) ;
#1734 = DIRECTION ( 'NONE',  ( 0.000000000000000000, 0.000000000000000000, 1.000000000000000000 ) ) ;
#1735 = CARTESIAN_POINT ( 'NONE',  ( 977.7932074315651789, -76.95086877762798849, -101.6602862201767294 ) ) ;
#1736 = ORIENTED_EDGE ( 'NONE', *, *, #2446, .F. ) ;
#1737 = ORIENTED_EDGE ( 'NONE', *, *, #1087, .T. ) ;
#1738 = DIRECTION ( 'NONE',  ( -1.000000000000000000, -0.000000000000000000, -0.000000000000000000 ) ) ;
#1739 = ADVANCED_FACE ( 'NONE', ( #8726 ), #8735, .F. ) ;
#1740 = CARTESIAN_POINT ( 'NONE',  ( 967.9165188163372022, 2.206685248240610075, -72.96680722171022637 ) ) ;
#1741 = FACE_BOUND ( 'NONE', #3469, .T. ) ;
#1742 = DIRECTION ( 'NONE',  ( 0.000000000000000000, 0.000000000000000000, 1.000000000000000000 ) ) ;
#1743 = CARTESIAN_POINT ( 'NONE',  ( 976.1000973941278289, -96.87046253757223724, -82.89974345545572021 ) ) ;
#1744 = VERTEX_POINT ( 'NONE', #2585 ) ;
#1745 = ORIENTED_EDGE ( 'NONE', *, *, #329, .F. ) ;
#1746 = LINE ( 'NONE', #4484, #419 ) ;
#1747 = ORIENTED_EDGE ( 'NONE', *, *, #2742, .T. ) ;
#1748 =( LENGTH_UNIT ( ) NAMED_UNIT ( * ) SI_UNIT ( .MILLI., .METRE. ) );
#1749 = CARTESIAN_POINT ( 'NONE',  ( 967.8595308706300102, 1.842037185917749786, 127.4870473744650923 ) ) ;
#1750 = EDGE_CURVE ( 'NONE', #8265, #8810, #6051, .T. ) ;
#1751 = CARTESIAN_POINT ( 'NONE',  ( 1043.814912118905113, 64.66463217473219061, 33.87455307021097184 ) ) ;
#1752 = DIRECTION ( 'NONE',  ( 1.000000000000000000, 0.000000000000000000, 0.000000000000000000 ) ) ;
#1753 = CARTESIAN_POINT ( 'NONE',  ( 975.2932074315651789, -194.2118649119462646, -16.09113731973690875 ) ) ;
#1754 = ORIENTED_EDGE ( 'NONE', *, *, #4936, .T. ) ;
#1755 = DIRECTION ( 'NONE',  ( 0.000000000000000000, 0.000000000000000000, 1.000000000000000000 ) ) ;
#1756 = FACE_OUTER_BOUND ( 'NONE', #1346, .T. ) ;
#1757 = CARTESIAN_POINT ( 'NONE',  ( 969.4197070095236768, 10.77681337482860968, 72.20018930567309212 ) ) ;
#1758 = PLANE ( 'NONE',  #8444 ) ;
#1759 = CARTESIAN_POINT ( 'NONE',  ( 975.2932074315651789, 33.87455307021167528, -64.66463217473180691 ) ) ;
#1760 = CARTESIAN_POINT ( 'NONE',  ( 969.1851730895937180, -103.0006639765592382, 75.14730300404828256 ) ) ;
#1761 = DIRECTION ( 'NONE',  ( 0.000000000000000000, 0.000000000000000000, -1.000000000000000000 ) ) ;
#1762 = ORIENTED_EDGE ( 'NONE', *, *, #763, .F. ) ;
#1763 = DIRECTION ( 'NONE',  ( 1.000000000000000000, 0.000000000000000000, 0.000000000000000000 ) ) ;
#1764 = AXIS2_PLACEMENT_3D ( 'NONE', #3655, #3824, #1755 ) ;
#1765 = B_SPLINE_CURVE_WITH_KNOTS ( 'NONE', 3,
 ( #2810, #771, #8186, #817, #3482, #8361, #3527, #4777, #1411, #683, #90, #2849, #2168, #7677, #6960, #4152 ),
 .UNSPECIFIED., .F., .F.,
 ( 4, 2, 2, 2, 2, 2, 2, 4 ),
 ( 0.000000000000000000, 0.0004881883398703384383, 0.0009763766797406768765, 0.001464565019611015423, 0.001952753359481353753, 0.002440941699351691866, 0.002929130039222030846, 0.003905506718962782099 ),
 .UNSPECIFIED. ) ;
#1766 = ORIENTED_EDGE ( 'NONE', *, *, #7984, .F. ) ;
#1767 = VERTEX_POINT ( 'NONE', #6744 ) ;
#1768 = CARTESIAN_POINT ( 'NONE',  ( 968.4107331596591166, -38.59322136952714288, 121.5188320429427051 ) ) ;
#1769 = ORIENTED_EDGE ( 'NONE', *, *, #7877, .T. ) ;
#1770 = DIRECTION ( 'NONE',  ( 1.000000000000000000, 0.000000000000000000, 0.000000000000000000 ) ) ;
#1771 = CARTESIAN_POINT ( 'NONE',  ( 969.4678067838158313, 69.25732001653489078, 23.07440992562316495 ) ) ;
#1772 = AXIS2_PLACEMENT_3D ( 'NONE', #5668, #1425, #3614 ) ;
#1773 = AXIS2_PLACEMENT_3D ( 'NONE', #7374, #1244, #3977 ) ;
#1774 = CARTESIAN_POINT ( 'NONE',  ( 977.3428997317970470, 11.82320168240397429, 72.03635730563895834 ) ) ;
#1775 = CARTESIAN_POINT ( 'NONE',  ( 977.5074755329791287, -72.21114075575538038, -10.70401899479652741 ) ) ;
#1776 = CARTESIAN_POINT ( 'NONE',  ( 970.2932074315650652, 22.17684843932680394, 69.54989139674560761 ) ) ;
#1777 = CARTESIAN_POINT ( 'NONE',  ( 970.2932074315650652, 108.7098512239561501, -66.62145485401308065 ) ) ;
#1778 = CARTESIAN_POINT ( 'NONE',  ( 958.7932074315651789, -37.92267161132591013, -24.55243370120933122 ) ) ;
#1779 = ORIENTED_EDGE ( 'NONE', *, *, #5525, .F. ) ;
#1780 = AXIS2_PLACEMENT_3D ( 'NONE', #7733, #3616, #4328 ) ;
#1781 = VECTOR ( 'NONE', #574, 1000.000000000000000 ) ;
#1782 = ORIENTED_EDGE ( 'NONE', *, *, #1243, .F. ) ;
#1783 = ADVANCED_FACE ( 'NONE', ( #1955 ), #8012, .F. ) ;
#1784 = DIRECTION ( 'NONE',  ( -1.000000000000000000, -0.000000000000000000, -0.000000000000000000 ) ) ;
#1785 = B_SPLINE_CURVE_WITH_KNOTS ( 'NONE', 3,
 ( #742, #20, #4118, #4791, #699, #2143, #4883, #8248, #3450, #1382, #1467, #8778, #1292, #4199, #6888, #3351 ),
 .UNSPECIFIED., .F., .F.,
 ( 4, 2, 2, 2, 2, 2, 2, 4 ),
 ( 0.000000000000000000, 0.001060870709216538577, 0.001591306063824875520, 0.002121741418433212897, 0.002652176773041549623, 0.003182612127649886782, 0.003713047482258223942, 0.004243482836866561102 ),
 .UNSPECIFIED. ) ;
#1786 = FACE_OUTER_BOUND ( 'NONE', #3041, .T. ) ;
#1787 = CIRCLE ( 'NONE', #2221, 145.1627378425959591 ) ;
#1788 = EDGE_CURVE ( 'NONE', #7821, #950, #3282, .T. ) ;
#1789 = AXIS2_PLACEMENT_3D ( 'NONE', #3555, #1665, #6325 ) ;
#1790 = CARTESIAN_POINT ( 'NONE',  ( 970.2932074315650652, 74.94277380392682630, 103.1495547958081147 ) ) ;
#1791 = CYLINDRICAL_SURFACE ( 'NONE', #4520, 157.6627378425955328 ) ;
#1792 = CARTESIAN_POINT ( 'NONE',  ( 1041.321464998407691, -12.23414415701314084, 71.96753237915949342 ) ) ;
#1793 = ORIENTED_EDGE ( 'NONE', *, *, #2305, .F. ) ;
#1794 = ORIENTED_EDGE ( 'NONE', *, *, #4266, .T. ) ;
#1795 = EDGE_CURVE ( 'NONE', #8157, #3886, #4879, .T. ) ;
#1796 = CIRCLE ( 'NONE', #5379, 127.4999999999997868 ) ;
#1797 = AXIS2_PLACEMENT_3D ( 'NONE', #1992, #2966, #6409 ) ;
#1798 = CARTESIAN_POINT ( 'NONE',  ( 970.1281350223661093, -121.2597647024845884, -39.39948558418041813 ) ) ;
#1799 = ORIENTED_EDGE ( 'NONE', *, *, #8843, .T. ) ;
#1800 = DIRECTION ( 'NONE',  ( 1.000000000000000000, -0.000000000000000000, -0.000000000000000000 ) ) ;
#1801 = CARTESIAN_POINT ( 'NONE',  ( 977.7932074315651789, -116.9454229753894623, -50.79495492724426953 ) ) ;
#1802 = DIRECTION ( 'NONE',  ( 0.000000000000000000, 0.000000000000000000, 1.000000000000000000 ) ) ;
#1803 = ORIENTED_EDGE ( 'NONE', *, *, #6178, .F. ) ;
#1804 = ADVANCED_FACE ( 'NONE', ( #3604 ), #7145, .F. ) ;
#1805 = ORIENTED_EDGE ( 'NONE', *, *, #7090, .F. ) ;
#1806 = EDGE_CURVE ( 'NONE', #1256, #6235, #7978, .T. ) ;
#1807 = DIRECTION ( 'NONE',  ( -1.000000000000000000, -0.000000000000000000, -0.000000000000000000 ) ) ;
#1808 = CARTESIAN_POINT ( 'NONE',  ( 975.6324830688729435, -59.30365762451314993, 42.56850352975886409 ) ) ;
#1809 = CARTESIAN_POINT ( 'NONE',  ( 976.9470595414693435, -83.27268134854823245, 96.55011103273322703 ) ) ;
#1810 = CARTESIAN_POINT ( 'NONE',  ( 970.1122724273471931, 65.41400624788225571, -32.40382364169384743 ) ) ;
#1811 = CARTESIAN_POINT ( 'NONE',  ( 968.0467338867611033, -127.4924984297261830, 1.391197850627445165 ) ) ;
#1812 = CARTESIAN_POINT ( 'NONE',  ( 977.6656042090995697, 104.1368282194185753, 73.56489587372095684 ) ) ;
#1813 = DIRECTION ( 'NONE',  ( 0.000000000000000000, 0.000000000000000000, 1.000000000000000000 ) ) ;
#1814 = ORIENTED_EDGE ( 'NONE', *, *, #5252, .T. ) ;
#1815 = CARTESIAN_POINT ( 'NONE',  ( 977.7932074315651789, 0.000000000000000000, 0.000000000000000000 ) ) ;
#1816 = VERTEX_POINT ( 'NONE', #170 ) ;
#1817 = VECTOR ( 'NONE', #6189, 1000.000000000000000 ) ;
#1818 = ORIENTED_EDGE ( 'NONE', *, *, #7984, .T. ) ;
#1819 = CARTESIAN_POINT ( 'NONE',  ( 969.0416369157516101, -39.08580696472584037, 121.3612702016709903 ) ) ;
#1820 = EDGE_CURVE ( 'NONE', #5384, #3262, #7011, .T. ) ;
#1821 = EDGE_LOOP ( 'NONE', ( #4740, #3666, #8890, #2353 ) ) ;
#1822 = CARTESIAN_POINT ( 'NONE',  ( 970.2932074315650652, 64.66463217473219061, 33.87455307021097184 ) ) ;
#1823 = CARTESIAN_POINT ( 'NONE',  ( 976.1647925795699621, -33.72014241389783251, 64.74533813478210220 ) ) ;
#1824 = CARTESIAN_POINT ( 'NONE',  ( 970.2932074315650652, 29.76757727979914137, 123.9763741318932517 ) ) ;
#1825 = DIRECTION ( 'NONE',  ( 1.000000000000000000, 0.000000000000000000, 0.000000000000000000 ) ) ;
#1826 = CARTESIAN_POINT ( 'NONE',  ( 977.7167836271272563, 2.372854062628159788, -72.96161036530061494 ) ) ;
#1827 = VERTEX_POINT ( 'NONE', #6027 ) ;
#1828 = ORIENTED_EDGE ( 'NONE', *, *, #2817, .F. ) ;
#1829 = CARTESIAN_POINT ( 'NONE',  ( 1007.993207431565224, -33.59192716851524807, -46.23532122852795823 ) ) ;
#1830 = FACE_OUTER_BOUND ( 'NONE', #3356, .T. ) ;
#1831 = DIRECTION ( 'NONE',  ( 0.000000000000000000, 0.000000000000000000, 1.000000000000000000 ) ) ;
#1832 = DIRECTION ( 'NONE',  ( -1.000000000000000000, -0.000000000000000000, -0.000000000000000000 ) ) ;
#1833 = CARTESIAN_POINT ( 'NONE',  ( 967.8087372738299337, -45.06431081608037204, 57.43026415369569548 ) ) ;
#1835 = DIRECTION ( 'NONE',  ( 0.000000000000000000, 6.238659101498586888E-15, -1.000000000000000000 ) ) ;
#1834 = VECTOR ( 'NONE', #6148, 1000.000000000000000 ) ;
#1836 = ORIENTED_EDGE ( 'NONE', *, *, #3180, .F. ) ;
#1837 = DIRECTION ( 'NONE',  ( -1.000000000000000000, -0.000000000000000000, -0.000000000000000000 ) ) ;
#1838 = CIRCLE ( 'NONE', #8875, 127.4999999999997868 ) ;
#1839 = CARTESIAN_POINT ( 'NONE',  ( 975.6233520302658917, -0.0001905234629743001785, -127.4999999998575078 ) ) ;
#1840 = EDGE_CURVE ( 'NONE', #7394, #3781, #3157, .T. ) ;
#1841 = CARTESIAN_POINT ( 'NONE',  ( 976.4030299189488460, 124.0355940610815111, -29.51991502593073946 ) ) ;
#1842 = DIRECTION ( 'NONE',  ( 0.000000000000000000, 0.000000000000000000, 1.000000000000000000 ) ) ;
#1843 = CIRCLE ( 'NONE', #5146, 145.1627378425959591 ) ;
#1844 = CIRCLE ( 'NONE', #5290, 160.1627378425955612 ) ;
#1845 = ORIENTED_EDGE ( 'NONE', *, *, #2454, .F. ) ;
#1846 = AXIS2_PLACEMENT_3D ( 'NONE', #1753, #5182, #3201 ) ;
#1847 = EDGE_CURVE ( 'NONE', #3587, #1857, #8593, .T. ) ;
#1848 = FACE_OUTER_BOUND ( 'NONE', #390, .T. ) ;
#1849 = CARTESIAN_POINT ( 'NONE',  ( 970.2932074315650652, 10.60382802656801360, 72.22574908703211349 ) ) ;
#1850 = CARTESIAN_POINT ( 'NONE',  ( 976.9692569047347206, 23.58036096419478511, -69.08677041827228038 ) ) ;
#1851 = DIRECTION ( 'NONE',  ( 0.000000000000000000, 3.552569766131139471E-15, 1.000000000000000000 ) ) ;
#1852 = CYLINDRICAL_SURFACE ( 'NONE', #928, 157.6627378425955328 ) ;
#1853 = CARTESIAN_POINT ( 'NONE',  ( 970.2932074315650652, -75.31834776957833810, 179.7340247757211955 ) ) ;
#1854 = ORIENTED_EDGE ( 'NONE', *, *, #3354, .F. ) ;
#1855 = ADVANCED_FACE ( 'NONE', ( #8530 ), #857, .F. ) ;
#1856 = CARTESIAN_POINT ( 'NONE',  ( 977.7932074315651789, -41.76986909048044794, -120.4638038423330784 ) ) ;
#1857 = VERTEX_POINT ( 'NONE', #6374 ) ;
#1858 = AXIS2_PLACEMENT_3D ( 'NONE', #224, #273, #2340 ) ;
#1859 = ORIENTED_EDGE ( 'NONE', *, *, #2626, .F. ) ;
#1860 = CARTESIAN_POINT ( 'NONE',  ( 967.7932074315651789, -37.01431338656056624, 122.0089775570692439 ) ) ;
#1861 = ORIENTED_EDGE ( 'NONE', *, *, #2194, .T. ) ;
#1862 = CARTESIAN_POINT ( 'NONE',  ( 968.9537006561660064, 64.86926698223065557, 33.48121262038685586 ) ) ;
#1863 = CARTESIAN_POINT ( 'NONE',  ( 970.2932074315650652, -29.76757727979827806, -123.9763741318934649 ) ) ;
#1864 = CARTESIAN_POINT ( 'NONE',  ( 967.7932074315651789, -2.868373823094219066, 72.94382172400280240 ) ) ;
#1865 = CARTESIAN_POINT ( 'NONE',  ( 1007.993207431565224, 33.59192716851458727, -53.51032122852844708 ) ) ;
#1866 = CARTESIAN_POINT ( 'NONE',  ( 975.6324830688730572, 0.4191725780064280982, -72.99880543377693698 ) ) ;
#1867 = EDGE_CURVE ( 'NONE', #1727, #1677, #5022, .T. ) ;
#1868 = CARTESIAN_POINT ( 'NONE',  ( 967.7932074315651789, 57.22161676175463185, 45.32865070979770650 ) ) ;
#1869 = ADVANCED_FACE ( 'NONE', ( #5078 ), #3731, .T. ) ;
#1870 = ORIENTED_EDGE ( 'NONE', *, *, #8049, .T. ) ;
#1871 = CARTESIAN_POINT ( 'NONE',  ( 977.1768636741708178, 38.59193764340941613, -121.5192398128146039 ) ) ;
#1872 = ORIENTED_EDGE ( 'NONE', *, *, #4058, .F. ) ;
#1873 = CARTESIAN_POINT ( 'NONE',  ( 977.7770235444020273, 41.46044356624285854, 120.5707556359634225 ) ) ;
#1874 = PLANE ( 'NONE',  #7993 ) ;
#1875 = CARTESIAN_POINT ( 'NONE',  ( 967.7932074315654063, 2.868373823094719555, -72.94382172400277398 ) ) ;
#1876 = CARTESIAN_POINT ( 'NONE',  ( 970.2932074315650652, -121.2596469525085183, 39.39984798134323540 ) ) ;
#1877 = FACE_OUTER_BOUND ( 'NONE', #7893, .T. ) ;
#1878 = CARTESIAN_POINT ( 'NONE',  ( 977.6656042090995697, -37.78432393117225274, 121.7728120787901673 ) ) ;
#1879 = CARTESIAN_POINT ( 'NONE',  ( 969.6464772890308268, 127.4999789654059867, -0.07981035650114597091 ) ) ;
#1880 = B_SPLINE_CURVE_WITH_KNOTS ( 'NONE', 3,
 ( #2297, #1624, #3154, #3105, #8615, #4354, #7255, #4447, #7211, #5697, #8446, #3770, #5746, #5825, #7083, #949 ),
 .UNSPECIFIED., .F., .F.,
 ( 4, 2, 2, 2, 2, 2, 2, 4 ),
 ( 0.000000000000000000, 0.001060870709216553539, 0.001591306063824880074, 0.002121741418433206825, 0.002652176773041533143, 0.003182612127649859894, 0.003713047482258186646, 0.004243482836866513397 ),
 .UNSPECIFIED. ) ;
#1881 = ORIENTED_EDGE ( 'NONE', *, *, #6776, .T. ) ;
#1882 = CARTESIAN_POINT ( 'NONE',  ( 1038.865541267632807, 75.31834776957963129, -179.7340247757206839 ) ) ;
#1883 = LINE ( 'NONE', #5389, #777 ) ;
#1884 = DIRECTION ( 'NONE',  ( -1.000000000000000000, -0.000000000000000000, -0.000000000000000000 ) ) ;
#1885 = CARTESIAN_POINT ( 'NONE',  ( 967.7932074315650652, 37.33023988404919180, -121.9131337706586748 ) ) ;
#1886 = CARTESIAN_POINT ( 'NONE',  ( 969.6337287287655045, 66.56450376253074808, 108.7448050162133057 ) ) ;
#1887 = DIRECTION ( 'NONE',  ( 0.000000000000000000, 0.000000000000000000, 1.000000000000000000 ) ) ;
#1888 = VERTEX_POINT ( 'NONE', #267 ) ;
#1889 = EDGE_CURVE ( 'NONE', #6535, #6774, #1746, .T. ) ;
#1890 = CARTESIAN_POINT ( 'NONE',  ( 967.8459545321662745, 31.88636628499794057, -65.66867492449867427 ) ) ;
#1891 = CARTESIAN_POINT ( 'NONE',  ( 967.7932074315651789, 40.41366809279715255, 60.79256065741262205 ) ) ;
#1892 = CARTESIAN_POINT ( 'NONE',  ( 968.6380338253294440, 10.61944071593926076, -127.0570380027989330 ) ) ;
#1894 = EDGE_CURVE ( 'NONE', #1605, #1744, #7661, .T. ) ;
#1893 = CARTESIAN_POINT ( 'NONE',  ( 968.6815957473299932, 65.11172533632579018, -33.00722074138239037 ) ) ;
#1895 = CARTESIAN_POINT ( 'NONE',  ( 967.8595308706298965, -127.4870473744651207, 1.842037185916406639 ) ) ;
#1896 = CARTESIAN_POINT ( 'NONE',  ( 975.4586042561198838, 10.00015816147009318, -127.1072257456104211 ) ) ;
#1897 = DIRECTION ( 'NONE',  ( -1.000000000000000000, -0.000000000000000000, -0.000000000000000000 ) ) ;
#1898 = ORIENTED_EDGE ( 'NONE', *, *, #4048, .T. ) ;
#1899 = CARTESIAN_POINT ( 'NONE',  ( 967.8724445145011259, -109.6709939127641462, 65.02729196787423405 ) ) ;
#1900 = VERTEX_POINT ( 'NONE', #7844 ) ;
#1901 = EDGE_CURVE ( 'NONE', #3587, #5018, #995, .T. ) ;
#1902 = ORIENTED_EDGE ( 'NONE', *, *, #3452, .T. ) ;
#1903 = CARTESIAN_POINT ( 'NONE',  ( 977.7932074315651789, 120.4638038423332063, -41.76986909048005714 ) ) ;
#1904 = EDGE_CURVE ( 'NONE', #6338, #5613, #1880, .T. ) ;
#1905 = CARTESIAN_POINT ( 'NONE',  ( 968.0369480910057973, -68.81853609662415749, -24.35227926565934098 ) ) ;
#1906 = CARTESIAN_POINT ( 'NONE',  ( 976.4798883673448699, -33.57362440865765052, 64.82143595036450279 ) ) ;
#1907 = CARTESIAN_POINT ( 'NONE',  ( 977.7932074315651789, -147.6625660138615217, -127.1728735659483362 ) ) ;
#1908 = CARTESIAN_POINT ( 'NONE',  ( 1042.912997761359293, -194.2118649119462646, -16.09113731973690875 ) ) ;
#1909 =( GEOMETRIC_REPRESENTATION_CONTEXT ( 3 ) GLOBAL_UNCERTAINTY_ASSIGNED_CONTEXT ( ( #2644 ) ) GLOBAL_UNIT_ASSIGNED_CONTEXT ( ( #1367, #7353, #4746 ) ) REPRESENTATION_CONTEXT ( 'NONE', 'WORKASPACE' ) );
#1910 = CARTESIAN_POINT ( 'NONE',  ( 968.0451641925290005, -83.86087709609165586, 96.03971225230471020 ) ) ;
#1911 = FACE_OUTER_BOUND ( 'NONE', #5232, .T. ) ;
#1912 = CARTESIAN_POINT ( 'NONE',  ( 977.2807874479377688, -96.31605080129942564, -83.54332501466880956 ) ) ;
#1913 = EDGE_LOOP ( 'NONE', ( #5633, #195, #705, #1115 ) ) ;
#1914 = DIRECTION ( 'NONE',  ( 1.000000000000000000, 0.000000000000000000, 0.000000000000000000 ) ) ;
#1915 = EDGE_LOOP ( 'NONE', ( #582, #2593, #5, #3316 ) ) ;
#1916 = CIRCLE ( 'NONE', #1633, 72.99999999999987210 ) ;
#1917 = CARTESIAN_POINT ( 'NONE',  ( 968.9537006561656654, -33.48121262038705481, 64.86926698223052767 ) ) ;
#1918 = CARTESIAN_POINT ( 'NONE',  ( 970.2932074315650652, -51.03190722805661750, -52.19908471100782776 ) ) ;
#1919 = ADVANCED_FACE ( 'NONE', ( #7805 ), #5171, .T. ) ;
#1920 = FACE_OUTER_BOUND ( 'NONE', #1389, .T. ) ;
#1921 = DIRECTION ( 'NONE',  ( 1.000000000000000000, 0.000000000000000000, 0.000000000000000000 ) ) ;
#1922 = DIRECTION ( 'NONE',  ( 0.000000000000000000, 0.000000000000000000, 1.000000000000000000 ) ) ;
#1923 = DIRECTION ( 'NONE',  ( 0.000000000000000000, 0.000000000000000000, -1.000000000000000000 ) ) ;
#1924 = VECTOR ( 'NONE', #21, 1000.000000000000000 ) ;
#1925 = CIRCLE ( 'NONE', #56, 72.99999999999974420 ) ;
#1926 = ORIENTED_EDGE ( 'NONE', *, *, #2183, .T. ) ;
#1927 = B_SPLINE_CURVE_WITH_KNOTS ( 'NONE', 3,
 ( #4338, #6939, #2321, #243, #796, #3591, #112, #6317, #2875, #4296, #5681, #2999, #4177, #2238, #8344, #934, #1524, #5062 ),
 .UNSPECIFIED., .F., .F.,
 ( 4, 2, 2, 2, 2, 2, 2, 2, 4 ),
 ( 0.000000000000000000, 0.0005014719534716543560, 0.001002943906943308712, 0.001504415860414963068, 0.002005887813886617424, 0.002507359767358271780, 0.003008831720829926136, 0.003510303674301580492, 0.004011775627773234848 ),
 .UNSPECIFIED. ) ;
#1928 = ORIENTED_EDGE ( 'NONE', *, *, #7438, .F. ) ;
#1929 = CARTESIAN_POINT ( 'NONE',  ( 976.9020747459413769, -33.00478107639676750, -65.11296219121443585 ) ) ;
#1930 = VECTOR ( 'NONE', #3340, 1000.000000000000000 ) ;
#1931 = EDGE_CURVE ( 'NONE', #2609, #7920, #3862, .T. ) ;
#1932 = AXIS2_PLACEMENT_3D ( 'NONE', #5810, #5152, #1734 ) ;
#1933 = CARTESIAN_POINT ( 'NONE',  ( 970.2932074315650652, -52.19908471100762881, 51.03190722805682356 ) ) ;
#1934 = CARTESIAN_POINT ( 'NONE',  ( 968.4077548216921514, 83.44891705669336091, -96.39783021017194642 ) ) ;
#1935 = CARTESIAN_POINT ( 'NONE',  ( 975.9951027213825228, -72.20986596008728498, 10.71154202862372351 ) ) ;
#1936 = CARTESIAN_POINT ( 'NONE',  ( 968.0467338867613307, 38.07424088881127489, -121.6824751887226483 ) ) ;
#1937 = CARTESIAN_POINT ( 'NONE',  ( 967.9202297398426253, 65.16402668717067570, 109.5897926941418206 ) ) ;
#1938 = VECTOR ( 'NONE', #1453, 1000.000000000000000 ) ;
#1939 = CARTESIAN_POINT ( 'NONE',  ( 970.2932074315650652, 127.1728735659488621, -147.6625660138610669 ) ) ;
#1940 = AXIS2_PLACEMENT_3D ( 'NONE', #5756, #7816, #5798 ) ;
#1941 = CARTESIAN_POINT ( 'NONE',  ( 967.7932074315651789, -13.50033361476912752, -71.74079029596688883 ) ) ;
#1942 = CARTESIAN_POINT ( 'NONE',  ( 1007.993207431565224, 54.35287990626809318, 17.66032122852809394 ) ) ;
#1943 = ORIENTED_EDGE ( 'NONE', *, *, #5046, .F. ) ;
#1944 = CARTESIAN_POINT ( 'NONE',  ( 968.3375251523922316, 32.90820152241809637, -65.16187420913631456 ) ) ;
#1945 = CARTESIAN_POINT ( 'NONE',  ( 977.7932074315651789, -3.037626311421458780, 72.93677279940580149 ) ) ;
#1946 = CARTESIAN_POINT ( 'NONE',  ( 977.7932074315651789, 60.79256065741315496, -40.41366809279655570 ) ) ;
#1947 = CARTESIAN_POINT ( 'NONE',  ( 977.7167836271273700, 24.80309585832117136, -68.65736274678341999 ) ) ;
#1948 = CARTESIAN_POINT ( 'NONE',  ( 969.0416369157512690, -127.4996054421149694, 0.3298835427879934223 ) ) ;
#1949 = CARTESIAN_POINT ( 'NONE',  ( 967.9165188163373159, -70.07746072440252760, 20.44930107203784075 ) ) ;
#1950 = CARTESIAN_POINT ( 'NONE',  ( 1007.993207431565224, 54.35287990626809318, 24.93532122852809962 ) ) ;
#1951 = VERTEX_POINT ( 'NONE', #1671 ) ;
#1952 = CARTESIAN_POINT ( 'NONE',  ( 977.5402670494213453, -1.392231204484109419, -127.4924883621986709 ) ) ;
#1953 = ORIENTED_EDGE ( 'NONE', *, *, #3843, .T. ) ;
#1954 = ORIENTED_EDGE ( 'NONE', *, *, #1131, .T. ) ;
#1955 = FACE_OUTER_BOUND ( 'NONE', #6655, .T. ) ;
#1956 = DIRECTION ( 'NONE',  ( -1.000000000000000000, -0.000000000000000000, -0.000000000000000000 ) ) ;
#1957 = FACE_OUTER_BOUND ( 'NONE', #8337, .T. ) ;
#1958 = CARTESIAN_POINT ( 'NONE',  ( 968.6815957473299932, 11.56830938714672996, -72.07764990110820236 ) ) ;
#1959 = DIRECTION ( 'NONE',  ( 1.000000000000000000, 0.000000000000000000, 0.000000000000000000 ) ) ;
#1960 = CARTESIAN_POINT ( 'NONE',  ( 976.8447230752969972, 59.62091990723474311, -42.12310111499719056 ) ) ;
#1961 = LINE ( 'NONE', #3312, #4086 ) ;
#1962 = EDGE_CURVE ( 'NONE', #3552, #4342, #2011, .T. ) ;
#1963 = DIRECTION ( 'NONE',  ( -1.000000000000000000, -0.000000000000000000, -0.000000000000000000 ) ) ;
#1964 = CARTESIAN_POINT ( 'NONE',  ( 969.1008202615154232, -72.02422018662610981, -11.89616529808290935 ) ) ;
#1965 = ORIENTED_EDGE ( 'NONE', *, *, #8728, .F. ) ;
#1966 = CARTESIAN_POINT ( 'NONE',  ( 975.9951027213825228, -12.12679389731129653, 71.98571208494698226 ) ) ;
#1967 = ORIENTED_EDGE ( 'NONE', *, *, #5046, .T. ) ;
#1968 = ORIENTED_EDGE ( 'NONE', *, *, #1493, .T. ) ;
#1969 = CARTESIAN_POINT ( 'NONE',  ( 968.0090611264091649, -32.34335112270490242, 65.44414751109174233 ) ) ;
#1970 = CARTESIAN_POINT ( 'NONE',  ( 975.2932074315651789, 194.2118649119463498, 16.09113731973548056 ) ) ;
#1971 = CARTESIAN_POINT ( 'NONE',  ( 970.2932074315650652, 189.6788945569598468, -44.71118576450859905 ) ) ;
#1972 = DIRECTION ( 'NONE',  ( 1.000000000000000000, -0.000000000000000000, -0.000000000000000000 ) ) ;
#1973 = DIRECTION ( 'NONE',  ( 0.000000000000000000, 0.000000000000000000, 1.000000000000000000 ) ) ;
#1974 = EDGE_CURVE ( 'NONE', #8045, #6425, #5387, .T. ) ;
#1975 = CARTESIAN_POINT ( 'NONE',  ( 967.7932074315651789, -64.46894917794568869, -110.0000208722316728 ) ) ;
#1976 = VERTEX_POINT ( 'NONE', #8851 ) ;
#1977 = ADVANCED_FACE ( 'NONE', ( #7980 ), #4731, .F. ) ;
#1978 = ORIENTED_EDGE ( 'NONE', *, *, #6931, .T. ) ;
#1979 = CYLINDRICAL_SURFACE ( 'NONE', #4562, 147.6627378425959876 ) ;
#1980 = CYLINDRICAL_SURFACE ( 'NONE', #6996, 3.000000000000002665 ) ;
#1981 = LINE ( 'NONE', #7389, #1066 ) ;
#1982 = CARTESIAN_POINT ( 'NONE',  ( 969.9623921352654179, 82.80205065214667570, -96.95396024814715474 ) ) ;
#1983 = CARTESIAN_POINT ( 'NONE',  ( 970.2932074315650652, -189.6788945569601879, 44.71118576450717796 ) ) ;
#1984 = CARTESIAN_POINT ( 'NONE',  ( 0.000000000000000000, 0.000000000000000000, 0.000000000000000000 ) ) ;
#1985 = CARTESIAN_POINT ( 'NONE',  ( 975.2932074315651789, 64.66463217473219061, 33.87455307021097184 ) ) ;
#1986 = CARTESIAN_POINT ( 'NONE',  ( 977.5074755329787877, 32.49459669227842085, -65.36915218736317001 ) ) ;
#1987 = EDGE_CURVE ( 'NONE', #7120, #561, #5863, .T. ) ;
#1988 = AXIS2_PLACEMENT_3D ( 'NONE', #562, #1246, #3411 ) ;
#1989 = ORIENTED_EDGE ( 'NONE', *, *, #7625, .F. ) ;
#1990 = DIRECTION ( 'NONE',  ( -1.000000000000000000, -0.000000000000000000, -0.000000000000000000 ) ) ;
#1991 = VECTOR ( 'NONE', #5760, 1000.000000000000000 ) ;
#1992 = CARTESIAN_POINT ( 'NONE',  ( 1041.321464998407691, -101.1368664649716322, -166.5788324321706853 ) ) ;
#1993 = CARTESIAN_POINT ( 'NONE',  ( 970.2932074315650652, 75.31834776957963129, -179.7340247757206839 ) ) ;
#1994 = VECTOR ( 'NONE', #3759, 1000.000000000000000 ) ;
#1995 = AXIS2_PLACEMENT_3D ( 'NONE', #4586, #5965, #5260 ) ;
#1996 = CARTESIAN_POINT ( 'NONE',  ( 968.6815957473299932, -72.12472281450531852, 11.27110270888564791 ) ) ;
#1997 = DIRECTION ( 'NONE',  ( 0.000000000000000000, 0.000000000000000000, 1.000000000000000000 ) ) ;
#1998 = CARTESIAN_POINT ( 'NONE',  ( 977.7932074315651789, -27.32173838326782445, -124.5382375486189659 ) ) ;
#1999 = CARTESIAN_POINT ( 'NONE',  ( 968.1111217781452751, -72.97929768920198512, -1.744333341994156461 ) ) ;
#2000 = EDGE_LOOP ( 'NONE', ( #4473, #2479, #7674, #3467 ) ) ;
#2001 = ORIENTED_EDGE ( 'NONE', *, *, #5631, .T. ) ;
#2002 = DIRECTION ( 'NONE',  ( 0.000000000000000000, 0.000000000000000000, 1.000000000000000000 ) ) ;
#2003 = TOROIDAL_SURFACE ( 'NONE', #4574, 160.1627378425955612, 2.500000000000000000 ) ;
#2004 = AXIS2_PLACEMENT_3D ( 'NONE', #6431, #5051, #3164 ) ;
#2005 = CARTESIAN_POINT ( 'NONE',  ( 977.6709658558772844, 41.10098524107070261, 60.33020650329692813 ) ) ;
#2006 = CARTESIAN_POINT ( 'NONE',  ( 968.7637114205683702, -66.17986033732378814, -108.9792848504190772 ) ) ;
#2007 = DIRECTION ( 'NONE',  ( 0.000000000000000000, 0.000000000000000000, -1.000000000000000000 ) ) ;
#2008 = CARTESIAN_POINT ( 'NONE',  ( 976.5476831198556056, -102.9545019977007456, 75.21056357321180030 ) ) ;
#2009 = DIRECTION ( 'NONE',  ( -1.000000000000000000, -0.000000000000000000, -0.000000000000000000 ) ) ;
#2010 = LINE ( 'NONE', #5411, #3214 ) ;
#2011 = CIRCLE ( 'NONE', #3590, 160.1627378425955612 ) ;
#2012 = TOROIDAL_SURFACE ( 'NONE', #8895, 145.1627378425959591, 2.500000000000000000 ) ;
#2013 = CARTESIAN_POINT ( 'NONE',  ( 968.0090611264091649, -72.23572809575685483, -10.53700108076261621 ) ) ;
#2014 = ORIENTED_EDGE ( 'NONE', *, *, #5918, .F. ) ;
#2015 = CARTESIAN_POINT ( 'NONE',  ( 977.7770235444021409, 37.32750858116600057, -121.9136276158650247 ) ) ;
#2016 = ORIENTED_EDGE ( 'NONE', *, *, #95, .F. ) ;
#2017 = ORIENTED_EDGE ( 'NONE', *, *, #1806, .T. ) ;
#2018 = DIRECTION ( 'NONE',  ( 0.000000000000000000, 0.000000000000000000, 1.000000000000000000 ) ) ;
#2019 = CARTESIAN_POINT ( 'NONE',  ( 977.5402670494213453, 1.392231204484997154, 127.4924883621986140 ) ) ;
#2020 = ADVANCED_FACE ( 'NONE', ( #7339 ), #1980, .F. ) ;
#2021 = CARTESIAN_POINT ( 'NONE',  ( 975.2932074315651789, -51.03190722805661750, -52.19908471100782776 ) ) ;
#2022 = CARTESIAN_POINT ( 'NONE',  ( 976.1207935749462195, 22.04004072854931451, 69.59340032497121342 ) ) ;
#2023 = CARTESIAN_POINT ( 'NONE',  ( 968.6413363216277048, -75.44061678831332074, -102.7860720883772814 ) ) ;
#2024 = LINE ( 'NONE', #5996, #1817 ) ;
#2025 = ORIENTED_EDGE ( 'NONE', *, *, #1087, .F. ) ;
#2026 = ORIENTED_EDGE ( 'NONE', *, *, #4762, .F. ) ;
#2027 = CARTESIAN_POINT ( 'NONE',  ( 970.2932074315650652, 101.1368664649727265, 166.5788324321699747 ) ) ;
#2028 = CARTESIAN_POINT ( 'NONE',  ( 975.2932074315651789, -127.1072257456103642, -10.00015816147054082 ) ) ;
#2029 = EDGE_CURVE ( 'NONE', #1183, #8690, #4561, .T. ) ;
#2030 = DIRECTION ( 'NONE',  ( 1.000000000000000000, 0.000000000000000000, 0.000000000000000000 ) ) ;
#2031 = CARTESIAN_POINT ( 'NONE',  ( 968.0451641925291142, 83.86087709609235219, -96.03971225230412756 ) ) ;
#2032 = CARTESIAN_POINT ( 'NONE',  ( 975.2932074315651789, 147.6625660138624028, 127.1728735659473131 ) ) ;
#2033 = EDGE_CURVE ( 'NONE', #3702, #404, #6423, .T. ) ;
#2034 = DIRECTION ( 'NONE',  ( -1.000000000000000000, -0.000000000000000000, -0.000000000000000000 ) ) ;
#2035 = CARTESIAN_POINT ( 'NONE',  ( 967.8724445145011259, 65.02729196787458932, 109.6709939127639615 ) ) ;
#2036 = CARTESIAN_POINT ( 'NONE',  ( 976.4259520426954850, -21.90839837989668837, -69.63495418635352507 ) ) ;
#2037 = ORIENTED_EDGE ( 'NONE', *, *, #2453, .T. ) ;
#2038 = B_SPLINE_CURVE_WITH_KNOTS ( 'NONE', 3,
 ( #6453, #1703, #8438, #8397, #8479, #1536, #8523, #3015, #4348, #7076, #304, #3435, #8352, #2372, #1666, #3598 ),
 .UNSPECIFIED., .F., .F.,
 ( 4, 2, 2, 2, 2, 2, 2, 4 ),
 ( 0.000000000000000000, 0.0004881885400330895040, 0.0009763770800661790081, 0.001464565620099268512, 0.001952754160132358016, 0.002440942700165447520, 0.002929131240198537024, 0.003905508320265010935 ),
 .UNSPECIFIED. ) ;
#2039 = EDGE_CURVE ( 'NONE', #8739, #7889, #7768, .T. ) ;
#2040 = DIRECTION ( 'NONE',  ( 1.000000000000000000, 0.000000000000000000, 0.000000000000000000 ) ) ;
#2041 = CARTESIAN_POINT ( 'NONE',  ( 977.4756012051087737, -1.745103159181987662, 72.97927701132567790 ) ) ;
#2042 = SURFACE_SIDE_STYLE ('',( #5448 ) ) ;
#2043 = DIRECTION ( 'NONE',  ( -1.000000000000000000, -0.000000000000000000, -0.000000000000000000 ) ) ;
#2044 = CARTESIAN_POINT ( 'NONE',  ( 968.0784268819825229, -71.98439977412461133, 12.13552482403751931 ) ) ;
#2045 = CARTESIAN_POINT ( 'NONE',  ( 976.5466784714077448, 10.33092098284867255, -127.0808025627092661 ) ) ;
#2046 = CARTESIAN_POINT ( 'NONE',  ( 969.9570765531306051, -22.15954897915809596, -69.55541419991109819 ) ) ;
#2047 = CARTESIAN_POINT ( 'NONE',  ( 969.0172219968214904, -72.99605163448147493, -0.7656656911206072280 ) ) ;
#2048 = EDGE_LOOP ( 'NONE', ( #926, #8821, #2769, #3732 ) ) ;
#2049 = ORIENTED_EDGE ( 'NONE', *, *, #8457, .F. ) ;
#2050 = DIRECTION ( 'NONE',  ( 0.000000000000000000, 0.000000000000000000, 1.000000000000000000 ) ) ;
#2051 = CARTESIAN_POINT ( 'NONE',  ( 968.6178405014127293, -69.08695893394964571, -23.57980550784838769 ) ) ;
#2052 = DIRECTION ( 'NONE',  ( 0.000000000000000000, 5.263048271975253783E-15, -1.000000000000000000 ) ) ;
#2053 = CARTESIAN_POINT ( 'NONE',  ( 967.7932074315651789, 84.69423573765904223, -95.30549004550462655 ) ) ;
#2054 = CARTESIAN_POINT ( 'NONE',  ( 977.2455835626553835, 51.43719592512353245, -51.79994793471266235 ) ) ;
#2055 = CARTESIAN_POINT ( 'NONE',  ( 975.2932074315651789, 59.29285437106607048, -42.58353461763752534 ) ) ;
#2056 = CARTESIAN_POINT ( 'NONE',  ( 967.8724445145007849, -84.20877509304573039, 95.73483067210989361 ) ) ;
#2057 = CYLINDRICAL_SURFACE ( 'NONE', #1650, 147.6627378425959591 ) ;
#2058 = FACE_OUTER_BOUND ( 'NONE', #1821, .T. ) ;
#2059 = CARTESIAN_POINT ( 'NONE',  ( 975.6324830688729435, 43.24673900812496186, -58.81089070547811559 ) ) ;
#2060 = VERTEX_POINT ( 'NONE', #6582 ) ;
#2061 = CARTESIAN_POINT ( 'NONE',  ( 976.9020747459413769, -11.57101012264321760, 72.07721653863366384 ) ) ;
#2062 = ORIENTED_EDGE ( 'NONE', *, *, #3069, .F. ) ;
#2063 = ORIENTED_EDGE ( 'NONE', *, *, #7161, .F. ) ;
#2064 = CARTESIAN_POINT ( 'NONE',  ( 977.7932074315651789, 0.000000000000000000, 0.000000000000000000 ) ) ;
#2065 = CARTESIAN_POINT ( 'NONE',  ( 977.7932074315651789, 2.335103207103824463, 127.4787219178843429 ) ) ;
#2066 = CARTESIAN_POINT ( 'NONE',  ( 977.7932074315651789, -53.09017784785597627, -50.10422153953701496 ) ) ;
#2067 = CARTESIAN_POINT ( 'NONE',  ( 977.1970314762214684, 21.29499971033658312, 69.82505465350921270 ) ) ;
#2068 = CARTESIAN_POINT ( 'NONE',  ( 977.7932074315651789, 0.000000000000000000, 0.000000000000000000 ) ) ;
#2069 = DIRECTION ( 'NONE',  ( 1.000000000000000000, 0.000000000000000000, 0.000000000000000000 ) ) ;
#2070 = ORIENTED_EDGE ( 'NONE', *, *, #7425, .F. ) ;
#2071 = ORIENTED_EDGE ( 'NONE', *, *, #1636, .T. ) ;
#2072 = CARTESIAN_POINT ( 'NONE',  ( 969.9623921352655316, -96.95396024814749580, -82.80205065214630622 ) ) ;
#2073 = FACE_OUTER_BOUND ( 'NONE', #4857, .T. ) ;
#2074 = EDGE_CURVE ( 'NONE', #4730, #4826, #3705, .T. ) ;
#2075 = CARTESIAN_POINT ( 'NONE',  ( 0.000000000000000000, 0.000000000000000000, 0.000000000000000000 ) ) ;
#2076 = CARTESIAN_POINT ( 'NONE',  ( 970.2932074315650652, -74.94246553048658654, 103.1497787695727197 ) ) ;
#2077 = CARTESIAN_POINT ( 'NONE',  ( 975.2932074315651789, 101.1368664649727265, 166.5788324321699747 ) ) ;
#2078 = CIRCLE ( 'NONE', #3780, 7.275000000000000355 ) ;
#2079 = DIRECTION ( 'NONE',  ( -1.000000000000000000, -0.000000000000000000, -0.000000000000000000 ) ) ;
#2080 = EDGE_CURVE ( 'NONE', #1317, #1281, #3236, .T. ) ;
#2081 = CARTESIAN_POINT ( 'NONE',  ( 967.7932074315651789, -2.500143588965830777, -127.4754850237271881 ) ) ;
#2082 = ADVANCED_FACE ( 'NONE', ( #7300 ), #1167, .T. ) ;
#2083 = CARTESIAN_POINT ( 'NONE',  ( 976.6287946620489038, 33.48381113475458903, -64.86792590415915072 ) ) ;
#2084 = CIRCLE ( 'NONE', #3084, 77.74999999999988631 ) ;
#2085 = CIRCLE ( 'NONE', #6498, 147.6627378425959591 ) ;
#2086 = B_SPLINE_CURVE_WITH_KNOTS ( 'NONE', 3,
 ( #1255, #888, #5683, #8345, #8427, #78, #2833, #936, #4299, #3672, #799, #4977, #159, #4340, #3505, #3002 ),
 .UNSPECIFIED., .F., .F.,
 ( 4, 2, 2, 2, 2, 2, 2, 4 ),
 ( 0.000000000000000000, 0.0004891428882835926507, 0.0009782857765671853015, 0.001467428664850777952, 0.001956571553134370603, 0.002445714441417963254, 0.002934857329701555904, 0.003913143106268734267 ),
 .UNSPECIFIED. ) ;
#2087 = VERTEX_POINT ( 'NONE', #5957 ) ;
#2088 = DIRECTION ( 'NONE',  ( -1.000000000000000000, -0.000000000000000000, -0.000000000000000000 ) ) ;
#2089 = CIRCLE ( 'NONE', #2504, 145.1627378425959876 ) ;
#2090 = CARTESIAN_POINT ( 'NONE',  ( 977.7932074315651789, -127.1728735659488621, 147.6625660138610669 ) ) ;
#2091 = DIRECTION ( 'NONE',  ( 1.000000000000000000, 0.000000000000000000, 0.000000000000000000 ) ) ;
#2092 = AXIS2_PLACEMENT_3D ( 'NONE', #3365, #2784, #4033 ) ;
#2093 = CARTESIAN_POINT ( 'NONE',  ( 968.1244542515914873, -73.93122014139984799, 103.8770586910109301 ) ) ;
#2094 = CARTESIAN_POINT ( 'NONE',  ( 968.4077548216921514, 96.39783021017281328, 83.44891705669229509 ) ) ;
#2095 = EDGE_CURVE ( 'NONE', #1707, #1183, #2972, .T. ) ;
#2096 = CARTESIAN_POINT ( 'NONE',  ( 976.8447230752968835, 72.99367504144049690, 0.9659927917764328242 ) ) ;
#2097 = VERTEX_POINT ( 'NONE', #6985 ) ;
#2098 = ADVANCED_FACE ( 'NONE', ( #2073 ), #2139, .F. ) ;
#2099 = EDGE_LOOP ( 'NONE', ( #7855, #6861, #286, #1766 ) ) ;
#2100 = AXIS2_PLACEMENT_3D ( 'NONE', #8574, #3949, #3237 ) ;
#2101 = DIRECTION ( 'NONE',  ( -1.000000000000000000, -0.000000000000000000, -0.000000000000000000 ) ) ;
#2102 = CARTESIAN_POINT ( 'NONE',  ( 968.3024195543165433, -65.78199346773082823, -109.2199520017467904 ) ) ;
#2103 = CARTESIAN_POINT ( 'NONE',  ( 970.2932074315650652, 127.1728735659488621, 0.0001718287348795310976 ) ) ;
#2104 = CARTESIAN_POINT ( 'NONE',  ( 968.6815957473299932, -65.11172533632556281, 33.00722074138280959 ) ) ;
#2105 = CARTESIAN_POINT ( 'NONE',  ( 977.7932074315651789, 116.8128655150154032, 51.09798870964394979 ) ) ;
#2106 = CARTESIAN_POINT ( 'NONE',  ( 967.7932074315649515, -84.57060885639560865, 95.41535238628098625 ) ) ;
#2107 = CARTESIAN_POINT ( 'NONE',  ( 969.1823241134991349, -49.02473446472904328, 117.6980431249998560 ) ) ;
#2108 = CARTESIAN_POINT ( 'NONE',  ( 968.5562076621531560, -72.09850187017138978, -11.43790216623130540 ) ) ;
#2109 = CARTESIAN_POINT ( 'NONE',  ( 968.1244542515916010, 75.94695012309234983, 102.4125451343358293 ) ) ;
#2110 = ORIENTED_EDGE ( 'NONE', *, *, #6036, .F. ) ;
#2111 = EDGE_CURVE ( 'NONE', #6994, #5417, #8857, .T. ) ;
#2112 = ORIENTED_EDGE ( 'NONE', *, *, #1523, .T. ) ;
#2113 = ORIENTED_EDGE ( 'NONE', *, *, #8701, .T. ) ;
#2114 = CARTESIAN_POINT ( 'NONE',  ( 977.7136058903372486, -41.15832426391506971, -120.6742219329514967 ) ) ;
#2115 = CARTESIAN_POINT ( 'NONE',  ( 976.4798883673448699, -51.27402855116605451, -51.96133957794997826 ) ) ;
#2116 = CARTESIAN_POINT ( 'NONE',  ( 976.5738051988838606, 21.82598793573305684, 69.66086411148238255 ) ) ;
#2117 = CARTESIAN_POINT ( 'NONE',  ( 970.1281350223659956, -74.94277380392607313, -103.1495547958086263 ) ) ;
#2118 = CARTESIAN_POINT ( 'NONE',  ( 977.7776520252658656, -57.43007642098670118, -45.06454643930308634 ) ) ;
#2119 = B_SPLINE_CURVE_WITH_KNOTS ( 'NONE', 3,
 ( #7344, #3900, #3192, #3819, #3110, #1122, #1216, #6627, #489, #358, #8705, #2605, #3158, #3864, #1801, #2475 ),
 .UNSPECIFIED., .F., .F.,
 ( 4, 2, 2, 2, 2, 2, 2, 4 ),
 ( 0.000000000000000000, 0.0004891407059790134175, 0.0009782814119580268350, 0.001467422117937040252, 0.001956562823916053670, 0.002445703529895067087, 0.002934844235874080505, 0.003913125647832091727 ),
 .UNSPECIFIED. ) ;
#2120 = ORIENTED_EDGE ( 'NONE', *, *, #912, .F. ) ;
#2121 = ORIENTED_EDGE ( 'NONE', *, *, #1450, .T. ) ;
#2122 = CARTESIAN_POINT ( 'NONE',  ( 968.7637114205683702, -96.61723847492281436, -83.19475746858306309 ) ) ;
#2123 = DIRECTION ( 'NONE',  ( -1.000000000000000000, -0.000000000000000000, -0.000000000000000000 ) ) ;
#2124 = CARTESIAN_POINT ( 'NONE',  ( 975.2932074315651789, 75.31834776957963129, -179.7340247757206839 ) ) ;
#2125 = CARTESIAN_POINT ( 'NONE',  ( 969.1618290769855548, 43.45781323626802362, -58.65512115757726264 ) ) ;
#2126 = CARTESIAN_POINT ( 'NONE',  ( 977.7932074315652926, 31.57070562367246680, -65.82111733297922740 ) ) ;
#2127 = ORIENTED_EDGE ( 'NONE', *, *, #6178, .T. ) ;
#2128 = EDGE_CURVE ( 'NONE', #14, #7646, #8733, .T. ) ;
#2129 = CARTESIAN_POINT ( 'NONE',  ( 977.7932074315651789, 194.2118649119463498, 16.09113731973548056 ) ) ;
#2130 = CARTESIAN_POINT ( 'NONE',  ( 976.5738051988838606, 23.28803342764932793, -69.18581673437024904 ) ) ;
#2131 = DIRECTION ( 'NONE',  ( -1.000000000000000000, -0.000000000000000000, -0.000000000000000000 ) ) ;
#2132 = CARTESIAN_POINT ( 'NONE',  ( 970.2932074315650652, 96.95396024814812108, 82.80205065214565252 ) ) ;
#2133 = FACE_OUTER_BOUND ( 'NONE', #8346, .T. ) ;
#2134 = AXIS2_PLACEMENT_3D ( 'NONE', #4688, #5977, #648 ) ;
#2135 = ORIENTED_EDGE ( 'NONE', *, *, #7161, .T. ) ;
#2136 = CARTESIAN_POINT ( 'NONE',  ( 968.6380338253291029, -66.09094512805748423, -109.0332536396310132 ) ) ;
#2137 = ADVANCED_FACE ( 'NONE', ( #121 ), #3275, .F. ) ;
#2138 = AXIS2_PLACEMENT_3D ( 'NONE', #4724, #2034, #4769 ) ;
#2139 = TOROIDAL_SURFACE ( 'NONE', #843, 145.1627378425959591, 2.500000000000000000 ) ;
#2140 = AXIS2_PLACEMENT_3D ( 'NONE', #1530, #981, #7748 ) ;
#2141 = CARTESIAN_POINT ( 'NONE',  ( 970.2932074315650652, -65.41400624788184359, 32.40382364169428087 ) ) ;
#2142 = CARTESIAN_POINT ( 'NONE',  ( 977.4756012051087737, -41.48432463750837229, -60.06722124005579388 ) ) ;
#2143 = CARTESIAN_POINT ( 'NONE',  ( 968.2424519787779218, -65.22895867634929346, -32.77510829265000325 ) ) ;
#2144 = CARTESIAN_POINT ( 'NONE',  ( 975.2932074315651789, -103.1497787695724213, -74.94246553048698445 ) ) ;
#2145 = CARTESIAN_POINT ( 'NONE',  ( 969.1823241134991349, 117.6980431250000692, 49.02473446472859564 ) ) ;
#2146 = AXIS2_PLACEMENT_3D ( 'NONE', #5074, #8354, #3016 ) ;
#2147 = ORIENTED_EDGE ( 'NONE', *, *, #664, .F. ) ;
#2148 = CIRCLE ( 'NONE', #7428, 127.4999999999998863 ) ;
#2149 = VERTEX_POINT ( 'NONE', #5605 ) ;
#2150 = ORIENTED_EDGE ( 'NONE', *, *, #6124, .T. ) ;
#2151 = CARTESIAN_POINT ( 'NONE',  ( 977.5758751313187531, 52.24359330183434480, 50.98662754993208068 ) ) ;
#2152 = CARTESIAN_POINT ( 'NONE',  ( 976.5466784714077448, -49.09541737075237933, 117.6685952220378084 ) ) ;
#2153 = AXIS2_PLACEMENT_3D ( 'NONE', #4990, #5358, #5405 ) ;
#2154 = CARTESIAN_POINT ( 'NONE',  ( 975.9411352989146735, 108.7517213576269342, -66.55309250074759575 ) ) ;
#2155 = EDGE_CURVE ( 'NONE', #5931, #4528, #7268, .T. ) ;
#2156 = CARTESIAN_POINT ( 'NONE',  ( 970.2932074315650652, 69.30226855186081991, 22.93895319245719122 ) ) ;
#2157 = CARTESIAN_POINT ( 'NONE',  ( 977.7932074315651789, 101.6602862201769568, -76.95086877762767585 ) ) ;
#2158 = VERTEX_POINT ( 'NONE', #5817 ) ;
#2159 = ORIENTED_EDGE ( 'NONE', *, *, #2080, .F. ) ;
#2160 = DIRECTION ( 'NONE',  ( -1.000000000000000000, -0.000000000000000000, -0.000000000000000000 ) ) ;
#2161 = CARTESIAN_POINT ( 'NONE',  ( 969.4197070095234494, 71.99667899493333323, 12.06172690751361110 ) ) ;
#2162 = CYLINDRICAL_SURFACE ( 'NONE', #638, 147.6627378425959876 ) ;
#2163 = CARTESIAN_POINT ( 'NONE',  ( 967.7932074315651789, 44.71118576450793114, 189.6788945569600173 ) ) ;
#2164 = DIRECTION ( 'NONE',  ( 0.000000000000000000, 0.000000000000000000, 1.000000000000000000 ) ) ;
#2165 = CARTESIAN_POINT ( 'NONE',  ( 975.4586042561197701, 96.95396024814810687, 82.80205065214568094 ) ) ;
#2166 = ORIENTED_EDGE ( 'NONE', *, *, #4426, .T. ) ;
#2167 = CARTESIAN_POINT ( 'NONE',  ( 969.0416369157516101, -121.1573909598980521, 39.71328275070210623 ) ) ;
#2168 = CARTESIAN_POINT ( 'NONE',  ( 968.0467338867613307, -103.9613234645899524, -73.81270765121827537 ) ) ;
#2169 = CARTESIAN_POINT ( 'NONE',  ( 977.7932074315651789, 0.000000000000000000, 72.99999999999987210 ) ) ;
#2170 = DIRECTION ( 'NONE',  ( 0.000000000000000000, 0.000000000000000000, 1.000000000000000000 ) ) ;
#2171 = CARTESIAN_POINT ( 'NONE',  ( 975.4586042561197701, 117.7959364952307340, 48.78900844669362158 ) ) ;
#2172 = EDGE_CURVE ( 'NONE', #5076, #964, #3144, .T. ) ;
#2173 = ORIENTED_EDGE ( 'NONE', *, *, #7495, .F. ) ;
#2174 = CARTESIAN_POINT ( 'NONE',  ( 975.4586042561197701, 82.80205065214670412, -96.95396024814719738 ) ) ;
#2175 = EDGE_CURVE ( 'NONE', #6438, #4206, #1838, .T. ) ;
#2176 = CARTESIAN_POINT ( 'NONE',  ( 976.9020747459413769, 11.57101012264364748, -72.07721653863359279 ) ) ;
#2177 = DIRECTION ( 'NONE',  ( 0.000000000000000000, 0.000000000000000000, 1.000000000000000000 ) ) ;
#2178 = CARTESIAN_POINT ( 'NONE',  ( 967.7932074315651789, -127.4754850237272166, 2.500143588965387131 ) ) ;
#2179 = CARTESIAN_POINT ( 'NONE',  ( 976.4030299189489597, 29.51991502593206107, 124.0355940610811700 ) ) ;
#2180 = DIRECTION ( 'NONE',  ( -1.000000000000000000, -0.000000000000000000, -0.000000000000000000 ) ) ;
#2181 = CARTESIAN_POINT ( 'NONE',  ( 977.3428997317970470, -11.82320168240347336, -72.03635730563904360 ) ) ;
#2182 = CARTESIAN_POINT ( 'NONE',  ( 967.8459545321661608, 50.61847298607544587, -52.60119213248389514 ) ) ;
#2183 = EDGE_CURVE ( 'NONE', #3603, #6129, #8717, .T. ) ;
#2184 = EDGE_CURVE ( 'NONE', #7801, #4017, #5569, .T. ) ;
#2185 = EDGE_CURVE ( 'NONE', #7646, #1587, #5862, .T. ) ;
#2186 = VERTEX_POINT ( 'NONE', #208 ) ;
#2187 = ORIENTED_EDGE ( 'NONE', *, *, #7210, .F. ) ;
#2188 = ORIENTED_EDGE ( 'NONE', *, *, #5157, .F. ) ;
#2189 = CARTESIAN_POINT ( 'NONE',  ( 1036.782757869134684, 72.22574908703222718, -10.60382802656725865 ) ) ;
#2190 = CARTESIAN_POINT ( 'NONE',  ( 977.7272465782219797, -50.49322266658006697, 117.0759383478867477 ) ) ;
#2191 = CARTESIAN_POINT ( 'NONE',  ( 975.6498138585347988, 32.42379732997889619, 65.40412251004670452 ) ) ;
#2192 = CARTESIAN_POINT ( 'NONE',  ( 970.2932074315650652, 16.09113731973758732, -194.2118649119462646 ) ) ;
#2193 = CARTESIAN_POINT ( 'NONE',  ( 1042.912997761359293, 52.19908471100801961, -51.03190722805644697 ) ) ;
#2194 = EDGE_CURVE ( 'NONE', #7826, #5676, #1563, .T. ) ;
#2195 = ORIENTED_EDGE ( 'NONE', *, *, #6607, .F. ) ;
#2196 = ORIENTED_EDGE ( 'NONE', *, *, #1867, .T. ) ;
#2197 = EDGE_CURVE ( 'NONE', #6598, #8265, #4867, .T. ) ;
#2198 = CARTESIAN_POINT ( 'NONE',  ( 969.9570765531306051, 22.95619497197936809, -69.29656822591846321 ) ) ;
#2199 = CARTESIAN_POINT ( 'NONE',  ( 1038.865541267632807, 75.31834776957963129, -179.7340247757206839 ) ) ;
#2200 = CYLINDRICAL_SURFACE ( 'NONE', #647, 147.6627378425959876 ) ;
#2201 = CIRCLE ( 'NONE', #4792, 147.6627378425959591 ) ;
#2202 = CARTESIAN_POINT ( 'NONE',  ( 989.0432074315651789, 0.000000000000000000, 75.49999999999988631 ) ) ;
#2203 = CARTESIAN_POINT ( 'NONE',  ( 968.3908861589637809, 43.97134514123147397, -58.27122728242387950 ) ) ;
#2204 = CARTESIAN_POINT ( 'NONE',  ( 977.5406705918380794, 96.04038502732529992, 83.86010471390331134 ) ) ;
#2205 = EDGE_CURVE ( 'NONE', #1888, #3781, #4982, .T. ) ;
#2206 = CARTESIAN_POINT ( 'NONE',  ( 976.5738051988840880, -72.99601993514062315, -0.7686428024344554855 ) ) ;
#2207 = ORIENTED_EDGE ( 'NONE', *, *, #2247, .F. ) ;
#2208 = VECTOR ( 'NONE', #5906, 1000.000000000000000 ) ;
#2209 = B_SPLINE_CURVE_WITH_KNOTS ( 'NONE', 3,
 ( #8041, #8766, #8089, #4737, #6739, #7453, #590, #5970, #453, #3341, #545, #7403, #7312, #8721, #2577, #2527, #3962, #5265 ),
 .UNSPECIFIED., .F., .F.,
 ( 4, 2, 2, 2, 2, 2, 2, 2, 4 ),
 ( 7.589415207398531038E-19, 0.0005014719534716593433, 0.001002943906943317819, 0.001504415860414976512, 0.002005887813886635205, 0.002507359767358293898, 0.003008831720829952157, 0.003510303674301610850, 0.004011775627773269542 ),
 .UNSPECIFIED. ) ;
#2210 = AXIS2_PLACEMENT_3D ( 'NONE', #6567, #5897, #8639 ) ;
#2211 = DIRECTION ( 'NONE',  ( 0.000000000000000000, 0.000000000000000000, 1.000000000000000000 ) ) ;
#2212 = CARTESIAN_POINT ( 'NONE',  ( 976.1207935749462195, 23.07520686179242730, -69.25705445940724303 ) ) ;
#2213 = CARTESIAN_POINT ( 'NONE',  ( 977.7932074315649515, 72.35548711148138068, 9.685681462790924456 ) ) ;
#2214 = FACE_OUTER_BOUND ( 'NONE', #4387, .T. ) ;
#2215 = AXIS2_PLACEMENT_3D ( 'NONE', #5639, #8384, #8426 ) ;
#2216 = CARTESIAN_POINT ( 'NONE',  ( 967.9165188163373159, -20.44930107203758496, -70.07746072440261287 ) ) ;
#2217 = AXIS2_PLACEMENT_3D ( 'NONE', #2075, #3375, #4817 ) ;
#2218 = ORIENTED_EDGE ( 'NONE', *, *, #5005, .T. ) ;
#2219 = DIRECTION ( 'NONE',  ( 0.000000000000000000, 0.000000000000000000, 1.000000000000000000 ) ) ;
#2220 = B_SPLINE_CURVE_WITH_KNOTS ( 'NONE', 3,
 ( #8586, #3786, #322, #4458, #7227, #7180, #2436, #2524, #1809, #3826, #3121, #7860, #1722, #1091, #7903, #5262 ),
 .UNSPECIFIED., .F., .F.,
 ( 4, 2, 2, 2, 2, 2, 2, 4 ),
 ( 0.000000000000000000, 0.0004891407059790034428, 0.0009782814119580068857, 0.001467422117937010329, 0.001956562823916013771, 0.002445703529895017214, 0.002934844235874020657, 0.003913125647832057033 ),
 .UNSPECIFIED. ) ;
#2221 = AXIS2_PLACEMENT_3D ( 'NONE', #5704, #8363, #3530 ) ;
#2222 = TOROIDAL_SURFACE ( 'NONE', #2649, 160.1627378425955612, 2.500000000000000000 ) ;
#2223 = B_SPLINE_CURVE_WITH_KNOTS ( 'NONE', 3,
 ( #5804, #3875, #4547, #1051, #2487, #8550, #3833, #6555, #2352, #5102, #3791, #3205, #5932, #8677, #6517, #7314, #2529, #5267 ),
 .UNSPECIFIED., .F., .F.,
 ( 4, 2, 2, 2, 2, 2, 2, 2, 4 ),
 ( 0.000000000000000000, 0.0005014877766709444681, 0.001002975553341888936, 0.001504463330012833404, 0.002005951106683777872, 0.002507438883354722557, 0.003008926660025666808, 0.003510414436696611060, 0.004011902213367555745 ),
 .UNSPECIFIED. ) ;
#2224 = CARTESIAN_POINT ( 'NONE',  ( 967.7932074315652926, -64.23023496094019436, 34.69302999658412290 ) ) ;
#2225 = LINE ( 'NONE', #6306, #7337 ) ;
#2226 = CARTESIAN_POINT ( 'NONE',  ( 968.6413363216277048, -39.98564712949387712, -121.0677962977514710 ) ) ;
#2227 = DIRECTION ( 'NONE',  ( 0.000000000000000000, 0.000000000000000000, 1.000000000000000000 ) ) ;
#2228 = CARTESIAN_POINT ( 'NONE',  ( 976.1647925795698484, -10.77618664472711174, -72.20028127368219373 ) ) ;
#2229 = CARTESIAN_POINT ( 'NONE',  ( 989.0432074315651789, 0.000000000000000000, 77.74999999999987210 ) ) ;
#2230 = ORIENTED_EDGE ( 'NONE', *, *, #7495, .T. ) ;
#2231 = CIRCLE ( 'NONE', #2365, 147.6627378425959591 ) ;
#2232 = AXIS2_PLACEMENT_3D ( 'NONE', #6886, #6257, #740 ) ;
#2233 = VERTEX_POINT ( 'NONE', #8434 ) ;
#2234 = ORIENTED_EDGE ( 'NONE', *, *, #2741, .F. ) ;
#2235 = CARTESIAN_POINT ( 'NONE',  ( 976.9692569047347206, 69.08677041827252197, 23.58036096419410654 ) ) ;
#2236 = CARTESIAN_POINT ( 'NONE',  ( 976.1000973941278289, 48.90772203543644991, -117.7467141899426366 ) ) ;
#2237 = EDGE_CURVE ( 'NONE', #2342, #5542, #1249, .T. ) ;
#2238 = CARTESIAN_POINT ( 'NONE',  ( 967.9165188163373159, -60.32844411301124410, 41.10356732472631336 ) ) ;
#2239 = FACE_OUTER_BOUND ( 'NONE', #8824, .T. ) ;
#2240 = DIRECTION ( 'NONE',  ( -1.000000000000000000, -0.000000000000000000, -0.000000000000000000 ) ) ;
#2241 = ORIENTED_EDGE ( 'NONE', *, *, #6088, .F. ) ;
#2242 = ORIENTED_EDGE ( 'NONE', *, *, #6957, .F. ) ;
#2243 = CARTESIAN_POINT ( 'NONE',  ( 967.8701356896224297, 24.80095037040837269, -68.65814016426678279 ) ) ;
#2244 = CARTESIAN_POINT ( 'NONE',  ( 967.7932074315651789, 72.40137861183853829, 9.329543134857715359 ) ) ;
#2245 = EDGE_CURVE ( 'NONE', #6370, #3563, #3714, .T. ) ;
#2246 = CARTESIAN_POINT ( 'NONE',  ( 975.2932074315651789, -48.78900844669404790, 117.7959364952305918 ) ) ;
#2247 = EDGE_CURVE ( 'NONE', #5815, #6496, #3633, .T. ) ;
#2248 = CARTESIAN_POINT ( 'NONE',  ( 968.7444331958880639, 43.68421194542602137, -58.48674571970596503 ) ) ;
#2249 = ORIENTED_EDGE ( 'NONE', *, *, #3136, .F. ) ;
#2250 = CARTESIAN_POINT ( 'NONE',  ( 977.1970314762214684, -72.98809003458876532, -1.324380282075720006 ) ) ;
#2251 = ORIENTED_EDGE ( 'NONE', *, *, #7109, .T. ) ;
#2252 = CARTESIAN_POINT ( 'NONE',  ( 968.0467338867611033, 1.391197850628794974, 127.4924984297261545 ) ) ;
#2253 = DIRECTION ( 'NONE',  ( -1.000000000000000000, -0.000000000000000000, -0.000000000000000000 ) ) ;
#2254 = EDGE_CURVE ( 'NONE', #4310, #8404, #6085, .T. ) ;
#2255 = CARTESIAN_POINT ( 'NONE',  ( 969.0416369157516101, 39.08580696472662908, -121.3612702016707345 ) ) ;
#2256 = CARTESIAN_POINT ( 'NONE',  ( 958.7932074315651789, -54.35287990626783738, 17.66032122852886488 ) ) ;
#2257 = ORIENTED_EDGE ( 'NONE', *, *, #5803, .T. ) ;
#2258 = ORIENTED_EDGE ( 'NONE', *, *, #976, .F. ) ;
#2259 = B_SPLINE_CURVE_WITH_KNOTS ( 'NONE', 3,
 ( #5836, #499, #3075, #5180, #6547, #3163, #7267, #2482, #1137, #1892, #8671, #3907, #6637, #3246, #5967, #8716 ),
 .UNSPECIFIED., .F., .F.,
 ( 4, 2, 2, 2, 2, 2, 2, 4 ),
 ( 0.000000000000000000, 0.0004891428882835937349, 0.0009782857765671874699, 0.001467428664850781205, 0.001956571553134374940, 0.002445714441417968458, 0.002934857329701562410, 0.003913143106268752482 ),
 .UNSPECIFIED. ) ;
#2260 = DIRECTION ( 'NONE',  ( 1.000000000000000000, -0.000000000000000000, -0.000000000000000000 ) ) ;
#2261 = CARTESIAN_POINT ( 'NONE',  ( 975.2932074315651789, 189.6788945569598468, -44.71118576450859905 ) ) ;
#2262 = CARTESIAN_POINT ( 'NONE',  ( 968.0090611264092786, -64.63342546917724007, 33.93448271921091219 ) ) ;
#2263 = DIRECTION ( 'NONE',  ( 1.000000000000000000, 0.000000000000000000, 0.000000000000000000 ) ) ;
#2264 = CARTESIAN_POINT ( 'NONE',  ( 968.6178405014127293, 21.53183220720633173, 69.75238579668734928 ) ) ;
#2265 = DIRECTION ( 'NONE',  ( 0.000000000000000000, 4.511184233121645761E-15, -1.000000000000000000 ) ) ;
#2266 = CARTESIAN_POINT ( 'NONE',  ( 967.7932074315651789, 0.000000000000000000, 0.000000000000000000 ) ) ;
#2267 = ORIENTED_EDGE ( 'NONE', *, *, #2845, .T. ) ;
#2268 = CARTESIAN_POINT ( 'NONE',  ( 975.6233520302658917, -127.4999999998575078, 0.0001905234625158976297 ) ) ;
#2269 = ORIENTED_EDGE ( 'NONE', *, *, #5202, .F. ) ;
#2270 = ORIENTED_EDGE ( 'NONE', *, *, #815, .T. ) ;
#2271 = AXIS2_PLACEMENT_3D ( 'NONE', #5941, #6564, #4599 ) ;
#2272 = ORIENTED_EDGE ( 'NONE', *, *, #1626, .T. ) ;
#2273 = CARTESIAN_POINT ( 'NONE',  ( 977.5074755329789014, -65.36915218736329791, -32.49459669227824321 ) ) ;
#2274 = CIRCLE ( 'NONE', #8144, 145.1627378425959591 ) ;
#2275 = CARTESIAN_POINT ( 'NONE',  ( 976.4030299189489597, 49.02418001995696528, -117.6982742039763963 ) ) ;
#2276 = CARTESIAN_POINT ( 'NONE',  ( 975.2932074315651789, 108.7098512239561501, -66.62145485401308065 ) ) ;
#2277 = CARTESIAN_POINT ( 'NONE',  ( 975.2932074315651789, -0.4006621794146440485, 72.99890046992466353 ) ) ;
#2278 = CARTESIAN_POINT ( 'NONE',  ( 968.2424519787780355, 72.03606139125623997, -11.82500033111976911 ) ) ;
#2279 = CIRCLE ( 'NONE', #8004, 145.1627378425959591 ) ;
#2280 = AXIS2_PLACEMENT_3D ( 'NONE', #2746, #6093, #4855 ) ;
#2281 = AXIS2_PLACEMENT_3D ( 'NONE', #4345, #3632, #6361 ) ;
#2282 = ORIENTED_EDGE ( 'NONE', *, *, #6400, .F. ) ;
#2283 = ORIENTED_EDGE ( 'NONE', *, *, #3944, .F. ) ;
#2284 = EDGE_CURVE ( 'NONE', #6572, #1118, #6287, .T. ) ;
#2285 = DIRECTION ( 'NONE',  ( 0.000000000000000000, 0.000000000000000000, 1.000000000000000000 ) ) ;
#2286 = CARTESIAN_POINT ( 'NONE',  ( 0.000000000000000000, 0.000000000000000000, 70.49999999999987210 ) ) ;
#2287 = AXIS2_PLACEMENT_3D ( 'NONE', #6919, #1596, #2219 ) ;
#2288 = CIRCLE ( 'NONE', #4575, 160.1627378425955612 ) ;
#2289 = CARTESIAN_POINT ( 'NONE',  ( 1043.814912118905340, -189.6788945569601879, 44.71118576450717796 ) ) ;
#2290 = DIRECTION ( 'NONE',  ( 1.000000000000000000, 0.000000000000000000, 0.000000000000000000 ) ) ;
#2291 = CARTESIAN_POINT ( 'NONE',  ( 975.2932074315651789, 22.17684843932680394, 69.54989139674560761 ) ) ;
#2292 = CARTESIAN_POINT ( 'NONE',  ( 969.4877991597930986, 121.2201609051977869, -39.52121605558559025 ) ) ;
#2293 = ORIENTED_EDGE ( 'NONE', *, *, #7009, .T. ) ;
#2294 = AXIS2_PLACEMENT_3D ( 'NONE', #3065, #6379, #8362 ) ;
#2295 = ORIENTED_EDGE ( 'NONE', *, *, #6712, .T. ) ;
#2296 = EDGE_CURVE ( 'NONE', #7801, #3886, #3890, .T. ) ;
#2297 = CARTESIAN_POINT ( 'NONE',  ( 967.7932074315651789, -35.00870364782781508, -64.05771357844837155 ) ) ;
#2298 = ORIENTED_EDGE ( 'NONE', *, *, #1237, .T. ) ;
#2299 = CARTESIAN_POINT ( 'NONE',  ( 970.2932074315650652, 75.31834776957963129, -179.7340247757206839 ) ) ;
#2300 = CARTESIAN_POINT ( 'NONE',  ( 975.2932074315651789, 72.22574908703222718, -10.60382802656725865 ) ) ;
#2301 = CARTESIAN_POINT ( 'NONE',  ( 977.2455835626553835, 72.14106337098624522, 11.16632018087584832 ) ) ;
#2302 = CARTESIAN_POINT ( 'NONE',  ( 969.9623921352654179, -123.9763741318931949, 29.76757727979870083 ) ) ;
#2303 = ORIENTED_EDGE ( 'NONE', *, *, #3389, .F. ) ;
#2304 = ORIENTED_EDGE ( 'NONE', *, *, #1075, .T. ) ;
#2305 = EDGE_CURVE ( 'NONE', #4713, #161, #2404, .T. ) ;
#2306 = CARTESIAN_POINT ( 'NONE',  ( 975.2932074315651789, 194.2118649119463498, 16.09113731973548056 ) ) ;
#2307 = B_SPLINE_CURVE_WITH_KNOTS ( 'NONE', 3,
 ( #3429, #6103, #2802, #4227, #2841, #8859, #6283, #6955, #2702, #7538, #5440, #1407, #2036, #5533, #8225, #5567, #4865, #8273 ),
 .UNSPECIFIED., .F., .F.,
 ( 4, 2, 2, 2, 2, 2, 2, 2, 4 ),
 ( 0.000000000000000000, 0.0005014877766709436007, 0.001002975553341887201, 0.001504463330012830802, 0.002005951106683774403, 0.002507438883354718220, 0.003008926660025661604, 0.003510414436696604988, 0.004011902213367548806 ),
 .UNSPECIFIED. ) ;
#2308 = CARTESIAN_POINT ( 'NONE',  ( 969.1823241134993623, 49.02473446472978935, -117.6980431249995718 ) ) ;
#2309 = DIRECTION ( 'NONE',  ( -1.000000000000000000, -0.000000000000000000, -0.000000000000000000 ) ) ;
#2310 = CARTESIAN_POINT ( 'NONE',  ( 969.1851730895936043, 74.73765894794037479, -103.2982878046662591 ) ) ;
#2311 = CARTESIAN_POINT ( 'NONE',  ( 967.7932074315651789, 0.000000000000000000, 0.000000000000000000 ) ) ;
#2312 = CARTESIAN_POINT ( 'NONE',  ( 967.7932074315651789, -41.45794362086349594, -120.5719615263535189 ) ) ;
#2313 = CARTESIAN_POINT ( 'NONE',  ( 977.7932074315651789, 0.000000000000000000, 0.000000000000000000 ) ) ;
#2314 = CARTESIAN_POINT ( 'NONE',  ( 977.7932074315652926, -13.14744468377802455, -71.80719768118933644 ) ) ;
#2315 = CARTESIAN_POINT ( 'NONE',  ( 977.2823495132336120, -127.4963287569987074, 0.9770387185117482831 ) ) ;
#2316 = VERTEX_POINT ( 'NONE', #7424 ) ;
#2317 = ORIENTED_EDGE ( 'NONE', *, *, #3782, .T. ) ;
#2318 = EDGE_LOOP ( 'NONE', ( #2468, #8002 ) ) ;
#2319 = CARTESIAN_POINT ( 'NONE',  ( 976.4259520426954850, 69.21329480833269088, 23.20613250592700538 ) ) ;
#2320 = CARTESIAN_POINT ( 'NONE',  ( 976.1207935749462195, 69.59340032497141237, -22.04004072854859331 ) ) ;
#2321 = CARTESIAN_POINT ( 'NONE',  ( 969.9570765531306051, -59.30345269618988624, 42.56878849335120663 ) ) ;
#2322 = CARTESIAN_POINT ( 'NONE',  ( 969.6464772890310542, 121.2843485790308620, 39.32375612313894209 ) ) ;
#2323 = CARTESIAN_POINT ( 'NONE',  ( 968.6815957473297658, 72.12472281450527589, -11.27110270888563193 ) ) ;
#2324 = ORIENTED_EDGE ( 'NONE', *, *, #3511, .F. ) ;
#2325 = ORIENTED_EDGE ( 'NONE', *, *, #5886, .T. ) ;
#2326 = CARTESIAN_POINT ( 'NONE',  ( 977.7932074315651789, -71.74079029596708779, 13.50033361476878824 ) ) ;
#2327 = CARTESIAN_POINT ( 'NONE',  ( 968.6815957473302205, -51.72513852216015806, 51.51236203288311088 ) ) ;
#2328 = CYLINDRICAL_SURFACE ( 'NONE', #3650, 3.000000000000002665 ) ;
#2329 = DIRECTION ( 'NONE',  ( 0.000000000000000000, 0.000000000000000000, 1.000000000000000000 ) ) ;
#2330 = LINE ( 'NONE', #900, #5662 ) ;
#2331 = ORIENTED_EDGE ( 'NONE', *, *, #8902, .F. ) ;
#2332 = ORIENTED_EDGE ( 'NONE', *, *, #2184, .T. ) ;
#2333 = EDGE_CURVE ( 'NONE', #5496, #1695, #8741, .T. ) ;
#2334 = CARTESIAN_POINT ( 'NONE',  ( 967.7932074315649515, -121.9131337706587601, -37.33023988404875126 ) ) ;
#2335 = ORIENTED_EDGE ( 'NONE', *, *, #1750, .F. ) ;
#2336 = AXIS2_PLACEMENT_3D ( 'NONE', #7093, #2942, #5669 ) ;
#2337 = ADVANCED_FACE ( 'NONE', ( #563 ), #4999, .F. ) ;
#2338 = FACE_OUTER_BOUND ( 'NONE', #3479, .T. ) ;
#2339 = CARTESIAN_POINT ( 'NONE',  ( 976.9464254848244309, -38.81167114991207967, 121.4492382780074848 ) ) ;
#2340 = DIRECTION ( 'NONE',  ( 0.000000000000000000, -6.238659101498586888E-15, 1.000000000000000000 ) ) ;
#2341 = CYLINDRICAL_SURFACE ( 'NONE', #7654, 147.6627378425959307 ) ;
#2342 = VERTEX_POINT ( 'NONE', #5329 ) ;
#2343 = ORIENTED_EDGE ( 'NONE', *, *, #3891, .T. ) ;
#2344 = ADVANCED_FACE ( 'NONE', ( #4702, #8059 ), #5376, .T. ) ;
#2345 = CARTESIAN_POINT ( 'NONE',  ( 976.9464254848238625, 75.44156980205708862, 102.7853727023378241 ) ) ;
#2346 = CARTESIAN_POINT ( 'NONE',  ( 977.7136058903372486, -120.6742219329513688, 41.15832426391551735 ) ) ;
#2347 = AXIS2_PLACEMENT_3D ( 'NONE', #2728, #5463, #7558 ) ;
#2348 = CARTESIAN_POINT ( 'NONE',  ( 970.2932074315650652, 33.87455307021167528, -64.66463217473180691 ) ) ;
#2349 = LINE ( 'NONE', #1683, #6365 ) ;
#2350 = CARTESIAN_POINT ( 'NONE',  ( 975.2932074315651789, -147.6625660138615217, -127.1728735659483362 ) ) ;
#2351 = EDGE_CURVE ( 'NONE', #5328, #6425, #5425, .T. ) ;
#2352 = CARTESIAN_POINT ( 'NONE',  ( 977.1970314762214684, -23.81412070497692213, 69.00654262515672599 ) ) ;
#2353 = ORIENTED_EDGE ( 'NONE', *, *, #2554, .T. ) ;
#2354 = ORIENTED_EDGE ( 'NONE', *, *, #179, .F. ) ;
#2355 = AXIS2_PLACEMENT_3D ( 'NONE', #876, #5839, #3078 ) ;
#2356 = ORIENTED_EDGE ( 'NONE', *, *, #976, .T. ) ;
#2357 = CIRCLE ( 'NONE', #4951, 145.1627378425959591 ) ;
#2358 = CARTESIAN_POINT ( 'NONE',  ( 977.7932074315651789, 72.40137861183866619, 9.329543134857816611 ) ) ;
#2359 = CARTESIAN_POINT ( 'NONE',  ( 977.1774328682959094, 49.57477744262747166, -117.4674629032393511 ) ) ;
#2360 = CARTESIAN_POINT ( 'NONE',  ( 975.6498138585351398, 10.62587837592426077, 72.22252130287901650 ) ) ;
#2361 = CARTESIAN_POINT ( 'NONE',  ( 968.3072454628944570, 102.5749331527569836, -75.72748327126217305 ) ) ;
#2362 = FACE_OUTER_BOUND ( 'NONE', #3317, .T. ) ;
#2363 = B_SPLINE_CURVE_WITH_KNOTS ( 'NONE', 3,
 ( #4766, #7534, #4818, #6099, #5338, #8219, #83, #3473, #8070, #724, #3996, #7390, #8799, #1263, #41, #6196 ),
 .UNSPECIFIED., .F., .F.,
 ( 4, 2, 2, 2, 2, 2, 2, 4 ),
 ( 1.344410693882025498E-17, 0.0004881885400331017555, 0.0009763770800661894164, 0.001464565620099277186, 0.001952754160132364738, 0.002440942700165452724, 0.002929131240198540060, 0.003905508320265022645 ),
 .UNSPECIFIED. ) ;
#2364 = DIRECTION ( 'NONE',  ( -1.000000000000000000, -0.000000000000000000, -0.000000000000000000 ) ) ;
#2365 = AXIS2_PLACEMENT_3D ( 'NONE', #5141, #7184, #5186 ) ;
#2366 = ADVANCED_FACE ( 'NONE', ( #1301 ), #1874, .T. ) ;
#2367 = CIRCLE ( 'NONE', #4493, 157.6627378425955328 ) ;
#2368 = ORIENTED_EDGE ( 'NONE', *, *, #5091, .F. ) ;
#2369 = ORIENTED_EDGE ( 'NONE', *, *, #747, .F. ) ;
#2370 = CARTESIAN_POINT ( 'NONE',  ( 1038.865541267632807, -69.54989139674569287, 22.17684843932655880 ) ) ;
#2371 = CARTESIAN_POINT ( 'NONE',  ( 977.7932074315648379, 57.32689784483994799, 45.19574682463398574 ) ) ;
#2372 = CARTESIAN_POINT ( 'NONE',  ( 975.9514122167590813, -121.2803071756486872, -39.33640388975260294 ) ) ;
#2373 = DIRECTION ( 'NONE',  ( 1.000000000000000000, 0.000000000000000000, 0.000000000000000000 ) ) ;
#2374 = CARTESIAN_POINT ( 'NONE',  ( 967.7932074315651789, -72.40137861183848145, -9.329543134858189646 ) ) ;
#2375 = ORIENTED_EDGE ( 'NONE', *, *, #3452, .F. ) ;
#2376 = ORIENTED_EDGE ( 'NONE', *, *, #6769, .F. ) ;
#2377 = DIRECTION ( 'NONE',  ( 0.000000000000000000, 0.000000000000000000, 1.000000000000000000 ) ) ;
#2378 = ORIENTED_EDGE ( 'NONE', *, *, #2512, .T. ) ;
#2379 = FACE_OUTER_BOUND ( 'NONE', #3988, .T. ) ;
#2380 = CARTESIAN_POINT ( 'NONE',  ( 977.7770235444021409, -37.32750858116519055, 121.9136276158652521 ) ) ;
#2381 = CARTESIAN_POINT ( 'NONE',  ( 969.1823241134991349, 127.0869669635395240, 10.25459764202093460 ) ) ;
#2382 = DIRECTION ( 'NONE',  ( 1.000000000000000000, -0.000000000000000000, -0.000000000000000000 ) ) ;
#2383 = ORIENTED_EDGE ( 'NONE', *, *, #6253, .T. ) ;
#2384 = EDGE_CURVE ( 'NONE', #7467, #8688, #2856, .T. ) ;
#2385 = DIRECTION ( 'NONE',  ( 1.000000000000000000, 0.000000000000000000, 0.000000000000000000 ) ) ;
#2386 = AXIS2_PLACEMENT_3D ( 'NONE', #1657, #7787, #6446 ) ;
#2387 = CARTESIAN_POINT ( 'NONE',  ( 977.6656042090993424, 76.30720604998373346, 102.1444232513817383 ) ) ;
#2388 = DIRECTION ( 'NONE',  ( 0.000000000000000000, 0.000000000000000000, 1.000000000000000000 ) ) ;
#2389 = DIRECTION ( 'NONE',  ( 0.000000000000000000, 0.000000000000000000, -1.000000000000000000 ) ) ;
#2390 = CARTESIAN_POINT ( 'NONE',  ( 969.9658196246411990, 103.1592966869546331, 74.92937016233916836 ) ) ;
#2391 = CARTESIAN_POINT ( 'NONE',  ( 977.2823495132339531, 103.7209856344882155, 74.15002083735691940 ) ) ;
#2392 = CARTESIAN_POINT ( 'NONE',  ( 967.7932074315651789, 64.46894917794648450, 110.0000208722311612 ) ) ;
#2393 = ORIENTED_EDGE ( 'NONE', *, *, #1153, .T. ) ;
#2394 = CARTESIAN_POINT ( 'NONE',  ( 977.7932074315651789, -19.64974801233342205, -70.30567120120382185 ) ) ;
#2395 = ORIENTED_EDGE ( 'NONE', *, *, #423, .F. ) ;
#2396 = ORIENTED_EDGE ( 'NONE', *, *, #8305, .T. ) ;
#2397 = CARTESIAN_POINT ( 'NONE',  ( 977.4635654086102932, 120.8680900145989057, -40.58538243497262954 ) ) ;
#2398 = ADVANCED_FACE ( 'NONE', ( #7247 ), #4280, .F. ) ;
#2399 = ORIENTED_EDGE ( 'NONE', *, *, #7009, .F. ) ;
#2400 = CARTESIAN_POINT ( 'NONE',  ( 977.6656042090993424, 102.1444232513825483, -76.30720604998265344 ) ) ;
#2401 = CARTESIAN_POINT ( 'NONE',  ( 975.9411352989149009, 48.86306447945266740, -117.7652408367462158 ) ) ;
#2402 = ADVANCED_FACE ( 'NONE', ( #3980 ), #6858, .F. ) ;
#2403 = CIRCLE ( 'NONE', #533, 147.6627378425959591 ) ;
#2404 = B_SPLINE_CURVE_WITH_KNOTS ( 'NONE', 3,
 ( #1110, #610, #5903, #5201, #6039, #4655, #3933, #6660, #4610, #8787, #518, #5990, #5287, #6709, #8644, #1918 ),
 .UNSPECIFIED., .F., .F.,
 ( 4, 2, 2, 2, 2, 2, 2, 4 ),
 ( 0.000000000000000000, 0.001060870709216722675, 0.001591306063825026441, 0.002121741418433330424, 0.002652176773041633757, 0.003182612127649937957, 0.003713047482258241289, 0.004243482836866545489 ),
 .UNSPECIFIED. ) ;
#2405 = CARTESIAN_POINT ( 'NONE',  ( 975.4734716392106293, 10.60382802656801537, 72.22574908703211349 ) ) ;
#2406 = FACE_OUTER_BOUND ( 'NONE', #3718, .T. ) ;
#2407 = CARTESIAN_POINT ( 'NONE',  ( 977.1970314762214684, 1.324380282075470872, -72.98809003458873690 ) ) ;
#2408 = ORIENTED_EDGE ( 'NONE', *, *, #1363, .F. ) ;
#2409 = AXIS2_PLACEMENT_3D ( 'NONE', #5808, #7827, #1690 ) ;
#2410 = EDGE_LOOP ( 'NONE', ( #4124, #4335, #3903, #7010 ) ) ;
#2411 = CARTESIAN_POINT ( 'NONE',  ( 976.9464254848242035, 39.98676962159684933, 121.0674256395438988 ) ) ;
#2412 = DIRECTION ( 'NONE',  ( 0.000000000000000000, 3.571354184554635932E-15, -1.000000000000000000 ) ) ;
#2413 = ADVANCED_FACE ( 'NONE', ( #5243 ), #8143, .F. ) ;
#2414 = TOROIDAL_SURFACE ( 'NONE', #5288, 160.1627378425955612, 2.500000000000000000 ) ;
#2415 = CARTESIAN_POINT ( 'NONE',  ( 968.7444331958878365, 0.9636232611035422391, -72.99370677246845673 ) ) ;
#2416 = VECTOR ( 'NONE', #6612, 1000.000000000000000 ) ;
#2417 = AXIS2_PLACEMENT_3D ( 'NONE', #4859, #6096, #8850 ) ;
#2418 = CARTESIAN_POINT ( 'NONE',  ( 975.2932074315651789, 51.03190722805700830, 52.19908471100745118 ) ) ;
#2419 = CARTESIAN_POINT ( 'NONE',  ( 967.9202297398430801, -50.35755083287646983, 117.1340689592295519 ) ) ;
#2420 = CARTESIAN_POINT ( 'NONE',  ( 976.8184840389479859, -96.61931592023054804, -83.19234399536323110 ) ) ;
#2421 = ORIENTED_EDGE ( 'NONE', *, *, #1987, .F. ) ;
#2422 = CIRCLE ( 'NONE', #3012, 127.4999999999997868 ) ;
#2423 = CIRCLE ( 'NONE', #706, 7.274999999999996803 ) ;
#2424 = CARTESIAN_POINT ( 'NONE',  ( 969.1851730895934907, -121.3377164734726819, -39.15881113360669730 ) ) ;
#2425 = EDGE_LOOP ( 'NONE', ( #6932, #8506, #5814, #882 ) ) ;
#2426 = CYLINDRICAL_SURFACE ( 'NONE', #1664, 147.6627378425959876 ) ;
#2427 = LINE ( 'NONE', #3607, #266 ) ;
#2428 = AXIS2_PLACEMENT_3D ( 'NONE', #3685, #6415, #8485 ) ;
#2429 = CIRCLE ( 'NONE', #1134, 147.6627378425959876 ) ;
#2430 = DIRECTION ( 'NONE',  ( 0.000000000000000000, 0.000000000000000000, 1.000000000000000000 ) ) ;
#2431 = DIRECTION ( 'NONE',  ( 1.000000000000000000, 0.000000000000000000, 0.000000000000000000 ) ) ;
#2432 = ORIENTED_EDGE ( 'NONE', *, *, #3133, .T. ) ;
#2433 = ORIENTED_EDGE ( 'NONE', *, *, #5442, .F. ) ;
#2434 = CARTESIAN_POINT ( 'NONE',  ( 977.7932074315651789, 76.95086877762872746, 101.6602862201761610 ) ) ;
#2435 = CARTESIAN_POINT ( 'NONE',  ( 976.8447230752969972, -59.62091990723446600, 42.12310111499757426 ) ) ;
#2436 = CARTESIAN_POINT ( 'NONE',  ( 976.5466784714078585, -83.05411223852077285, 96.73816593572237821 ) ) ;
#2437 = CARTESIAN_POINT ( 'NONE',  ( 967.7932074315651789, 19.81289493174922711, 70.26007323164120066 ) ) ;
#2438 = DIRECTION ( 'NONE',  ( -1.000000000000000000, -0.000000000000000000, -0.000000000000000000 ) ) ;
#2439 = EDGE_CURVE ( 'NONE', #6804, #7881, #5614, .T. ) ;
#2440 = DIRECTION ( 'NONE',  ( 1.000000000000000000, 0.000000000000000000, 0.000000000000000000 ) ) ;
#2441 = ORIENTED_EDGE ( 'NONE', *, *, #5598, .F. ) ;
#2442 = CARTESIAN_POINT ( 'NONE',  ( 968.7444331958880639, 59.61955280299139304, -42.12503675661030655 ) ) ;
#2443 = VERTEX_POINT ( 'NONE', #4208 ) ;
#2444 = VERTEX_POINT ( 'NONE', #795 ) ;
#2445 = DIRECTION ( 'NONE',  ( 1.000000000000000000, -0.000000000000000000, -0.000000000000000000 ) ) ;
#2446 = EDGE_CURVE ( 'NONE', #7646, #5734, #4717, .T. ) ;
#2447 = ORIENTED_EDGE ( 'NONE', *, *, #1261, .T. ) ;
#2448 = LINE ( 'NONE', #3707, #8430 ) ;
#2449 = CARTESIAN_POINT ( 'NONE',  ( 976.6287946620489038, -33.48381113475410586, 64.86792590415940651 ) ) ;
#2450 = CARTESIAN_POINT ( 'NONE',  ( 975.2932074315651789, -66.62145485401345013, -108.7098512239559085 ) ) ;
#2451 = CARTESIAN_POINT ( 'NONE',  ( 977.5758751313187531, -72.23514256637626829, -10.54103450417725796 ) ) ;
#2452 = CYLINDRICAL_SURFACE ( 'NONE', #4567, 157.6627378425955328 ) ;
#2453 = EDGE_CURVE ( 'NONE', #6079, #4309, #6269, .T. ) ;
#2454 = EDGE_CURVE ( 'NONE', #7046, #6535, #48, .T. ) ;
#2455 = DIRECTION ( 'NONE',  ( -1.000000000000000000, -0.000000000000000000, -0.000000000000000000 ) ) ;
#2456 = EDGE_CURVE ( 'NONE', #8690, #8598, #473, .T. ) ;
#2457 = CARTESIAN_POINT ( 'NONE',  ( 970.2932074315650652, 64.66463217473219061, 33.87455307021097184 ) ) ;
#2458 = ORIENTED_EDGE ( 'NONE', *, *, #3571, .T. ) ;
#2459 = ORIENTED_EDGE ( 'NONE', *, *, #4486, .T. ) ;
#2460 = DIRECTION ( 'NONE',  ( 0.000000000000000000, 0.000000000000000000, 1.000000000000000000 ) ) ;
#2461 = CARTESIAN_POINT ( 'NONE',  ( 967.7932074315651789, 0.000000000000000000, 127.4999999999997868 ) ) ;
#2462 = B_SPLINE_CURVE_WITH_KNOTS ( 'NONE', 3,
 ( #1945, #5346, #1273, #3245, #6016, #4776, #2041, #5923, #4009, #8132, #2612, #448, #2523, #5966, #5261, #6059, #7990, #8082 ),
 .UNSPECIFIED., .F., .F.,
 ( 4, 2, 2, 2, 2, 2, 2, 2, 4 ),
 ( 0.000000000000000000, 0.0005014877766709456607, 0.001002975553341891321, 0.001504463330012837090, 0.002005951106683782643, 0.002507438883354728195, 0.003008926660025674181, 0.003510414436696619733, 0.004011902213367565286 ),
 .UNSPECIFIED. ) ;
#2463 = DIRECTION ( 'NONE',  ( -1.000000000000000000, -0.000000000000000000, -0.000000000000000000 ) ) ;
#2464 = CARTESIAN_POINT ( 'NONE',  ( 977.2807874479376551, 127.0268563004311488, 10.97481548340103075 ) ) ;
#2465 = ADVANCED_FACE ( 'NONE', ( #6477 ), #4274, .F. ) ;
#2466 = CARTESIAN_POINT ( 'NONE',  ( 967.7932074315651789, 13.50033361476962668, 71.74079029596680357 ) ) ;
#2467 = CARTESIAN_POINT ( 'NONE',  ( 975.6212234913450629, -96.94337594908307665, -82.81444849333196601 ) ) ;
#2468 = ORIENTED_EDGE ( 'NONE', *, *, #5541, .T. ) ;
#2469 = B_SPLINE_CURVE_WITH_KNOTS ( 'NONE', 3,
 ( #292, #3045, #1151, #4516, #3883, #1019, #5194, #378, #4556, #3711, #3217, #3134, #3753, #5766, #4470, #5942 ),
 .UNSPECIFIED., .F., .F.,
 ( 4, 2, 2, 2, 2, 2, 2, 4 ),
 ( 0.000000000000000000, 0.0004891428882835910244, 0.0009782857765671820489, 0.001467428664850773182, 0.001956571553134364098, 0.002445714441417955014, 0.002934857329701546363, 0.003913143106268728195 ),
 .UNSPECIFIED. ) ;
#2470 = EDGE_CURVE ( 'NONE', #4799, #6642, #5728, .T. ) ;
#2471 = ORIENTED_EDGE ( 'NONE', *, *, #5813, .F. ) ;
#2472 = DIRECTION ( 'NONE',  ( -1.000000000000000000, -0.000000000000000000, -0.000000000000000000 ) ) ;
#2473 = EDGE_LOOP ( 'NONE', ( #1484, #1967, #204, #128 ) ) ;
#2474 = CARTESIAN_POINT ( 'NONE',  ( 975.2932074315651789, -0.0001905234629517504538, -127.4999999998575078 ) ) ;
#2475 = CARTESIAN_POINT ( 'NONE',  ( 977.7932074315651789, -116.8128655150150479, -51.09798870964470296 ) ) ;
#2476 = DIRECTION ( 'NONE',  ( 0.000000000000000000, 0.000000000000000000, 1.000000000000000000 ) ) ;
#2477 = CARTESIAN_POINT ( 'NONE',  ( 977.7167836271273700, -70.12386720783082694, 20.28965922136159250 ) ) ;
#2478 = EDGE_CURVE ( 'NONE', #5251, #2991, #2515, .T. ) ;
#2479 = ORIENTED_EDGE ( 'NONE', *, *, #1307, .F. ) ;
#2480 = CARTESIAN_POINT ( 'NONE',  ( 967.7932074315651789, 31.24617919969681523, -65.97481553911610774 ) ) ;
#2481 = CARTESIAN_POINT ( 'NONE',  ( 967.7932074315651789, 0.000000000000000000, 0.000000000000000000 ) ) ;
#2482 = CARTESIAN_POINT ( 'NONE',  ( 968.3024195543166570, 10.97912640346273783, -127.0264829209611577 ) ) ;
#2483 = CARTESIAN_POINT ( 'NONE',  ( 969.6464772890308268, -127.4999789654059867, 0.07981035650114752522 ) ) ;
#2484 = CARTESIAN_POINT ( 'NONE',  ( 977.7932074315647242, 104.5049916804831298, 73.04097454625893704 ) ) ;
#2485 = CARTESIAN_POINT ( 'NONE',  ( 975.2932074315651789, 147.6625660138624028, 127.1728735659473131 ) ) ;
#2486 = ORIENTED_EDGE ( 'NONE', *, *, #4429, .F. ) ;
#2487 = CARTESIAN_POINT ( 'NONE',  ( 977.6709658558772844, -24.64960935592540281, 68.71260119597744165 ) ) ;
#2488 = ORIENTED_EDGE ( 'NONE', *, *, #5344, .F. ) ;
#2489 = ORIENTED_EDGE ( 'NONE', *, *, #4932, .T. ) ;
#2490 = DIRECTION ( 'NONE',  ( 0.000000000000000000, 0.000000000000000000, 1.000000000000000000 ) ) ;
#2491 = ORIENTED_EDGE ( 'NONE', *, *, #4828, .F. ) ;
#2492 = CARTESIAN_POINT ( 'NONE',  ( 968.3375251523922316, 65.16187420913665562, 32.90820152241739294 ) ) ;
#2493 = CIRCLE ( 'NONE', #4221, 72.99999999999987210 ) ;
#2494 = CARTESIAN_POINT ( 'NONE',  ( 967.9202297398430801, 28.10956385634760579, 124.3628781294369929 ) ) ;
#2495 = DIRECTION ( 'NONE',  ( -1.000000000000000000, -0.000000000000000000, -0.000000000000000000 ) ) ;
#2496 = CYLINDRICAL_SURFACE ( 'NONE', #775, 147.6627378425959876 ) ;
#2497 = CARTESIAN_POINT ( 'NONE',  ( 975.2932074315651789, 166.5788324321696336, -101.1368664649733233 ) ) ;
#2498 = ORIENTED_EDGE ( 'NONE', *, *, #3288, .F. ) ;
#2499 = CIRCLE ( 'NONE', #3222, 72.99999999999987210 ) ;
#2500 = AXIS2_PLACEMENT_3D ( 'NONE', #2199, #3014, #2838 ) ;
#2501 = ORIENTED_EDGE ( 'NONE', *, *, #579, .F. ) ;
#2502 = CARTESIAN_POINT ( 'NONE',  ( 970.2932074315650652, -75.31834776957833810, 179.7340247757211955 ) ) ;
#2503 = CARTESIAN_POINT ( 'NONE',  ( 967.8087372738300473, 2.701130985200827173, -72.95019699419839299 ) ) ;
#2504 = AXIS2_PLACEMENT_3D ( 'NONE', #4000, #5438, #627 ) ;
#2505 = VECTOR ( 'NONE', #8258, 1000.000000000000000 ) ;
#2506 = DIRECTION ( 'NONE',  ( -1.000000000000000000, -0.000000000000000000, -0.000000000000000000 ) ) ;
#2507 = CARTESIAN_POINT ( 'NONE',  ( 977.1774328682962505, 127.0376447689127133, 10.84897280748356430 ) ) ;
#2508 = CARTESIAN_POINT ( 'NONE',  ( 967.7932074315651789, 120.4638038423331068, -41.76986909048002872 ) ) ;
#2509 = ORIENTED_EDGE ( 'NONE', *, *, #3627, .T. ) ;
#2510 = AXIS2_PLACEMENT_3D ( 'NONE', #6752, #4795, #2678 ) ;
#2511 = CARTESIAN_POINT ( 'NONE',  ( 976.8184840389474175, -127.0659014684651424, -10.51261110963729273 ) ) ;
#2512 = EDGE_CURVE ( 'NONE', #5059, #1281, #4145, .T. ) ;
#2513 = DIRECTION ( 'NONE',  ( 0.000000000000000000, 0.000000000000000000, 1.000000000000000000 ) ) ;
#2514 = EDGE_CURVE ( 'NONE', #4353, #7218, #1119, .T. ) ;
#2515 = B_SPLINE_CURVE_WITH_KNOTS ( 'NONE', 3,
 ( #332, #2998, #5636, #1610, #4294, #5727, #932, #4382, #5151, #7783, #6351, #7874, #3088, #2320, #1652, #7104, #3752, #3709 ),
 .UNSPECIFIED., .F., .F.,
 ( 4, 2, 2, 2, 2, 2, 2, 2, 4 ),
 ( 0.000000000000000000, 0.0005014877766709429502, 0.001002975553341885900, 0.001504463330012828851, 0.002005951106683771801, 0.002507438883354714751, 0.003008926660025657701, 0.003510414436696600651, 0.004011902213367543601 ),
 .UNSPECIFIED. ) ;
#2516 = AXIS2_PLACEMENT_3D ( 'NONE', #1214, #1081, #2513 ) ;
#2517 = CARTESIAN_POINT ( 'NONE',  ( 976.1000973941278289, 124.0063305471226442, -29.64260382391071857 ) ) ;
#2518 = CARTESIAN_POINT ( 'NONE',  ( 977.5758751313188668, 65.44234424317832577, 32.34700619779686548 ) ) ;
#2519 = CARTESIAN_POINT ( 'NONE',  ( 976.8447230752969972, -69.71961848559536179, 21.63757233037502203 ) ) ;
#2520 = ORIENTED_EDGE ( 'NONE', *, *, #5091, .T. ) ;
#2521 = EDGE_CURVE ( 'NONE', #4637, #7262, #6316, .T. ) ;
#2522 = CARTESIAN_POINT ( 'NONE',  ( 975.2932074315651789, 75.31834776957963129, -32.07128693312471768 ) ) ;
#2523 = CARTESIAN_POINT ( 'NONE',  ( 976.4259520426954850, -0.6822592053127533029, 72.99684435977064823 ) ) ;
#2524 = CARTESIAN_POINT ( 'NONE',  ( 976.8184840389476449, -83.19234399536283320, 96.61931592023084647 ) ) ;
#2525 = DIRECTION ( 'NONE',  ( -1.000000000000000000, -0.000000000000000000, -0.000000000000000000 ) ) ;
#2526 = CARTESIAN_POINT ( 'NONE',  ( 969.9658196246413127, -103.1400415588208261, 74.95587257257889746 ) ) ;
#2527 = CARTESIAN_POINT ( 'NONE',  ( 967.8087372738299337, 72.95019699419837877, 2.701130985201107837 ) ) ;
#2528 = ORIENTED_EDGE ( 'NONE', *, *, #1974, .F. ) ;
#2529 = CARTESIAN_POINT ( 'NONE',  ( 975.4630272440168710, -22.93895319245739373, 69.30226855186069201 ) ) ;
#2530 = ORIENTED_EDGE ( 'NONE', *, *, #5796, .F. ) ;
#2531 = ORIENTED_EDGE ( 'NONE', *, *, #3358, .T. ) ;
#2532 = CARTESIAN_POINT ( 'NONE',  ( 977.7932074315651789, -31.24617919969647772, 65.97481553911640617 ) ) ;
#2533 = VERTEX_POINT ( 'NONE', #1566 ) ;
#2534 = CARTESIAN_POINT ( 'NONE',  ( 976.5476831198554919, 102.9545019977012146, -75.21056357321110397 ) ) ;
#2535 = LINE ( 'NONE', #6695, #2711 ) ;
#2536 = CARTESIAN_POINT ( 'NONE',  ( 967.8724445145013533, 27.95442885403912214, 124.3978517255550713 ) ) ;
#2537 = CARTESIAN_POINT ( 'NONE',  ( 976.4022747810961391, -103.0003184979131134, 75.14777630926806751 ) ) ;
#2538 = CARTESIAN_POINT ( 'NONE',  ( 977.4756012051087737, 1.745103159182490815, -72.97927701132566369 ) ) ;
#2539 = ORIENTED_EDGE ( 'NONE', *, *, #3612, .T. ) ;
#2540 = CARTESIAN_POINT ( 'NONE',  ( 977.5402670494213453, 38.07325499985557826, -121.6827849378377522 ) ) ;
#2541 = VERTEX_POINT ( 'NONE', #7023 ) ;
#2542 = DIRECTION ( 'NONE',  ( -1.000000000000000000, -0.000000000000000000, -0.000000000000000000 ) ) ;
#2543 = PLANE ( 'NONE',  #7219 ) ;
#2544 = CARTESIAN_POINT ( 'NONE',  ( 977.5406705918381931, 126.9900364399541814, 11.39312792005942931 ) ) ;
#2545 = CARTESIAN_POINT ( 'NONE',  ( 967.8701356896224297, -44.80363757302478689, 57.63385645882637931 ) ) ;
#2547 = CARTESIAN_POINT ( 'NONE',  ( 976.5466784714077448, -10.33092098284779325, 127.0808025627093372 ) ) ;
#2546 = CIRCLE ( 'NONE', #7411, 145.1627378425959591 ) ;
#2548 = B_SPLINE_CURVE_WITH_KNOTS ( 'NONE', 3,
 ( #4544, #7953, #8499, #7271, #3202, #7230, #1010, #1093, #413, #3166, #4590, #4780, #4013, #1949, #3248, #2613, #5969, #640 ),
 .UNSPECIFIED., .F., .F.,
 ( 4, 2, 2, 2, 2, 2, 2, 2, 4 ),
 ( 3.469446951953614189E-18, 0.0005014719534716565244, 0.001002943906943309579, 0.001504415860414962634, 0.002005887813886615689, 0.002507359767358268744, 0.003008831720829921799, 0.003510303674301574854, 0.004011775627773227909 ),
 .UNSPECIFIED. ) ;
#2549 = EDGE_CURVE ( 'NONE', #2991, #5488, #541, .T. ) ;
#2550 = ORIENTED_EDGE ( 'NONE', *, *, #4476, .T. ) ;
#2551 = ORIENTED_EDGE ( 'NONE', *, *, #4496, .F. ) ;
#2552 = DIRECTION ( 'NONE',  ( 1.000000000000000000, -0.000000000000000000, -0.000000000000000000 ) ) ;
#2553 = AXIS2_PLACEMENT_3D ( 'NONE', #7215, #7259, #7939 ) ;
#2554 = EDGE_CURVE ( 'NONE', #2939, #4783, #7705, .T. ) ;
#2555 = AXIS2_PLACEMENT_3D ( 'NONE', #1829, #7377, #8017 ) ;
#2556 = AXIS2_PLACEMENT_3D ( 'NONE', #2883, #2160, #4900 ) ;
#2557 = DIRECTION ( 'NONE',  ( -1.000000000000000000, -0.000000000000000000, -0.000000000000000000 ) ) ;
#2558 = CARTESIAN_POINT ( 'NONE',  ( 967.7932074315651789, 95.30549004550555026, 84.69423573765800484 ) ) ;
#2559 = EDGE_CURVE ( 'NONE', #1229, #7361, #2535, .T. ) ;
#2560 = DIRECTION ( 'NONE',  ( 0.000000000000000000, 0.000000000000000000, -1.000000000000000000 ) ) ;
#2561 = EDGE_CURVE ( 'NONE', #7177, #1727, #6155, .T. ) ;
#2562 = AXIS2_PLACEMENT_3D ( 'NONE', #3453, #8291, #65 ) ;
#2563 = CARTESIAN_POINT ( 'NONE',  ( 1001.793207431565179, -54.35287990626783738, 10.38532122852886630 ) ) ;
#2564 = AXIS2_PLACEMENT_3D ( 'NONE', #4554, #5978, #2587 ) ;
#2565 = VECTOR ( 'NONE', #4035, 1000.000000000000000 ) ;
#2566 = CARTESIAN_POINT ( 'NONE',  ( 968.0784268819821818, -12.13552482403776267, -71.98439977412455448 ) ) ;
#2567 = ORIENTED_EDGE ( 'NONE', *, *, #191, .T. ) ;
#2568 = B_SPLINE_CURVE_WITH_KNOTS ( 'NONE', 3,
 ( #4164, #7684, #99, #3488, #8285, #2901, #180, #2176, #4917, #5584, #3656, #5502, #8246, #1508, #1554, #5624 ),
 .UNSPECIFIED., .F., .F.,
 ( 4, 2, 2, 2, 2, 2, 2, 4 ),
 ( 0.000000000000000000, 0.0005326074553525448870, 0.001065214910705089774, 0.001597822366057634769, 0.002130429821410179548, 0.002663037276762724326, 0.003195644732115269539, 0.004260859642820358228 ),
 .UNSPECIFIED. ) ;
#2569 = AXIS2_PLACEMENT_3D ( 'NONE', #5935, #5145, #8003 ) ;
#2570 = VECTOR ( 'NONE', #445, 1000.000000000000000 ) ;
#2571 = CARTESIAN_POINT ( 'NONE',  ( 977.7932074315651789, 75.31834776957963129, -179.7340247757206839 ) ) ;
#2572 = DIRECTION ( 'NONE',  ( 0.000000000000000000, 0.000000000000000000, -1.000000000000000000 ) ) ;
#2573 = CARTESIAN_POINT ( 'NONE',  ( 967.7932074315651789, 127.1728735659488621, -147.6625660138610669 ) ) ;
#2574 = CARTESIAN_POINT ( 'NONE',  ( 968.0090611264090512, 64.63342546917745324, -33.93448271921047876 ) ) ;
#2575 = CARTESIAN_POINT ( 'NONE',  ( 970.1281350223662230, -127.4999999998575078, 0.0001905234625065900251 ) ) ;
#2576 = CARTESIAN_POINT ( 'NONE',  ( 969.0366317484426872, -29.44314781828211380, -124.0538572045514769 ) ) ;
#2577 = CARTESIAN_POINT ( 'NONE',  ( 967.8701356896223160, 72.96168674103773810, 2.370573347154265598 ) ) ;
#2578 = ORIENTED_EDGE ( 'NONE', *, *, #2680, .F. ) ;
#2579 = CARTESIAN_POINT ( 'NONE',  ( 968.6178405014129567, -72.99216311112961364, -1.076683280937572817 ) ) ;
#2580 = ORIENTED_EDGE ( 'NONE', *, *, #1098, .T. ) ;
#2581 = B_SPLINE_CURVE_WITH_KNOTS ( 'NONE', 3,
 ( #3266, #8742, #4569, #3937, #7926, #4707, #8062, #7380, #5905, #3893, #5951, #7429, #475, #6664, #6614, #5994 ),
 .UNSPECIFIED., .F., .F.,
 ( 4, 2, 2, 2, 2, 2, 2, 4 ),
 ( 0.000000000000000000, 0.0004891407059790099481, 0.0009782814119580198961, 0.001467422117937030061, 0.001956562823916039792, 0.002445703529895049740, 0.002934844235874060122, 0.003913125647832078717 ),
 .UNSPECIFIED. ) ;
#2582 = VECTOR ( 'NONE', #8271, 1000.000000000000000 ) ;
#2583 = ADVANCED_FACE ( 'NONE', ( #1957 ), #994, .F. ) ;
#2584 = VERTEX_POINT ( 'NONE', #1149 ) ;
#2585 = CARTESIAN_POINT ( 'NONE',  ( 967.7932074315651789, -122.0089775570691302, -37.01431338656090020 ) ) ;
#2586 = CARTESIAN_POINT ( 'NONE',  ( 968.3908861589637809, -69.00712333363205175, -23.81243481347705782 ) ) ;
#2587 = DIRECTION ( 'NONE',  ( 0.000000000000000000, 0.000000000000000000, 1.000000000000000000 ) ) ;
#2588 = CARTESIAN_POINT ( 'NONE',  ( 970.1122724273471931, 12.23414415701370395, -71.96753237915956447 ) ) ;
#2589 = DIRECTION ( 'NONE',  ( 0.000000000000000000, 0.000000000000000000, 1.000000000000000000 ) ) ;
#2590 = CARTESIAN_POINT ( 'NONE',  ( 968.3024195543162023, -83.54659315531415587, 96.31321483572681075 ) ) ;
#2591 = ORIENTED_EDGE ( 'NONE', *, *, #653, .F. ) ;
#2592 = CARTESIAN_POINT ( 'NONE',  ( 958.7932074315651789, -37.92267161132591013, -27.55243370120933477 ) ) ;
#2593 = ORIENTED_EDGE ( 'NONE', *, *, #4277, .F. ) ;
#2594 = CARTESIAN_POINT ( 'NONE',  ( 977.7776520252658656, 68.54495910505191603, 25.11206094264736421 ) ) ;
#2595 = CARTESIAN_POINT ( 'NONE',  ( 958.7932074315651789, 54.35287990626809318, 10.38532122852809181 ) ) ;
#2596 = CARTESIAN_POINT ( 'NONE',  ( 976.9470595414691161, -109.0326513438094196, 66.09193854283027747 ) ) ;
#2597 = DIRECTION ( 'NONE',  ( 0.000000000000000000, 0.000000000000000000, -1.000000000000000000 ) ) ;
#2598 = DIRECTION ( 'NONE',  ( -1.000000000000000000, -0.000000000000000000, -0.000000000000000000 ) ) ;
#2599 = ORIENTED_EDGE ( 'NONE', *, *, #8699, .T. ) ;
#2600 = ORIENTED_EDGE ( 'NONE', *, *, #2845, .F. ) ;
#2601 = CARTESIAN_POINT ( 'NONE',  ( 977.7932074315651789, 0.000000000000000000, 0.000000000000000000 ) ) ;
#2602 = CARTESIAN_POINT ( 'NONE',  ( 1038.865541267632807, 75.31834776957963129, -179.7340247757206839 ) ) ;
#2603 =( NAMED_UNIT ( * ) SI_UNIT ( $, .STERADIAN. ) SOLID_ANGLE_UNIT ( ) );
#2604 = CARTESIAN_POINT ( 'NONE',  ( 976.1647925795699621, -72.20028127368226478, 10.77618664472685417 ) ) ;
#2605 = CARTESIAN_POINT ( 'NONE',  ( 977.4632779943995047, -117.3111782159178773, -49.94353073280094435 ) ) ;
#2606 = CARTESIAN_POINT ( 'NONE',  ( 968.0451641925290005, 65.42475797478506649, 109.4343368453068308 ) ) ;
#2607 = ORIENTED_EDGE ( 'NONE', *, *, #5846, .T. ) ;
#2608 = CARTESIAN_POINT ( 'NONE',  ( 1036.782757869134684, -72.99890046992466353, -0.4006621794154086591 ) ) ;
#2609 = VERTEX_POINT ( 'NONE', #1863 ) ;
#2610 = EDGE_CURVE ( 'NONE', #7246, #2186, #4639, .T. ) ;
#2611 = CARTESIAN_POINT ( 'NONE',  ( 1005.926540764898505, 0.000000000000000000, 0.000000000000000000 ) ) ;
#2612 = CARTESIAN_POINT ( 'NONE',  ( 976.8447230752969972, -0.9659927917756874205, 72.99367504144051111 ) ) ;
#2613 = CARTESIAN_POINT ( 'NONE',  ( 967.8087372738299337, -70.21445559480720533, 19.97392238936586750 ) ) ;
#2614 = CARTESIAN_POINT ( 'NONE',  ( 977.0249106011896174, 65.05468271056761864, -33.11960126731390375 ) ) ;
#2615 = ORIENTED_EDGE ( 'NONE', *, *, #822, .F. ) ;
#2616 = CARTESIAN_POINT ( 'NONE',  ( 969.1823241134991349, -108.8430172992434706, 66.40370117687798768 ) ) ;
#2617 = ORIENTED_EDGE ( 'NONE', *, *, #3113, .T. ) ;
#2618 = EDGE_LOOP ( 'NONE', ( #3071, #1306, #7998, #2399 ) ) ;
#2619 = CARTESIAN_POINT ( 'NONE',  ( 970.2932074315650652, -189.6788945569601879, 44.71118576450717796 ) ) ;
#2620 = CARTESIAN_POINT ( 'NONE',  ( 969.4678067838158313, -69.25732001653473446, -23.07440992562363746 ) ) ;
#2621 = CARTESIAN_POINT ( 'NONE',  ( 968.1111217781452751, 68.86840797542868131, 24.21080281500526610 ) ) ;
#2622 = EDGE_CURVE ( 'NONE', #833, #4206, #1844, .T. ) ;
#2623 = CARTESIAN_POINT ( 'NONE',  ( 967.7932074315651789, -75.31834776957833810, 179.7340247757211955 ) ) ;
#2624 = CYLINDRICAL_SURFACE ( 'NONE', #7343, 147.6627378425959591 ) ;
#2625 = DIRECTION ( 'NONE',  ( -1.000000000000000000, -0.000000000000000000, -0.000000000000000000 ) ) ;
#2626 = EDGE_CURVE ( 'NONE', #4204, #4509, #1187, .T. ) ;
#2627 = CARTESIAN_POINT ( 'NONE',  ( 968.4077548216921514, -83.44891705669263615, 96.39783021017252906 ) ) ;
#2628 = DIRECTION ( 'NONE',  ( 1.000000000000000000, 0.000000000000000000, 0.000000000000000000 ) ) ;
#2629 = CARTESIAN_POINT ( 'NONE',  ( 977.7932074315648379, 45.19574682463458970, -57.32689784483947903 ) ) ;
#2630 = ORIENTED_EDGE ( 'NONE', *, *, #535, .F. ) ;
#2631 = CARTESIAN_POINT ( 'NONE',  ( 977.5074755329790150, -10.70401899479637642, 72.21114075575540880 ) ) ;
#2632 = ORIENTED_EDGE ( 'NONE', *, *, #5082, .F. ) ;
#2633 = EDGE_LOOP ( 'NONE', ( #8340, #2303, #5477, #7256 ) ) ;
#2634 = AXIS2_PLACEMENT_3D ( 'NONE', #2592, #6754, #3357 ) ;
#2635 = DIRECTION ( 'NONE',  ( 1.000000000000000000, -0.000000000000000000, -0.000000000000000000 ) ) ;
#2636 = CARTESIAN_POINT ( 'NONE',  ( 977.2455835626553835, -51.79994793471281156, -51.43719592512338323 ) ) ;
#2637 = EDGE_CURVE ( 'NONE', #7206, #4289, #4768, .T. ) ;
#2638 = CARTESIAN_POINT ( 'NONE',  ( 970.2932074315650652, -108.7098512239556385, 66.62145485401389067 ) ) ;
#2639 = DIRECTION ( 'NONE',  ( 0.000000000000000000, 0.000000000000000000, 1.000000000000000000 ) ) ;
#2640 = FACE_BOUND ( 'NONE', #2815, .T. ) ;
#2641 = AXIS2_PLACEMENT_3D ( 'NONE', #2192, #840, #3628 ) ;
#2642 = CIRCLE ( 'NONE', #8808, 7.275000000000003908 ) ;
#2643 = ORIENTED_EDGE ( 'NONE', *, *, #4331, .F. ) ;
#2644 = UNCERTAINTY_MEASURE_WITH_UNIT (LENGTH_MEASURE( 1.000000000000000082E-05 ), #1367, 'distance_accuracy_value', 'NONE');
#2645 = ORIENTED_EDGE ( 'NONE', *, *, #854, .F. ) ;
#2646 = DIRECTION ( 'NONE',  ( 1.000000000000000000, 0.000000000000000000, 0.000000000000000000 ) ) ;
#2647 = DIRECTION ( 'NONE',  ( 0.000000000000000000, 0.000000000000000000, 1.000000000000000000 ) ) ;
#2648 = B_SPLINE_CURVE_WITH_KNOTS ( 'NONE', 3,
 ( #6295, #6959, #4269, #89, #2848, #6107, #2167, #4775, #50, #6202, #2706, #816, #731, #134, #2808, #5446 ),
 .UNSPECIFIED., .F., .F.,
 ( 4, 2, 2, 2, 2, 2, 2, 4 ),
 ( 0.000000000000000000, 0.0004881883398703390888, 0.0009763766797406781776, 0.001464565019611017375, 0.001952753359481356355, 0.002440941699351695336, 0.002929130039222034750, 0.003905506718962840212 ),
 .UNSPECIFIED. ) ;
#2649 = AXIS2_PLACEMENT_3D ( 'NONE', #1971, #8060, #4756 ) ;
#2650 = DIRECTION ( 'NONE',  ( -1.000000000000000000, -0.000000000000000000, -0.000000000000000000 ) ) ;
#2651 = DIRECTION ( 'NONE',  ( 0.000000000000000000, 0.000000000000000000, 1.000000000000000000 ) ) ;
#2652 = CARTESIAN_POINT ( 'NONE',  ( 967.7932074315651789, 25.42765660742818667, -68.42831489562399838 ) ) ;
#2653 = DIRECTION ( 'NONE',  ( -1.000000000000000000, -0.000000000000000000, -0.000000000000000000 ) ) ;
#2654 = CARTESIAN_POINT ( 'NONE',  ( 975.6498138585349125, 64.67498171265764029, 33.85481671892709699 ) ) ;
#2655 = CIRCLE ( 'NONE', #7803, 157.6627378425955328 ) ;
#2656 = DIRECTION ( 'NONE',  ( 0.000000000000000000, 0.000000000000000000, -1.000000000000000000 ) ) ;
#2657 = CIRCLE ( 'NONE', #210, 72.99999999999974420 ) ;
#2658 = CARTESIAN_POINT ( 'NONE',  ( 975.2932074315651789, -10.60382802656750911, -72.22574908703218455 ) ) ;
#2659 = VERTEX_POINT ( 'NONE', #426 ) ;
#2660 = CARTESIAN_POINT ( 'NONE',  ( 975.2932074315651789, -166.5788324321703158, 101.1368664649722291 ) ) ;
#2661 = FACE_OUTER_BOUND ( 'NONE', #4967, .T. ) ;
#2662 = CARTESIAN_POINT ( 'NONE',  ( 967.8459545321661608, 52.60119213248438541, 50.61847298607493428 ) ) ;
#2663 = CARTESIAN_POINT ( 'NONE',  ( 967.7932074315651789, -27.32173838326779247, -124.5382375486188238 ) ) ;
#2664 = DIRECTION ( 'NONE',  ( 0.000000000000000000, 0.000000000000000000, 1.000000000000000000 ) ) ;
#2665 = CARTESIAN_POINT ( 'NONE',  ( 969.4678067838156039, -72.99801030505578581, -0.5433790494569732399 ) ) ;
#2666 = B_SPLINE_CURVE_WITH_KNOTS ( 'NONE', 3,
 ( #7345, #1217, #3952, #6678, #5341, #6199, #4906, #3476, #4987, #166, #8316, #85, #7622, #4262, #766, #2081 ),
 .UNSPECIFIED., .F., .F.,
 ( 4, 2, 2, 2, 2, 2, 2, 4 ),
 ( 0.000000000000000000, 0.0004881883398703348062, 0.0009763766797406696124, 0.001464565019611004581, 0.001952753359481339225, 0.002440941699351674085, 0.002929130039222009162, 0.003905506718962805952 ),
 .UNSPECIFIED. ) ;
#2667 = ADVANCED_FACE ( 'NONE', ( #3213 ), #850, .F. ) ;
#2668 = VERTEX_POINT ( 'NONE', #7963 ) ;
#2669 = EDGE_LOOP ( 'NONE', ( #228, #8283, #4181, #7823 ) ) ;
#2670 = CARTESIAN_POINT ( 'NONE',  ( 968.5562076621533834, -11.43790216623112954, 72.09850187017143242 ) ) ;
#2671 = CARTESIAN_POINT ( 'NONE',  ( 977.7167836271273700, 40.96607929439602458, 60.42191134634627758 ) ) ;
#2672 = CARTESIAN_POINT ( 'NONE',  ( 970.2932074315650652, -166.5788324321703158, 101.1368664649722291 ) ) ;
#2673 = CARTESIAN_POINT ( 'NONE',  ( 968.0369480910057973, -1.894296700381780107, 72.97558534144107512 ) ) ;
#2674 = CARTESIAN_POINT ( 'NONE',  ( 967.8701356896224297, 70.12323506563258491, -20.29185191207539063 ) ) ;
#2675 = B_SPLINE_CURVE_WITH_KNOTS ( 'NONE', 3,
 ( #7916, #2405, #2360, #6566, #5896, #4425, #6478, #1061, #462, #7875, #1774, #334, #7241, #7105, #1104, #428 ),
 .UNSPECIFIED., .F., .F.,
 ( 4, 2, 2, 2, 2, 2, 2, 4 ),
 ( 0.000000000000000000, 0.0005326074553525440196, 0.001065214910705088039, 0.001597822366057632167, 0.002130429821410176078, 0.002663037276762719990, 0.003195644732115264335, 0.004260859642820352157 ),
 .UNSPECIFIED. ) ;
#2676 = CARTESIAN_POINT ( 'NONE',  ( 975.6324830688729435, 59.30365762451339151, -42.56850352975847329 ) ) ;
#2677 = DIRECTION ( 'NONE',  ( 1.000000000000000000, 0.000000000000000000, 0.000000000000000000 ) ) ;
#2678 = DIRECTION ( 'NONE',  ( 0.000000000000000000, 0.000000000000000000, -1.000000000000000000 ) ) ;
#2679 = EDGE_CURVE ( 'NONE', #6964, #756, #5321, .T. ) ;
#2680 = EDGE_CURVE ( 'NONE', #8486, #350, #801, .T. ) ;
#2681 = ORIENTED_EDGE ( 'NONE', *, *, #2679, .F. ) ;
#2682 = PLANE ( 'NONE',  #1198 ) ;
#2683 = ORIENTED_EDGE ( 'NONE', *, *, #3409, .T. ) ;
#2684 = ORIENTED_EDGE ( 'NONE', *, *, #5785, .T. ) ;
#2685 = CARTESIAN_POINT ( 'NONE',  ( 977.2807874479374277, -49.69112711948194772, 117.4183149345133756 ) ) ;
#2686 = CIRCLE ( 'NONE', #8127, 147.6627378425959591 ) ;
#2687 = CARTESIAN_POINT ( 'NONE',  ( 975.9951027213826364, -51.10971381847393502, -52.12292228951136508 ) ) ;
#2688 = CARTESIAN_POINT ( 'NONE',  ( 977.7167836271273700, 20.28965922136185895, 70.12386720783074168 ) ) ;
#2689 = CARTESIAN_POINT ( 'NONE',  ( 976.1000973941281700, -108.7769603895789885, 66.51185507582484036 ) ) ;
#2690 = FACE_BOUND ( 'NONE', #8182, .T. ) ;
#2691 = CARTESIAN_POINT ( 'NONE',  ( 977.4756012051087737, -58.01572943866300136, -44.30796086294026281 ) ) ;
#2692 = ORIENTED_EDGE ( 'NONE', *, *, #6279, .T. ) ;
#2693 = VERTEX_POINT ( 'NONE', #3090 ) ;
#2694 = ADVANCED_FACE ( 'NONE', ( #2406 ), #2452, .T. ) ;
#2695 = CARTESIAN_POINT ( 'NONE',  ( 977.5498501895685877, -68.81832207822060354, -24.35289204294755905 ) ) ;
#2696 = CARTESIAN_POINT ( 'NONE',  ( 975.4586042561197701, -127.1072257456103358, -10.00015816147054082 ) ) ;
#2697 = CARTESIAN_POINT ( 'NONE',  ( 968.4077548216919240, -127.0375256266018908, -10.85036911051773423 ) ) ;
#2698 = CARTESIAN_POINT ( 'NONE',  ( 967.9165188163373159, -57.73433002227709920, -44.67405905885227213 ) ) ;
#2699 = DIRECTION ( 'NONE',  ( 1.000000000000000000, -0.000000000000000000, -0.000000000000000000 ) ) ;
#2700 = CARTESIAN_POINT ( 'NONE',  ( 977.4632779943995047, 124.2628076189821655, -28.54861536244645492 ) ) ;
#2701 = CARTESIAN_POINT ( 'NONE',  ( 1007.993207431565224, 8.909305463796995439E-16, 64.42500000000001137 ) ) ;
#2702 = CARTESIAN_POINT ( 'NONE',  ( 977.1970314762214684, -21.29499971033607153, -69.82505465350938323 ) ) ;
#2703 = AXIS2_PLACEMENT_3D ( 'NONE', #3191, #1837, #484 ) ;
#2704 = CIRCLE ( 'NONE', #2134, 3.000000000000002665 ) ;
#2705 = EDGE_LOOP ( 'NONE', ( #2550, #1684, #3406, #3189 ) ) ;
#2706 = CARTESIAN_POINT ( 'NONE',  ( 968.3072454628944570, -120.9556378555336238, 40.32371888669079141 ) ) ;
#2707 = TOROIDAL_SURFACE ( 'NONE', #4001, 160.1627378425955612, 2.500000000000000000 ) ;
#2708 = CARTESIAN_POINT ( 'NONE',  ( 969.4678067838158313, 42.46755101860851056, 59.37602108402266765 ) ) ;
#2709 = CARTESIAN_POINT ( 'NONE',  ( 975.9514122167593086, 74.88881924725706085, -103.1888091381478745 ) ) ;
#2710 = CARTESIAN_POINT ( 'NONE',  ( 975.2932074315651789, 22.93895319245790532, -69.30226855186060675 ) ) ;
#2711 = VECTOR ( 'NONE', #7366, 1000.000000000000000 ) ;
#2712 = AXIS2_PLACEMENT_3D ( 'NONE', #1319, #7351, #7989 ) ;
#2713 = DIRECTION ( 'NONE',  ( -1.000000000000000000, -0.000000000000000000, -0.000000000000000000 ) ) ;
#2714 = B_SPLINE_CURVE_WITH_KNOTS ( 'NONE', 3,
 ( #6117, #8873, #5458, #7551, #1420, #4161, #6883, #738, #4838, #1308, #4763, #5523, #6815, #2793, #2749, #6764 ),
 .UNSPECIFIED., .F., .F.,
 ( 4, 2, 2, 2, 2, 2, 2, 4 ),
 ( 0.000000000000000000, 0.0004881885400330923230, 0.0009763770800661846459, 0.001464565620099276969, 0.001952754160132369292, 0.002440942700165461832, 0.002929131240198553938, 0.003905508320265036956 ),
 .UNSPECIFIED. ) ;
#2715 = CARTESIAN_POINT ( 'NONE',  ( 975.9411352989150146, 10.08007511412056267, -127.1009170122453469 ) ) ;
#2716 = CARTESIAN_POINT ( 'NONE',  ( 968.1111217781452751, -20.89288363201764298, -69.94646526849034274 ) ) ;
#2717 = CARTESIAN_POINT ( 'NONE',  ( 968.2886015245322824, -72.98559120147594115, -1.457417918166846071 ) ) ;
#2718 = ORIENTED_EDGE ( 'NONE', *, *, #3116, .T. ) ;
#2719 = ORIENTED_EDGE ( 'NONE', *, *, #2183, .F. ) ;
#2720 = CARTESIAN_POINT ( 'NONE',  ( 967.7932074315651789, -9.329543134857969378, 72.40137861183850987 ) ) ;
#2721 = CIRCLE ( 'NONE', #6296, 147.6627378425959591 ) ;
#2722 = VECTOR ( 'NONE', #2525, 1000.000000000000000 ) ;
#2723 = LINE ( 'NONE', #1378, #2853 ) ;
#2724 = CARTESIAN_POINT ( 'NONE',  ( 976.1000973941278289, 82.89974345545607548, -96.87046253757196723 ) ) ;
#2725 = CARTESIAN_POINT ( 'NONE',  ( 967.9165188163375433, -2.206685248240107367, 72.96680722171028322 ) ) ;
#2726 = DIRECTION ( 'NONE',  ( -1.000000000000000000, -0.000000000000000000, -0.000000000000000000 ) ) ;
#2727 = CARTESIAN_POINT ( 'NONE',  ( 977.7932074315651789, 65.97481553911651986, 31.24617919969623969 ) ) ;
#2728 = CARTESIAN_POINT ( 'NONE',  ( 989.0432074315651789, 0.000000000000000000, 0.000000000000000000 ) ) ;
#2729 = CARTESIAN_POINT ( 'NONE',  ( 975.2932074315651789, -64.66463217473193481, -33.87455307021146211 ) ) ;
#2730 = AXIS2_PLACEMENT_3D ( 'NONE', #8095, #4112, #3562 ) ;
#2731 = CARTESIAN_POINT ( 'NONE',  ( 975.2932074315651789, 121.2597647024848300, 39.39948558417965074 ) ) ;
#2732 = AXIS2_PLACEMENT_3D ( 'NONE', #4578, #5340, #7982 ) ;
#2733 = DIRECTION ( 'NONE',  ( 1.000000000000000000, 0.000000000000000000, 0.000000000000000000 ) ) ;
#2734 = ORIENTED_EDGE ( 'NONE', *, *, #4723, .F. ) ;
#2735 = EDGE_CURVE ( 'NONE', #2097, #6044, #4441, .T. ) ;
#2736 = CARTESIAN_POINT ( 'NONE',  ( 977.7932074315649515, 37.17227637248743122, -121.9610557435959066 ) ) ;
#2737 = ORIENTED_EDGE ( 'NONE', *, *, #8106, .T. ) ;
#2738 = EDGE_LOOP ( 'NONE', ( #3874, #1016, #6391, #1828 ) ) ;
#2739 = CARTESIAN_POINT ( 'NONE',  ( 968.3375251523920042, -32.90820152241760610, 65.16187420913654194 ) ) ;
#2740 = CARTESIAN_POINT ( 'NONE',  ( 969.6300527781542087, -42.51119898654242490, -59.34474885116200227 ) ) ;
#2741 = EDGE_CURVE ( 'NONE', #5613, #3007, #8310, .T. ) ;
#2742 = EDGE_CURVE ( 'NONE', #5229, #7021, #411, .T. ) ;
#2743 = DIRECTION ( 'NONE',  ( -1.000000000000000000, -0.000000000000000000, -0.000000000000000000 ) ) ;
#2744 = CARTESIAN_POINT ( 'NONE',  ( 977.7932074315651789, 19.64974801233391943, 70.30567120120367974 ) ) ;
#2745 = CARTESIAN_POINT ( 'NONE',  ( 967.7932074315651789, -76.95086877762794586, -101.6602862201766015 ) ) ;
#2746 = CARTESIAN_POINT ( 'NONE',  ( 977.7932074315651789, -127.1728735659488621, 147.6625660138610669 ) ) ;
#2747 = ORIENTED_EDGE ( 'NONE', *, *, #405, .T. ) ;
#2748 = ORIENTED_EDGE ( 'NONE', *, *, #5005, .F. ) ;
#2749 = CARTESIAN_POINT ( 'NONE',  ( 975.6233520302655506, -74.94246553048657233, 103.1497787695727482 ) ) ;
#2750 = CARTESIAN_POINT ( 'NONE',  ( 970.1122724273470794, 71.96753237915970658, 12.23414415701300406 ) ) ;
#2751 = EDGE_CURVE ( 'NONE', #950, #8739, #8887, .T. ) ;
#2752 = CARTESIAN_POINT ( 'NONE',  ( 967.9202297398430801, -126.9624585663001142, -11.69645893558386263 ) ) ;
#2753 = CARTESIAN_POINT ( 'NONE',  ( 967.7932074315651789, -57.32680357809797300, -45.19586582432391708 ) ) ;
#2754 = DIRECTION ( 'NONE',  ( 0.000000000000000000, 0.000000000000000000, 1.000000000000000000 ) ) ;
#2755 = EDGE_CURVE ( 'NONE', #821, #6222, #3153, .T. ) ;
#2756 = CARTESIAN_POINT ( 'NONE',  ( 977.7932074315651789, 127.4754850237273303, -2.500143588965372921 ) ) ;
#2757 = CARTESIAN_POINT ( 'NONE',  ( 1036.782757869134684, -72.22574908703222718, 10.60382802656725865 ) ) ;
#2758 = CARTESIAN_POINT ( 'NONE',  ( 975.4734716392106293, 33.87455307021166817, -64.66463217473180691 ) ) ;
#2759 = ORIENTED_EDGE ( 'NONE', *, *, #8277, .F. ) ;
#2760 = CARTESIAN_POINT ( 'NONE',  ( 976.6287946620487901, -65.21738243772298915, 32.79796407076479881 ) ) ;
#2761 = CARTESIAN_POINT ( 'NONE',  ( 977.7770235444022546, 73.17395305238247261, -104.4119154599921302 ) ) ;
#2762 = CARTESIAN_POINT ( 'NONE',  ( 1007.993207431565224, -33.59192716851524807, -46.23532122852795823 ) ) ;
#2763 = EDGE_CURVE ( 'NONE', #8604, #1165, #6427, .T. ) ;
#2764 = CARTESIAN_POINT ( 'NONE',  ( 969.1851730895937180, -74.73765894793959319, 103.2982878046668418 ) ) ;
#2765 = CARTESIAN_POINT ( 'NONE',  ( 967.8093088641630857, -27.64208749800010878, -124.4676287443511029 ) ) ;
#2766 = DIRECTION ( 'NONE',  ( -1.000000000000000000, -0.000000000000000000, -0.000000000000000000 ) ) ;
#2767 = CARTESIAN_POINT ( 'NONE',  ( 968.0451641925290005, -109.4343368453070298, 65.42475797478468280 ) ) ;
#2768 = VERTEX_POINT ( 'NONE', #2348 ) ;
#2769 = ORIENTED_EDGE ( 'NONE', *, *, #2470, .F. ) ;
#2770 = CARTESIAN_POINT ( 'NONE',  ( 976.5738051988838606, 42.28413890415028931, 59.50681755281239305 ) ) ;
#2771 = DIRECTION ( 'NONE',  ( -1.000000000000000000, -0.000000000000000000, -0.000000000000000000 ) ) ;
#2772 = CARTESIAN_POINT ( 'NONE',  ( 977.4632779943993910, -109.3589456062938723, 65.55066599466964306 ) ) ;
#2773 = CARTESIAN_POINT ( 'NONE',  ( 968.6178405014127293, -1.076683280936755249, 72.99216311112962785 ) ) ;
#2774 = CARTESIAN_POINT ( 'NONE',  ( 967.7932074315651789, 0.000000000000000000, 127.4999999999997868 ) ) ;
#2775 = CARTESIAN_POINT ( 'NONE',  ( 977.4756012051087737, 60.06722124005591468, -41.48432463750820176 ) ) ;
#2776 = CARTESIAN_POINT ( 'NONE',  ( 967.7932074315651789, 0.000000000000000000, 0.000000000000000000 ) ) ;
#2777 = CARTESIAN_POINT ( 'NONE',  ( 968.1111217781452751, 58.01619865460711623, 44.30735022190246752 ) ) ;
#2778 = CARTESIAN_POINT ( 'NONE',  ( 968.3375251523922316, -72.14181860534696966, -11.16143298150377561 ) ) ;
#2779 = ORIENTED_EDGE ( 'NONE', *, *, #4902, .T. ) ;
#2780 = ORIENTED_EDGE ( 'NONE', *, *, #2254, .T. ) ;
#2781 = EDGE_LOOP ( 'NONE', ( #2062, #7055, #6436, #2930 ) ) ;
#2782 = CARTESIAN_POINT ( 'NONE',  ( 967.9165188163373159, -41.10356732472611441, -60.32844411301136489 ) ) ;
#2783 = AXIS2_PLACEMENT_3D ( 'NONE', #5134, #4497, #1637 ) ;
#2784 = DIRECTION ( 'NONE',  ( -1.000000000000000000, -0.000000000000000000, -0.000000000000000000 ) ) ;
#2785 = DIRECTION ( 'NONE',  ( 0.000000000000000000, 0.000000000000000000, 1.000000000000000000 ) ) ;
#2786 = CARTESIAN_POINT ( 'NONE',  ( 1038.865541267632807, -32.40382364169406060, -65.41400624788195728 ) ) ;
#2787 = CARTESIAN_POINT ( 'NONE',  ( 970.2932074315650652, -74.94277380392607313, -103.1495547958086689 ) ) ;
#2788 = CARTESIAN_POINT ( 'NONE',  ( 970.2932074315650652, 189.6788945569598468, -44.71118576450859905 ) ) ;
#2789 = ORIENTED_EDGE ( 'NONE', *, *, #5481, .T. ) ;
#2790 = CIRCLE ( 'NONE', #8802, 160.1627378425955612 ) ;
#2791 = VERTEX_POINT ( 'NONE', #6513 ) ;
#2792 = ADVANCED_FACE ( 'NONE', ( #7773 ), #1758, .T. ) ;
#2793 = CARTESIAN_POINT ( 'NONE',  ( 975.9514122167593086, -74.88881924725627925, 103.1888091381484287 ) ) ;
#2794 = CARTESIAN_POINT ( 'NONE',  ( 968.9537006561657790, 72.04060276272103636, 11.79681952592748040 ) ) ;
#2795 = FACE_OUTER_BOUND ( 'NONE', #5763, .T. ) ;
#2796 = CARTESIAN_POINT ( 'NONE',  ( 977.7932074315651789, 76.95086877762872746, 101.6602862201761610 ) ) ;
#2797 = AXIS2_PLACEMENT_3D ( 'NONE', #4242, #5546, #921 ) ;
#2798 = DIRECTION ( 'NONE',  ( 0.000000000000000000, 0.000000000000000000, -1.000000000000000000 ) ) ;
#2799 = AXIS2_PLACEMENT_3D ( 'NONE', #5435, #7440, #5390 ) ;
#2800 = CARTESIAN_POINT ( 'NONE',  ( 1038.865541267632807, 75.31834776957963129, -22.07128693312512979 ) ) ;
#2801 = CARTESIAN_POINT ( 'NONE',  ( 977.7932074315651789, 0.000000000000000000, 0.000000000000000000 ) ) ;
#2802 = CARTESIAN_POINT ( 'NONE',  ( 977.7776520252658656, -19.97363201455849335, -70.21453587148091913 ) ) ;
#2803 = EDGE_CURVE ( 'NONE', #7194, #1144, #3286, .T. ) ;
#2804 = CIRCLE ( 'NONE', #7796, 145.1627378425959876 ) ;
#2805 = AXIS2_PLACEMENT_3D ( 'NONE', #6040, #6663, #8844 ) ;
#2806 = ORIENTED_EDGE ( 'NONE', *, *, #7438, .T. ) ;
#2807 = EDGE_CURVE ( 'NONE', #5844, #5455, #8163, .T. ) ;
#2808 = CARTESIAN_POINT ( 'NONE',  ( 967.7932074315651789, -120.5719615263533626, 41.45794362086395068 ) ) ;
#2809 = AXIS2_PLACEMENT_3D ( 'NONE', #7560, #6798, #7513 ) ;
#2810 = CARTESIAN_POINT ( 'NONE',  ( 970.2932074315650652, -103.1497787695724213, -74.94246553048698445 ) ) ;
#2811 = CIRCLE ( 'NONE', #1772, 145.1627378425959591 ) ;
#2812 = CARTESIAN_POINT ( 'NONE',  ( 968.6413363216272501, -74.44293099031735039, 103.5109332502082964 ) ) ;
#2813 = CARTESIAN_POINT ( 'NONE',  ( 970.2932074315650652, 123.9763741318935786, -29.76757727979783041 ) ) ;
#2814 = CARTESIAN_POINT ( 'NONE',  ( 977.7932074315651789, 116.8128655150154032, 51.09798870964394979 ) ) ;
#2815 = EDGE_LOOP ( 'NONE', ( #7711, #8252, #369, #4914, #4530, #2459, #4750, #5228 ) ) ;
#2816 = B_SPLINE_CURVE_WITH_KNOTS ( 'NONE', 3,
 ( #1426, #973, #7917, #886, #2956, #3712, #7192, #1020, #1062, #8511, #7743, #1775, #2451, #3135, #6442, #5855 ),
 .UNSPECIFIED., .F., .F.,
 ( 4, 2, 2, 2, 2, 2, 2, 4 ),
 ( 0.000000000000000000, 0.0005326074553525470554, 0.001065214910705094111, 0.001597822366057641058, 0.002130429821410188222, 0.002663037276762735169, 0.003195644732115282115, 0.004260859642820370372 ),
 .UNSPECIFIED. ) ;
#2817 = EDGE_CURVE ( 'NONE', #1888, #8275, #4290, .T. ) ;
#2818 = FACE_OUTER_BOUND ( 'NONE', #8784, .T. ) ;
#2819 = DIRECTION ( 'NONE',  ( -1.000000000000000000, -0.000000000000000000, -0.000000000000000000 ) ) ;
#2820 = CARTESIAN_POINT ( 'NONE',  ( 976.5738051988838606, -42.28413890414986298, -59.50681755281269147 ) ) ;
#2821 = CARTESIAN_POINT ( 'NONE',  ( 977.6709658558772844, 60.33020650329734025, -41.10098524107009865 ) ) ;
#2822 = FACE_OUTER_BOUND ( 'NONE', #5938, .T. ) ;
#2823 = CARTESIAN_POINT ( 'NONE',  ( 967.7932074315651789, 27.32173838326868065, 124.5382375486186532 ) ) ;
#2824 = DIRECTION ( 'NONE',  ( 0.000000000000000000, 0.000000000000000000, 1.000000000000000000 ) ) ;
#2825 = CARTESIAN_POINT ( 'NONE',  ( 969.0366317484429146, 117.6679267648991214, 49.09702080194683305 ) ) ;
#2826 = ORIENTED_EDGE ( 'NONE', *, *, #4974, .F. ) ;
#2827 = VERTEX_POINT ( 'NONE', #5883 ) ;
#2828 = ORIENTED_EDGE ( 'NONE', *, *, #8229, .T. ) ;
#2829 = CARTESIAN_POINT ( 'NONE',  ( 976.8447230752969972, 69.12260210739060540, 23.47499980899976890 ) ) ;
#2830 = CARTESIAN_POINT ( 'NONE',  ( 969.1618290769855548, -42.35513236261640202, -59.45626570710329162 ) ) ;
#2831 = CARTESIAN_POINT ( 'NONE',  ( 975.9951027213824091, 32.50135758909677719, 65.36561503933398853 ) ) ;
#2832 = CARTESIAN_POINT ( 'NONE',  ( 968.0467338867609897, -76.06371305861033250, -102.3258723053495771 ) ) ;
#2833 = CARTESIAN_POINT ( 'NONE',  ( 968.1216482860448878, -117.3101031230550007, -49.94605374912678286 ) ) ;
#2834 = ORIENTED_EDGE ( 'NONE', *, *, #4537, .T. ) ;
#2835 = ORIENTED_EDGE ( 'NONE', *, *, #7064, .F. ) ;
#2836 = CARTESIAN_POINT ( 'NONE',  ( 976.5738051988838606, -69.18581673437032009, -23.28803342764909701 ) ) ;
#2837 = AXIS2_PLACEMENT_3D ( 'NONE', #6272, #114, #7026 ) ;
#2838 = DIRECTION ( 'NONE',  ( 0.000000000000000000, 0.000000000000000000, 1.000000000000000000 ) ) ;
#2839 = EDGE_CURVE ( 'NONE', #4648, #169, #1026, .T. ) ;
#2840 = CARTESIAN_POINT ( 'NONE',  ( 970.1235730824608936, 43.23181964193803850, -58.82184773064275163 ) ) ;
#2841 = CARTESIAN_POINT ( 'NONE',  ( 977.6709658558772844, -20.44630075600200669, -70.07833894943767916 ) ) ;
#2842 = ADVANCED_FACE ( 'NONE', ( #1092 ), #1640, .T. ) ;
#2843 = VERTEX_POINT ( 'NONE', #281 ) ;
#2844 = AXIS2_PLACEMENT_3D ( 'NONE', #1983, #5339, #1264 ) ;
#2845 = EDGE_CURVE ( 'NONE', #6370, #3385, #3658, .T. ) ;
#2846 = EDGE_CURVE ( 'NONE', #1209, #7868, #8315, .T. ) ;
#2847 = EDGE_CURVE ( 'NONE', #5859, #1043, #360, .T. ) ;
#2848 = CARTESIAN_POINT ( 'NONE',  ( 969.4877991597930986, -121.2201609051975026, 39.52121605558642159 ) ) ;
#2849 = CARTESIAN_POINT ( 'NONE',  ( 968.1244542515913736, -103.8770586910105749, -73.93122014140023168 ) ) ;
#2850 = CYLINDRICAL_SURFACE ( 'NONE', #1448, 70.49999999999987210 ) ;
#2851 = CARTESIAN_POINT ( 'NONE',  ( 967.9202297398427390, 95.83978056138232660, 84.08929479296020304 ) ) ;
#2852 = CARTESIAN_POINT ( 'NONE',  ( 977.1774328682960231, 117.4674629032398911, 49.57477744262627795 ) ) ;
#2853 = VECTOR ( 'NONE', #6789, 1000.000000000000000 ) ;
#2854 = VERTEX_POINT ( 'NONE', #4872 ) ;
#2855 = CARTESIAN_POINT ( 'NONE',  ( 967.7932074315651789, 16.09113731973758732, -194.2118649119462646 ) ) ;
#2856 = CIRCLE ( 'NONE', #8153, 157.6627378425955328 ) ;
#2857 = CIRCLE ( 'NONE', #542, 75.49999999999987210 ) ;
#2858 = ADVANCED_FACE ( 'NONE', ( #7588 ), #1498, .F. ) ;
#2859 = DIRECTION ( 'NONE',  ( 1.000000000000000000, -0.000000000000000000, -0.000000000000000000 ) ) ;
#2860 = CARTESIAN_POINT ( 'NONE',  ( 976.1647925795699621, 52.07717096333855977, -51.15637867417933649 ) ) ;
#2861 = CARTESIAN_POINT ( 'NONE',  ( 970.2932074315650652, -16.09113731973614492, 194.2118649119463214 ) ) ;
#2862 = FACE_OUTER_BOUND ( 'NONE', #5177, .T. ) ;
#2863 = CARTESIAN_POINT ( 'NONE',  ( 970.1281350223659956, 74.94277380392682630, 103.1495547958080863 ) ) ;
#2864 = EDGE_CURVE ( 'NONE', #2927, #3498, #407, .T. ) ;
#2865 = DIRECTION ( 'NONE',  ( -1.000000000000000000, -0.000000000000000000, -0.000000000000000000 ) ) ;
#2866 = CARTESIAN_POINT ( 'NONE',  ( 968.6413363216277048, 75.44061678831407391, 102.7860720883767414 ) ) ;
#2867 = CIRCLE ( 'NONE', #7856, 160.1627378425955612 ) ;
#2868 = VERTEX_POINT ( 'NONE', #3436 ) ;
#2869 = AXIS2_PLACEMENT_3D ( 'NONE', #2311, #2987, #323 ) ;
#2870 = EDGE_LOOP ( 'NONE', ( #5066, #2918, #8152, #2335 ) ) ;
#2871 = ORIENTED_EDGE ( 'NONE', *, *, #1974, .T. ) ;
#2872 = CARTESIAN_POINT ( 'NONE',  ( 975.2932074315651789, -75.31834776957833810, 179.7340247757211955 ) ) ;
#2873 = CARTESIAN_POINT ( 'NONE',  ( 970.2932074315650652, -75.31834776957833810, 179.7340247757211955 ) ) ;
#2874 = CIRCLE ( 'NONE', #3722, 160.1627378425955612 ) ;
#2875 = CARTESIAN_POINT ( 'NONE',  ( 968.6178405014127293, -59.68475896701658456, 42.03266193781136195 ) ) ;
#2876 = CARTESIAN_POINT ( 'NONE',  ( 977.7932074315651789, -27.64481318338894056, -124.4673599985517143 ) ) ;
#2877 = CARTESIAN_POINT ( 'NONE',  ( 969.4197070095234494, 72.20018930567316318, -10.77681337482785651 ) ) ;
#2878 = EDGE_CURVE ( 'NONE', #5888, #3208, #3005, .T. ) ;
#2879 = EDGE_LOOP ( 'NONE', ( #3730, #570, #1713, #8057, #3359, #966, #6273, #7806 ) ) ;
#2880 = B_SPLINE_CURVE_WITH_KNOTS ( 'NONE', 3,
 ( #1512, #4794, #7016, #5507, #6261, #1385, #7512, #877, #3617, #4202, #6926, #2777, #5629, #786, #186, #3541, #8250, #1430 ),
 .UNSPECIFIED., .F., .F.,
 ( 4, 2, 2, 2, 2, 2, 2, 2, 4 ),
 ( 0.000000000000000000, 0.0005014719534716518623, 0.001002943906943303725, 0.001504415860414955695, 0.002005887813886607449, 0.002507359767358259203, 0.003008831720829911391, 0.003510303674301563145, 0.004011775627773214899 ),
 .UNSPECIFIED. ) ;
#2881 = EDGE_LOOP ( 'NONE', ( #2826, #5067, #1803, #8156 ) ) ;
#2882 = CIRCLE ( 'NONE', #6875, 30.99999999999991473 ) ;
#2883 = CARTESIAN_POINT ( 'NONE',  ( 967.7932074315651789, 0.000000000000000000, 0.000000000000000000 ) ) ;
#2884 = CARTESIAN_POINT ( 'NONE',  ( 969.9658196246413127, 39.41524540252670050, 121.2546470685992830 ) ) ;
#2885 = PLANE ( 'NONE',  #60 ) ;
#2886 = CARTESIAN_POINT ( 'NONE',  ( 977.7932074315651789, -124.5382375486188522, 27.32173838326829696 ) ) ;
#2887 = DIRECTION ( 'NONE',  ( 0.000000000000000000, 1.691694087420617259E-15, -1.000000000000000000 ) ) ;
#2888 = CARTESIAN_POINT ( 'NONE',  ( 958.7932074315651789, 0.000000000000000000, 0.000000000000000000 ) ) ;
#2889 = VERTEX_POINT ( 'NONE', #8 ) ;
#2890 = CARTESIAN_POINT ( 'NONE',  ( 977.2455835626556109, 32.91261614497549459, -65.15964571091517143 ) ) ;
#2891 = CARTESIAN_POINT ( 'NONE',  ( 977.7932074315651789, -72.94382804113625696, -2.868222141723315577 ) ) ;
#2892 = ORIENTED_EDGE ( 'NONE', *, *, #3818, .F. ) ;
#2893 = DIRECTION ( 'NONE',  ( 0.000000000000000000, 0.000000000000000000, 1.000000000000000000 ) ) ;
#2894 = CARTESIAN_POINT ( 'NONE',  ( 975.6324830688729435, 22.95652825987255596, -69.29645813937567311 ) ) ;
#2895 = CARTESIAN_POINT ( 'NONE',  ( 977.0249106011896174, 72.09755706325363178, 11.44386281765793711 ) ) ;
#2896 = CARTESIAN_POINT ( 'NONE',  ( 968.1216482860446604, 96.13435859199367428, 83.75233535823599595 ) ) ;
#2897 = ORIENTED_EDGE ( 'NONE', *, *, #2549, .F. ) ;
#2898 = CARTESIAN_POINT ( 'NONE',  ( 977.5406705918380794, 117.2540315143920111, 50.07758792559489791 ) ) ;
#2899 = EDGE_LOOP ( 'NONE', ( #7658, #2251, #4110, #5013 ) ) ;
#2900 = EDGE_CURVE ( 'NONE', #5404, #1284, #3717, .T. ) ;
#2901 = CARTESIAN_POINT ( 'NONE',  ( 976.4798883673449836, 11.89948896105053677, -72.02366956123979946 ) ) ;
#2902 = CARTESIAN_POINT ( 'NONE',  ( 975.2932074315651789, -42.58353461763771719, -59.29285437106591417 ) ) ;
#2903 = CARTESIAN_POINT ( 'NONE',  ( 975.2932074315651789, 16.09113731973758732, -194.2118649119462646 ) ) ;
#2904 = CARTESIAN_POINT ( 'NONE',  ( 977.7272465782217523, 27.96563472116930171, 124.3955953799697056 ) ) ;
#2905 = DIRECTION ( 'NONE',  ( 0.000000000000000000, 4.505698239971201203E-15, -1.000000000000000000 ) ) ;
#2906 = CARTESIAN_POINT ( 'NONE',  ( 976.4798883673447563, -10.93945137467934359, -72.17572457704768851 ) ) ;
#2907 = CARTESIAN_POINT ( 'NONE',  ( 969.6337287287653908, 117.7704074179732743, 48.85076167032404015 ) ) ;
#2908 = ORIENTED_EDGE ( 'NONE', *, *, #8532, .F. ) ;
#2909 = ORIENTED_EDGE ( 'NONE', *, *, #8305, .F. ) ;
#2910 = EDGE_CURVE ( 'NONE', #6425, #5328, #2423, .T. ) ;
#2911 = ORIENTED_EDGE ( 'NONE', *, *, #8343, .T. ) ;
#2912 = DIRECTION ( 'NONE',  ( 0.000000000000000000, 0.000000000000000000, 1.000000000000000000 ) ) ;
#2913 = CARTESIAN_POINT ( 'NONE',  ( 976.9470595414692298, 49.36140110800481295, -117.5572859505722931 ) ) ;
#2914 = EDGE_CURVE ( 'NONE', #3174, #457, #1709, .T. ) ;
#2915 = LINE ( 'NONE', #5638, #5658 ) ;
#2916 = CARTESIAN_POINT ( 'NONE',  ( 977.7932074315651789, 124.5382375486190512, -27.32173838326740878 ) ) ;
#2917 = CARTESIAN_POINT ( 'NONE',  ( 1041.321464998407691, 101.1368664649727265, 166.5788324321699747 ) ) ;
#2918 = ORIENTED_EDGE ( 'NONE', *, *, #4163, .T. ) ;
#2919 = ORIENTED_EDGE ( 'NONE', *, *, #7319, .T. ) ;
#2920 = CARTESIAN_POINT ( 'NONE',  ( 1001.793207431565179, 8.909305463796995439E-16, 64.42500000000001137 ) ) ;
#2921 = EDGE_CURVE ( 'NONE', #262, #1900, #402, .T. ) ;
#2922 = DIRECTION ( 'NONE',  ( 0.000000000000000000, 0.000000000000000000, -1.000000000000000000 ) ) ;
#2923 = CARTESIAN_POINT ( 'NONE',  ( 967.7932074315651789, 35.00870364782828403, 64.05771357844812997 ) ) ;
#2924 = CIRCLE ( 'NONE', #2336, 147.6627378425959591 ) ;
#2925 = CARTESIAN_POINT ( 'NONE',  ( 967.7932074315651789, -166.5788324321703158, 101.1368664649722291 ) ) ;
#2926 = CARTESIAN_POINT ( 'NONE',  ( 977.7932074315651789, -75.31834776957833810, 179.7340247757211955 ) ) ;
#2927 = VERTEX_POINT ( 'NONE', #5449 ) ;
#2928 = ORIENTED_EDGE ( 'NONE', *, *, #6776, .F. ) ;
#2929 = DIRECTION ( 'NONE',  ( -1.000000000000000000, -0.000000000000000000, -0.000000000000000000 ) ) ;
#2930 = ORIENTED_EDGE ( 'NONE', *, *, #8560, .F. ) ;
#2931 = AXIS2_PLACEMENT_3D ( 'NONE', #3825, #5714, #6467 ) ;
#2932 = AXIS2_PLACEMENT_3D ( 'NONE', #3261, #5986, #8738 ) ;
#2933 = CARTESIAN_POINT ( 'NONE',  ( 989.0432074315651789, 0.000000000000000000, 0.000000000000000000 ) ) ;
#2934 = CARTESIAN_POINT ( 'NONE',  ( 977.4635654086102932, -38.21021667024001545, 121.6398281533786587 ) ) ;
#2935 = CYLINDRICAL_SURFACE ( 'NONE', #3729, 147.6627378425959307 ) ;
#2936 = CARTESIAN_POINT ( 'NONE',  ( 967.7932074315651789, 95.30549004550555026, 84.69423573765800484 ) ) ;
#2937 = AXIS2_PLACEMENT_3D ( 'NONE', #4472, #2455, #4604 ) ;
#2938 = AXIS2_PLACEMENT_3D ( 'NONE', #622, #8854, #4347 ) ;
#2939 = VERTEX_POINT ( 'NONE', #7544 ) ;
#2940 = AXIS2_PLACEMENT_3D ( 'NONE', #6540, #2431, #5877 ) ;
#2941 = DIRECTION ( 'NONE',  ( -1.000000000000000000, -0.000000000000000000, -0.000000000000000000 ) ) ;
#2942 = DIRECTION ( 'NONE',  ( 1.000000000000000000, 0.000000000000000000, 0.000000000000000000 ) ) ;
#2943 = CARTESIAN_POINT ( 'NONE',  ( 976.9470595414692298, 29.16422661874236866, 124.1197457503865706 ) ) ;
#2944 = EDGE_CURVE ( 'NONE', #1587, #432, #1765, .T. ) ;
#2945 = DIRECTION ( 'NONE',  ( -1.000000000000000000, -0.000000000000000000, -0.000000000000000000 ) ) ;
#2946 = ORIENTED_EDGE ( 'NONE', *, *, #7553, .T. ) ;
#2947 = CARTESIAN_POINT ( 'NONE',  ( 977.1768636741707041, -127.4972294568825504, 0.8483964734632556404 ) ) ;
#2948 = ORIENTED_EDGE ( 'NONE', *, *, #7557, .T. ) ;
#2949 = VECTOR ( 'NONE', #6369, 1000.000000000000000 ) ;
#2950 = AXIS2_PLACEMENT_3D ( 'NONE', #5332, #3268, #1203 ) ;
#2951 = ORIENTED_EDGE ( 'NONE', *, *, #4846, .F. ) ;
#2952 = VERTEX_POINT ( 'NONE', #8865 ) ;
#2953 = CARTESIAN_POINT ( 'NONE',  ( 975.4630272440170984, 69.30226855186081991, 22.93895319245711306 ) ) ;
#2954 = CARTESIAN_POINT ( 'NONE',  ( 977.4632779943995047, 49.94353073280137068, -117.3111782159177352 ) ) ;
#2955 = CARTESIAN_POINT ( 'NONE',  ( 977.7932074315651789, 35.00870364782826982, 64.05771357844828628 ) ) ;
#2956 = CARTESIAN_POINT ( 'NONE',  ( 976.1647925795701894, -71.99657279145552025, -12.06235138293831710 ) ) ;
#2957 = AXIS2_PLACEMENT_3D ( 'NONE', #3772, #397, #5211 ) ;
#2958 = CARTESIAN_POINT ( 'NONE',  ( 975.2932074315651789, -52.19908471100762881, 51.03190722805682356 ) ) ;
#2959 = EDGE_CURVE ( 'NONE', #930, #1209, #1571, .T. ) ;
#2960 = CARTESIAN_POINT ( 'NONE',  ( 977.7932074315651789, 95.30549004550563552, 84.69423573765806168 ) ) ;
#2961 = VERTEX_POINT ( 'NONE', #6297 ) ;
#2962 = ORIENTED_EDGE ( 'NONE', *, *, #6745, .F. ) ;
#2963 = CARTESIAN_POINT ( 'NONE',  ( 969.6300527781542087, 23.02345452594292752, -69.27425060708154092 ) ) ;
#2964 = CARTESIAN_POINT ( 'NONE',  ( 976.4030299189487323, -66.40421401815753200, -108.8427045688147530 ) ) ;
#2965 = CARTESIAN_POINT ( 'NONE',  ( 975.2932074315651789, 65.41400624788208518, -32.40382364169381901 ) ) ;
#2966 = DIRECTION ( 'NONE',  ( -1.000000000000000000, -0.000000000000000000, -0.000000000000000000 ) ) ;
#2967 = FACE_OUTER_BOUND ( 'NONE', #227, .T. ) ;
#2968 = DIRECTION ( 'NONE',  ( 0.000000000000000000, 0.000000000000000000, -1.000000000000000000 ) ) ;
#2969 = ORIENTED_EDGE ( 'NONE', *, *, #812, .T. ) ;
#2970 = EDGE_CURVE ( 'NONE', #8690, #3563, #2148, .T. ) ;
#2971 = VECTOR ( 'NONE', #3593, 1000.000000000000000 ) ;
#2972 = B_SPLINE_CURVE_WITH_KNOTS ( 'NONE', 3,
 ( #8702, #7388, #6722, #8748, #5298, #5336, #8068, #1929, #4666, #3990, #3471, #6905, #6324, #4860, #5562, #6193 ),
 .UNSPECIFIED., .F., .F.,
 ( 4, 2, 2, 2, 2, 2, 2, 4 ),
 ( 0.000000000000000000, 0.0005326074553525467301, 0.001065214910705093460, 0.001597822366057640407, 0.002130429821410186920, 0.002663037276762734301, 0.003195644732115280814, 0.004260859642820391188 ),
 .UNSPECIFIED. ) ;
#2973 = EDGE_LOOP ( 'NONE', ( #4638, #8579, #221, #6313 ) ) ;
#2974 = CARTESIAN_POINT ( 'NONE',  ( 969.6464772890308268, -121.2843485790305493, -39.32375612313971658 ) ) ;
#2975 = ORIENTED_EDGE ( 'NONE', *, *, #3766, .F. ) ;
#2976 = CARTESIAN_POINT ( 'NONE',  ( 969.6464772890307131, 0.07981035650248301250, 127.4999789654059867 ) ) ;
#2977 = CARTESIAN_POINT ( 'NONE',  ( 968.3908861589637809, -43.97134514123104765, 58.27122728242420635 ) ) ;
#2978 = CARTESIAN_POINT ( 'NONE',  ( 975.9951027213825228, 71.98571208494699647, 12.12679389731103363 ) ) ;
#2979 = CARTESIAN_POINT ( 'NONE',  ( 975.2932074315651789, 58.82184773064320638, 43.23181964193739901 ) ) ;
#2980 = EDGE_LOOP ( 'NONE', ( #6556, #5125, #2630, #7548 ) ) ;
#2981 = AXIS2_PLACEMENT_3D ( 'NONE', #2077, #3997, #6725 ) ;
#2982 = ORIENTED_EDGE ( 'NONE', *, *, #5531, .F. ) ;
#2983 = DIRECTION ( 'NONE',  ( -1.000000000000000000, -0.000000000000000000, -0.000000000000000000 ) ) ;
#2984 = CARTESIAN_POINT ( 'NONE',  ( 989.0432074315651789, 9.383856098466580727E-15, -75.49999999999988631 ) ) ;
#2985 = CARTESIAN_POINT ( 'NONE',  ( 967.7932074315651789, 0.000000000000000000, 0.000000000000000000 ) ) ;
#2986 = CARTESIAN_POINT ( 'NONE',  ( 969.6464772890309405, 74.87803936872940369, -103.1965611159934753 ) ) ;
#2987 = DIRECTION ( 'NONE',  ( -1.000000000000000000, -0.000000000000000000, -0.000000000000000000 ) ) ;
#2988 = CIRCLE ( 'NONE', #5000, 7.275000000000003908 ) ;
#2989 = CARTESIAN_POINT ( 'NONE',  ( 975.9411352989149009, 29.68962223539569933, 123.9950698664245010 ) ) ;
#2990 = DIRECTION ( 'NONE',  ( 0.000000000000000000, 0.000000000000000000, 1.000000000000000000 ) ) ;
#2991 = VERTEX_POINT ( 'NONE', #7492 ) ;
#2992 = CARTESIAN_POINT ( 'NONE',  ( 969.5872790110973938, 52.12195592591011462, -51.11069958373314392 ) ) ;
#2993 = ORIENTED_EDGE ( 'NONE', *, *, #2610, .T. ) ;
#2994 = ORIENTED_EDGE ( 'NONE', *, *, #7258, .F. ) ;
#2995 = ORIENTED_EDGE ( 'NONE', *, *, #8660, .T. ) ;
#2996 = CARTESIAN_POINT ( 'NONE',  ( 976.4798883673448699, 51.27402855116644531, 51.96133957794957325 ) ) ;
#2997 = CIRCLE ( 'NONE', #2712, 160.1627378425955612 ) ;
#2998 = CARTESIAN_POINT ( 'NONE',  ( 977.7932074315648379, 70.26003236747077096, -19.81304114140704087 ) ) ;
#2999 = CARTESIAN_POINT ( 'NONE',  ( 968.1111217781452751, -60.06678548161858089, 41.48495958684748075 ) ) ;
#3000 = CARTESIAN_POINT ( 'NONE',  ( 969.6464772890309405, 103.1027384149300445, -75.00717523820287624 ) ) ;
#3001 = DIRECTION ( 'NONE',  ( 1.000000000000000000, 0.000000000000000000, 0.000000000000000000 ) ) ;
#3002 = CARTESIAN_POINT ( 'NONE',  ( 970.2932074315650652, -117.7959364952304639, -48.78900844669439607 ) ) ;
#3003 = TOROIDAL_SURFACE ( 'NONE', #6710, 145.1627378425959591, 2.500000000000000000 ) ;
#3004 = ADVANCED_FACE ( 'NONE', ( #4105 ), #6160, .T. ) ;
#3005 = CIRCLE ( 'NONE', #5432, 127.4999999999998863 ) ;
#3006 = EDGE_LOOP ( 'NONE', ( #548, #5198, #2408, #446 ) ) ;
#3007 = VERTEX_POINT ( 'NONE', #8452 ) ;
#3008 = CARTESIAN_POINT ( 'NONE',  ( 968.1111217781452751, 24.21080281500595532, -68.86840797542845394 ) ) ;
#3009 = EDGE_CURVE ( 'NONE', #3702, #7692, #8199, .T. ) ;
#3010 = CARTESIAN_POINT ( 'NONE',  ( 967.7932074315652926, -50.36584764746663012, 52.84326640390097651 ) ) ;
#3011 = EDGE_CURVE ( 'NONE', #5258, #4073, #910, .T. ) ;
#3012 = AXIS2_PLACEMENT_3D ( 'NONE', #3129, #7960, #374 ) ;
#3013 = AXIS2_PLACEMENT_3D ( 'NONE', #6018, #3908, #4503 ) ;
#3014 = DIRECTION ( 'NONE',  ( -1.000000000000000000, -0.000000000000000000, -0.000000000000000000 ) ) ;
#3015 = CARTESIAN_POINT ( 'NONE',  ( 977.2823495132338394, -121.5581358362355218, -38.46931326641385596 ) ) ;
#3016 = DIRECTION ( 'NONE',  ( 0.000000000000000000, 0.000000000000000000, -1.000000000000000000 ) ) ;
#3017 = CARTESIAN_POINT ( 'NONE',  ( 967.7932074315651789, 120.4638038423331068, -41.76986909048002872 ) ) ;
#3018 = VERTEX_POINT ( 'NONE', #7849 ) ;
#3019 = CIRCLE ( 'NONE', #6008, 145.1627378425959591 ) ;
#3020 = ORIENTED_EDGE ( 'NONE', *, *, #7675, .T. ) ;
#3021 = CARTESIAN_POINT ( 'NONE',  ( 968.4107331596590029, -121.5188320429426057, -38.59322136952750526 ) ) ;
#3022 = EDGE_LOOP ( 'NONE', ( #1397, #6992 ) ) ;
#3023 = EDGE_CURVE ( 'NONE', #4934, #2158, #5004, .T. ) ;
#3024 = EDGE_CURVE ( 'NONE', #8539, #5426, #5708, .T. ) ;
#3025 = CARTESIAN_POINT ( 'NONE',  ( 976.5738051988838606, -43.52782908369592008, 58.60322374570988302 ) ) ;
#3026 = CARTESIAN_POINT ( 'NONE',  ( 977.5074755329792424, 71.98459974237213999, -12.13434266118097682 ) ) ;
#3027 = CARTESIAN_POINT ( 'NONE',  ( 977.7932074315651789, 84.69423573765912749, -95.30549004550471182 ) ) ;
#3028 = CARTESIAN_POINT ( 'NONE',  ( 977.7932074315651789, 75.31834776957963129, -179.7340247757206839 ) ) ;
#3029 = CARTESIAN_POINT ( 'NONE',  ( 967.7932074315651789, 76.95086877762864219, 101.6602862201760473 ) ) ;
#3030 = ORIENTED_EDGE ( 'NONE', *, *, #8292, .T. ) ;
#3031 = ORIENTED_EDGE ( 'NONE', *, *, #5900, .F. ) ;
#3032 = CARTESIAN_POINT ( 'NONE',  ( 1043.814912118905340, -74.94246553048658654, 103.1497787695727197 ) ) ;
#3033 = EDGE_CURVE ( 'NONE', #3605, #6448, #7135, .T. ) ;
#3034 = CARTESIAN_POINT ( 'NONE',  ( 969.6337287287652771, 48.85076167032521255, -117.7704074179728337 ) ) ;
#3035 = CARTESIAN_POINT ( 'NONE',  ( 968.2424519787780355, 11.82500033112052762, 72.03606139125614050 ) ) ;
#3036 = CARTESIAN_POINT ( 'NONE',  ( 967.7932074315651789, 64.23023496094043594, -34.69302999658367526 ) ) ;
#3037 = CARTESIAN_POINT ( 'NONE',  ( 975.2932074315651789, -121.2597647024845742, -39.39948558418044655 ) ) ;
#3038 = CARTESIAN_POINT ( 'NONE',  ( 967.8724445145013533, 124.3978517255553982, -27.95442885403779343 ) ) ;
#3039 = CARTESIAN_POINT ( 'NONE',  ( 976.5476831198559466, -127.4996018484888225, 0.3314861558801965313 ) ) ;
#3040 = EDGE_LOOP ( 'NONE', ( #7422, #2539, #1854, #6595 ) ) ;
#3041 = EDGE_LOOP ( 'NONE', ( #1794, #5190, #4495, #2528 ) ) ;
#3042 = ORIENTED_EDGE ( 'NONE', *, *, #2914, .F. ) ;
#3043 = CARTESIAN_POINT ( 'NONE',  ( 968.6815957473298795, 64.97511442087441935, 33.27533475921386952 ) ) ;
#3044 = DIRECTION ( 'NONE',  ( 1.000000000000000000, 0.000000000000000000, 0.000000000000000000 ) ) ;
#3045 = CARTESIAN_POINT ( 'NONE',  ( 967.7932074315652926, 109.9163940515591804, -64.61163728030730624 ) ) ;
#3046 = FACE_OUTER_BOUND ( 'NONE', #5621, .T. ) ;
#3047 = DIRECTION ( 'NONE',  ( 1.000000000000000000, 0.000000000000000000, 0.000000000000000000 ) ) ;
#3048 = VERTEX_POINT ( 'NONE', #7762 ) ;
#3049 = B_SPLINE_CURVE_WITH_KNOTS ( 'NONE', 3,
 ( #5149, #5233, #4514, #7282, #2400, #1017, #6476, #1148, #1731, #3881, #5940, #2534, #5273, #7873, #5106, #8773 ),
 .UNSPECIFIED., .F., .F.,
 ( 4, 2, 2, 2, 2, 2, 2, 4 ),
 ( 0.000000000000000000, 0.0004881885400330851130, 0.0009763770800661702260, 0.001464565620099255285, 0.001952754160132340452, 0.002440942700165425402, 0.002929131240198510570, 0.003905508320265010502 ),
 .UNSPECIFIED. ) ;
#3050 = VERTEX_POINT ( 'NONE', #1629 ) ;
#3051 = LINE ( 'NONE', #3596, #5987 ) ;
#3052 = DIRECTION ( 'NONE',  ( -1.000000000000000000, -0.000000000000000000, -0.000000000000000000 ) ) ;
#3053 = CARTESIAN_POINT ( 'NONE',  ( 975.2932074315651789, -117.7959364952304639, -48.78900844669439607 ) ) ;
#3054 = CARTESIAN_POINT ( 'NONE',  ( 967.7932074315651789, 34.69302999658434317, 64.23023496094009488 ) ) ;
#3055 = CARTESIAN_POINT ( 'NONE',  ( 967.9165188163373159, -24.64666584154031170, 68.71365423851709409 ) ) ;
#3056 = DIRECTION ( 'NONE',  ( 0.000000000000000000, 0.000000000000000000, 1.000000000000000000 ) ) ;
#3057 = ADVANCED_FACE ( 'NONE', ( #4359 ), #6144, .F. ) ;
#3058 = ORIENTED_EDGE ( 'NONE', *, *, #8532, .T. ) ;
#3059 = VERTEX_POINT ( 'NONE', #1975 ) ;
#3060 = CARTESIAN_POINT ( 'NONE',  ( 967.7932074315651789, -122.0089775570691302, -37.01431338656090020 ) ) ;
#3061 = ORIENTED_EDGE ( 'NONE', *, *, #427, .F. ) ;
#3062 = AXIS2_PLACEMENT_3D ( 'NONE', #7901, #7225, #1089 ) ;
#3063 = CARTESIAN_POINT ( 'NONE',  ( 977.7932074315651789, 35.00870364782826982, 64.05771357844828628 ) ) ;
#3064 = CARTESIAN_POINT ( 'NONE',  ( 968.2886015245320550, -44.07893000177780607, 58.18993486777181090 ) ) ;
#3065 = CARTESIAN_POINT ( 'NONE',  ( 967.7932074315651789, 0.000000000000000000, 127.4999999999997868 ) ) ;
#3066 = CARTESIAN_POINT ( 'NONE',  ( 970.2932074315650652, -123.9763741318933370, 29.76757727979870793 ) ) ;
#3067 = EDGE_CURVE ( 'NONE', #3915, #8214, #5156, .T. ) ;
#3068 = ORIENTED_EDGE ( 'NONE', *, *, #8637, .F. ) ;
#3069 = EDGE_CURVE ( 'NONE', #7691, #1317, #7741, .T. ) ;
#3070 = AXIS2_PLACEMENT_3D ( 'NONE', #2774, #5503, #8247 ) ;
#3071 = ORIENTED_EDGE ( 'NONE', *, *, #4219, .F. ) ;
#3072 = CARTESIAN_POINT ( 'NONE',  ( 968.0451641925290005, 50.07853040362368802, -117.2536303465467000 ) ) ;
#3073 = CARTESIAN_POINT ( 'NONE',  ( 976.1207935749461058, -59.37650972836350860, 42.46686775105229827 ) ) ;
#3074 = AXIS2_PLACEMENT_3D ( 'NONE', #7053, #6260, #2265 ) ;
#3075 = CARTESIAN_POINT ( 'NONE',  ( 967.8093088641629720, 12.17342509258252647, -126.9176241820024131 ) ) ;
#3076 = DIRECTION ( 'NONE',  ( -1.000000000000000000, -0.000000000000000000, -0.000000000000000000 ) ) ;
#3077 = AXIS2_PLACEMENT_3D ( 'NONE', #5443, #3956, #8079 ) ;
#3078 = DIRECTION ( 'NONE',  ( 0.000000000000000000, 0.000000000000000000, -1.000000000000000000 ) ) ;
#3079 = CARTESIAN_POINT ( 'NONE',  ( 969.9623921352653042, 123.9763741318934223, -29.76757727979784818 ) ) ;
#3080 = DIRECTION ( 'NONE',  ( 0.000000000000000000, 0.000000000000000000, 1.000000000000000000 ) ) ;
#3081 = ORIENTED_EDGE ( 'NONE', *, *, #2185, .F. ) ;
#3082 = EDGE_CURVE ( 'NONE', #3703, #1284, #7432, .T. ) ;
#3083 = ORIENTED_EDGE ( 'NONE', *, *, #2128, .F. ) ;
#3084 = AXIS2_PLACEMENT_3D ( 'NONE', #92, #735, #7006 ) ;
#3085 = ORIENTED_EDGE ( 'NONE', *, *, #3273, .F. ) ;
#3086 = CIRCLE ( 'NONE', #938, 145.1627378425959591 ) ;
#3087 = DIRECTION ( 'NONE',  ( 0.000000000000000000, 0.000000000000000000, -1.000000000000000000 ) ) ;
#3088 = CARTESIAN_POINT ( 'NONE',  ( 976.4259520426954850, 69.63495418635359613, -21.90839837989645034 ) ) ;
#3089 = DIRECTION ( 'NONE',  ( -1.000000000000000000, -0.000000000000000000, -0.000000000000000000 ) ) ;
#3090 = CARTESIAN_POINT ( 'NONE',  ( 977.7932074315651789, 110.0000208722319428, -64.46894917794541868 ) ) ;
#3091 = CARTESIAN_POINT ( 'NONE',  ( 977.2998916257682822, 1.460509652289027960, -72.98552712481816229 ) ) ;
#3092 = AXIS2_PLACEMENT_3D ( 'NONE', #2, #4946, #7670 ) ;
#3093 = ORIENTED_EDGE ( 'NONE', *, *, #142, .T. ) ;
#3094 = VERTEX_POINT ( 'NONE', #4085 ) ;
#3095 = CARTESIAN_POINT ( 'NONE',  ( 975.2932074315651789, 39.39984798134366173, 121.2596469525083762 ) ) ;
#3096 = CARTESIAN_POINT ( 'NONE',  ( 977.7932074315651789, 75.31834776957963129, -179.7340247757206839 ) ) ;
#3097 = CIRCLE ( 'NONE', #7808, 127.4999999999997868 ) ;
#3098 = CARTESIAN_POINT ( 'NONE',  ( 967.7932074315651789, 65.97481553911644880, 31.24617919969610469 ) ) ;
#3099 = FACE_BOUND ( 'NONE', #1623, .T. ) ;
#3100 = CARTESIAN_POINT ( 'NONE',  ( 977.7272465782219797, -11.84345386390239696, 126.9490979718589045 ) ) ;
#3101 = LINE ( 'NONE', #4351, #5524 ) ;
#3102 = VERTEX_POINT ( 'NONE', #8118 ) ;
#3103 = VERTEX_POINT ( 'NONE', #8212 ) ;
#3104 = EDGE_CURVE ( 'NONE', #5956, #72, #4728, .T. ) ;
#3105 = CARTESIAN_POINT ( 'NONE',  ( 968.0090611264092786, -33.93448271921067061, -64.63342546917735376 ) ) ;
#3106 = ORIENTED_EDGE ( 'NONE', *, *, #3723, .F. ) ;
#3107 = EDGE_CURVE ( 'NONE', #3396, #6953, #5711, .T. ) ;
#3108 = CARTESIAN_POINT ( 'NONE',  ( 969.9623921352654179, -10.00015816146920322, 127.1072257456104211 ) ) ;
#3109 = CARTESIAN_POINT ( 'NONE',  ( 1036.782757869134684, -147.6625660138615217, -127.1728735659483362 ) ) ;
#3110 = CARTESIAN_POINT ( 'NONE',  ( 976.1000973941281700, -117.7467141899428498, -48.90772203543602359 ) ) ;
#3111 = CARTESIAN_POINT ( 'NONE',  ( 1043.814912118905340, 44.71118576450793114, 189.6788945569600173 ) ) ;
#3112 = ORIENTED_EDGE ( 'NONE', *, *, #3306, .F. ) ;
#3113 = EDGE_CURVE ( 'NONE', #1408, #4573, #264, .T. ) ;
#3114 = ORIENTED_EDGE ( 'NONE', *, *, #8899, .T. ) ;
#3115 = ADVANCED_FACE ( 'NONE', ( #8792, #6761, #4037, #8064, #2640, #3269, #615, #5519, #3368, #5476, #718 ), #8847, .T. ) ;
#3116 = EDGE_CURVE ( 'NONE', #2991, #1697, #2024, .T. ) ;
#3117 = B_SPLINE_CURVE_WITH_KNOTS ( 'NONE', 3,
 ( #8649, #6665, #3187, #1162, #6532, #1029, #5165, #7163, #8696, #2507, #2464, #6487, #2544, #5292, #7201, #386 ),
 .UNSPECIFIED., .F., .F.,
 ( 4, 2, 2, 2, 2, 2, 2, 4 ),
 ( 0.000000000000000000, 0.0004891407059790149354, 0.0009782814119580298708, 0.001467422117937044806, 0.001956562823916059742, 0.002445703529895074894, 0.002934844235874089612, 0.003913125647832112544 ),
 .UNSPECIFIED. ) ;
#3118 = EDGE_CURVE ( 'NONE', #6235, #8356, #2686, .T. ) ;
#3119 = CARTESIAN_POINT ( 'NONE',  ( 969.9623921352654179, 48.78900844669476555, -117.7959364952302082 ) ) ;
#3120 = CARTESIAN_POINT ( 'NONE',  ( 977.7770235444022546, -120.5707556359635930, 41.46044356624244642 ) ) ;
#3121 = CARTESIAN_POINT ( 'NONE',  ( 977.2807874479375414, -83.54332501466844008, 96.31605080129972407 ) ) ;
#3122 = DIRECTION ( 'NONE',  ( 0.000000000000000000, -8.664804307636925466E-16, -1.000000000000000000 ) ) ;
#3123 = CARTESIAN_POINT ( 'NONE',  ( 967.7932074315654063, -101.8595405614415057, 76.68763258958536255 ) ) ;
#3124 = DIRECTION ( 'NONE',  ( 1.000000000000000000, 0.000000000000000000, 0.000000000000000000 ) ) ;
#3125 = ORIENTED_EDGE ( 'NONE', *, *, #4585, .T. ) ;
#3126 = CARTESIAN_POINT ( 'NONE',  ( 970.2932074315650652, 59.29285437106607048, -42.58353461763752534 ) ) ;
#3127 = VERTEX_POINT ( 'NONE', #4661 ) ;
#3128 = VERTEX_POINT ( 'NONE', #7383 ) ;
#3129 = CARTESIAN_POINT ( 'NONE',  ( 967.7932074315651789, 0.000000000000000000, 0.000000000000000000 ) ) ;
#3130 = ORIENTED_EDGE ( 'NONE', *, *, #6388, .T. ) ;
#3131 = DIRECTION ( 'NONE',  ( 0.000000000000000000, 0.000000000000000000, -1.000000000000000000 ) ) ;
#3132 = CARTESIAN_POINT ( 'NONE',  ( 967.8701356896224297, 68.65814016426702437, 24.80095037040769057 ) ) ;
#3133 = EDGE_CURVE ( 'NONE', #1482, #7194, #2086, .T. ) ;
#3134 = CARTESIAN_POINT ( 'NONE',  ( 969.0366317484428009, 108.8837962221945759, -66.33684768678774901 ) ) ;
#3135 = CARTESIAN_POINT ( 'NONE',  ( 977.7406944467917356, -72.30801562593732967, -10.03333425393252298 ) ) ;
#3136 = EDGE_CURVE ( 'NONE', #2316, #3966, #7698, .T. ) ;
#3137 = CARTESIAN_POINT ( 'NONE',  ( 969.0416369157516101, 121.3612702016711324, 39.08580696472538563 ) ) ;
#3138 = EDGE_LOOP ( 'NONE', ( #1728, #2734, #6633, #4663 ) ) ;
#3139 = AXIS2_PLACEMENT_3D ( 'NONE', #3377, #2699, #7482 ) ;
#3140 = ORIENTED_EDGE ( 'NONE', *, *, #1788, .F. ) ;
#3141 = DIRECTION ( 'NONE',  ( -1.000000000000000000, -0.000000000000000000, -0.000000000000000000 ) ) ;
#3142 = AXIS2_PLACEMENT_3D ( 'NONE', #1094, #2440, #4413 ) ;
#3143 = CARTESIAN_POINT ( 'NONE',  ( 975.4630272440170984, 58.82184773064318506, 43.23181964193734217 ) ) ;
#3144 = CIRCLE ( 'NONE', #3993, 145.1627378425959591 ) ;
#3145 = ADVANCED_FACE ( 'NONE', ( #3550 ), #4213, .F. ) ;
#3146 = TOROIDAL_SURFACE ( 'NONE', #4281, 145.1627378425959591, 2.500000000000000000 ) ;
#3147 = FACE_BOUND ( 'NONE', #3545, .T. ) ;
#3148 = CARTESIAN_POINT ( 'NONE',  ( 1041.321464998407691, 71.96753237915953605, 12.23414415701288682 ) ) ;
#3149 = CARTESIAN_POINT ( 'NONE',  ( 976.4030299189491870, -96.78840587692228326, -82.99553280163772229 ) ) ;
#3150 = ORIENTED_EDGE ( 'NONE', *, *, #1889, .F. ) ;
#3151 = ORIENTED_EDGE ( 'NONE', *, *, #5157, .T. ) ;
#3152 = AXIS2_PLACEMENT_3D ( 'NONE', #5002, #319, #823 ) ;
#3153 = CIRCLE ( 'NONE', #6298, 127.4999999999998863 ) ;
#3154 = CARTESIAN_POINT ( 'NONE',  ( 967.8459545321660471, -34.38473816048582421, -64.39569087163647509 ) ) ;
#3155 = ORIENTED_EDGE ( 'NONE', *, *, #1904, .F. ) ;
#3156 = CARTESIAN_POINT ( 'NONE',  ( 968.6380338253291029, -10.61944071593834416, 127.0570380027989046 ) ) ;
#3157 = CIRCLE ( 'NONE', #2730, 157.6627378425955328 ) ;
#3158 = CARTESIAN_POINT ( 'NONE',  ( 977.5406705918384205, -117.2540315143917127, -50.07758792559567951 ) ) ;
#3159 = CARTESIAN_POINT ( 'NONE',  ( 977.7932074315651789, 37.01431338656139047, -122.0089775570691302 ) ) ;
#3160 = DIRECTION ( 'NONE',  ( 1.000000000000000000, 0.000000000000000000, 0.000000000000000000 ) ) ;
#3161 = ORIENTED_EDGE ( 'NONE', *, *, #3468, .F. ) ;
#3162 = CARTESIAN_POINT ( 'NONE',  ( 977.2998916257679412, -59.90499782183764665, 41.71823934561020053 ) ) ;
#3163 = CARTESIAN_POINT ( 'NONE',  ( 968.0451641925288868, 11.39414823761026518, -126.9899461483886540 ) ) ;
#3164 = DIRECTION ( 'NONE',  ( 0.000000000000000000, 0.000000000000000000, -1.000000000000000000 ) ) ;
#3165 = CARTESIAN_POINT ( 'NONE',  ( 968.4107331596590029, -127.4972383378752170, 0.8470495695528135194 ) ) ;
#3166 = CARTESIAN_POINT ( 'NONE',  ( 968.3908861589637809, -69.82453351437395384, 21.29670495708829847 ) ) ;
#3167 = CARTESIAN_POINT ( 'NONE',  ( 975.4734716392106293, 65.41400624788207097, -32.40382364169381901 ) ) ;
#3168 = EDGE_LOOP ( 'NONE', ( #1660, #7167, #2376, #1989 ) ) ;
#3169 = CARTESIAN_POINT ( 'NONE',  ( 970.2932074315650652, 75.31834776957963129, -179.7340247757206839 ) ) ;
#3170 = ORIENTED_EDGE ( 'NONE', *, *, #5489, .T. ) ;
#3171 = ORIENTED_EDGE ( 'NONE', *, *, #3769, .F. ) ;
#3172 = CARTESIAN_POINT ( 'NONE',  ( 976.9464254848243172, 121.0674256395443109, -39.98676962159553483 ) ) ;
#3173 = B_SPLINE_CURVE_WITH_KNOTS ( 'NONE', 3,
 ( #7810, #7175, #4271, #2978, #8454, #5703, #1039, #136, #2895, #2301, #5085, #6420, #1675, #1630, #2213, #3775 ),
 .UNSPECIFIED., .F., .F.,
 ( 4, 2, 2, 2, 2, 2, 2, 4 ),
 ( 0.000000000000000000, 0.0005326074553525472722, 0.001065214910705094544, 0.001597822366057641708, 0.002130429821410189089, 0.002663037276762736470, 0.003195644732115283417, 0.004260859642820372106 ),
 .UNSPECIFIED. ) ;
#3174 = VERTEX_POINT ( 'NONE', #2157 ) ;
#3175 = CARTESIAN_POINT ( 'NONE',  ( 969.9321275244388971, 64.67533521067429092, 33.85414179783690969 ) ) ;
#3176 = CARTESIAN_POINT ( 'NONE',  ( 977.5074755329787877, -32.49459669227794478, 65.36915218736339739 ) ) ;
#3177 = PLANE ( 'NONE',  #3930 ) ;
#3178 = CARTESIAN_POINT ( 'NONE',  ( 967.7932074315651789, 2.500143588966718955, 127.4754850237271881 ) ) ;
#3179 = CARTESIAN_POINT ( 'NONE',  ( 968.0467338867613307, 121.6824751887229894, 38.07424088881005275 ) ) ;
#3180 = EDGE_CURVE ( 'NONE', #8206, #6944, #4684, .T. ) ;
#3181 = VERTEX_POINT ( 'NONE', #8302 ) ;
#3182 = ORIENTED_EDGE ( 'NONE', *, *, #2205, .T. ) ;
#3183 = ADVANCED_FACE ( 'NONE', ( #7653 ), #7614, .F. ) ;
#3184 = DIRECTION ( 'NONE',  ( 0.000000000000000000, 0.000000000000000000, -1.000000000000000000 ) ) ;
#3185 = CARTESIAN_POINT ( 'NONE',  ( 967.8701356896224297, 2.370573347153986710, -72.96168674103773810 ) ) ;
#3186 = DIRECTION ( 'NONE',  ( 0.000000000000000000, 0.000000000000000000, -1.000000000000000000 ) ) ;
#3187 = CARTESIAN_POINT ( 'NONE',  ( 975.6212234913448356, 127.1059501360028747, 10.01640952057920231 ) ) ;
#3188 = CARTESIAN_POINT ( 'NONE',  ( 975.9411352989149009, -10.08007511411967627, 127.1009170122454321 ) ) ;
#3189 = ORIENTED_EDGE ( 'NONE', *, *, #307, .F. ) ;
#3190 = EDGE_CURVE ( 'NONE', #4633, #4134, #6676, .T. ) ;
#3191 = CARTESIAN_POINT ( 'NONE',  ( 977.7932074315651789, -179.7340247757209113, -75.31834776957897759 ) ) ;
#3192 = CARTESIAN_POINT ( 'NONE',  ( 975.6212234913449493, -117.7897013722547115, -48.80407022262640737 ) ) ;
#3193 = CARTESIAN_POINT ( 'NONE',  ( 969.1823241134991349, -124.0357330087226728, 29.51933064587326427 ) ) ;
#3194 = CARTESIAN_POINT ( 'NONE',  ( 977.2998916257679412, -69.86468347030083237, 21.16474100306138695 ) ) ;
#3195 = ORIENTED_EDGE ( 'NONE', *, *, #3104, .T. ) ;
#3196 = AXIS2_PLACEMENT_3D ( 'NONE', #5626, #7051, #8497 ) ;
#3197 = LINE ( 'NONE', #4539, #707 ) ;
#3198 = CARTESIAN_POINT ( 'NONE',  ( 970.1235730824608936, 42.58353461763815062, 59.29285437106561574 ) ) ;
#3199 = DIRECTION ( 'NONE',  ( 1.000000000000000000, 0.000000000000000000, 0.000000000000000000 ) ) ;
#3200 = CARTESIAN_POINT ( 'NONE',  ( 977.2998916257679412, 23.94279544690395767, -68.96203886428902763 ) ) ;
#3201 = DIRECTION ( 'NONE',  ( 0.000000000000000000, -7.142708369109273442E-15, 1.000000000000000000 ) ) ;
#3202 = CARTESIAN_POINT ( 'NONE',  ( 969.4678067838158313, -69.59314673787341121, 22.04084155401605472 ) ) ;
#3203 = CARTESIAN_POINT ( 'NONE',  ( 977.5758751313187531, 64.63532255275724481, -33.93087544558780877 ) ) ;
#3204 = ORIENTED_EDGE ( 'NONE', *, *, #3243, .F. ) ;
#3205 = CARTESIAN_POINT ( 'NONE',  ( 976.5738051988838606, -23.28803342764890161, 69.18581673437039115 ) ) ;
#3206 = CIRCLE ( 'NONE', #3062, 72.99999999999987210 ) ;
#3207 = B_SPLINE_CURVE_WITH_KNOTS ( 'NONE', 3,
 ( #2663, #7311, #2765, #7451, #1322, #1177, #7494, #6738, #4679, #8720, #5349, #2576, #3391, #4057, #3961, #5400 ),
 .UNSPECIFIED., .F., .F.,
 ( 4, 2, 2, 2, 2, 2, 2, 4 ),
 ( 0.000000000000000000, 0.0004891428882835916750, 0.0009782857765671833499, 0.001467428664850775133, 0.001956571553134366700, 0.002445714441417958483, 0.002934857329701550267, 0.003913143106268729930 ),
 .UNSPECIFIED. ) ;
#3208 = VERTEX_POINT ( 'NONE', #2960 ) ;
#3209 = VERTEX_POINT ( 'NONE', #1481 ) ;
#3210 = CARTESIAN_POINT ( 'NONE',  ( 970.2932074315650652, 69.54989139674586340, -22.17684843932606853 ) ) ;
#3211 = VERTEX_POINT ( 'NONE', #7066 ) ;
#3212 = CARTESIAN_POINT ( 'NONE',  ( 969.4197070095234494, 64.74563211381044425, 33.71958132115560858 ) ) ;
#3213 = FACE_OUTER_BOUND ( 'NONE', #5832, .T. ) ;
#3214 = VECTOR ( 'NONE', #700, 1000.000000000000000 ) ;
#3215 = CONICAL_SURFACE ( 'NONE', #8238, 30.99999999999991473, 0.7853981633973862175 ) ;
#3216 = EDGE_CURVE ( 'NONE', #3915, #7821, #4257, .T. ) ;
#3217 = CARTESIAN_POINT ( 'NONE',  ( 968.7637114205683702, 108.9792848504192762, -66.17986033732344708 ) ) ;
#3218 = DIRECTION ( 'NONE',  ( 0.000000000000000000, 0.000000000000000000, 1.000000000000000000 ) ) ;
#3219 = DIRECTION ( 'NONE',  ( 1.000000000000000000, 0.000000000000000000, 0.000000000000000000 ) ) ;
#3220 = DIRECTION ( 'NONE',  ( 0.000000000000000000, 0.000000000000000000, 1.000000000000000000 ) ) ;
#3221 = ORIENTED_EDGE ( 'NONE', *, *, #191, .F. ) ;
#3222 = AXIS2_PLACEMENT_3D ( 'NONE', #6421, #4534, #1084 ) ;
#3223 = DIRECTION ( 'NONE',  ( -1.000000000000000000, -0.000000000000000000, -0.000000000000000000 ) ) ;
#3224 = AXIS2_PLACEMENT_3D ( 'NONE', #5380, #4903, #7031 ) ;
#3225 = ORIENTED_EDGE ( 'NONE', *, *, #3758, .T. ) ;
#3226 = DIRECTION ( 'NONE',  ( -1.000000000000000000, -0.000000000000000000, -0.000000000000000000 ) ) ;
#3227 = EDGE_CURVE ( 'NONE', #6813, #5931, #6988, .T. ) ;
#3228 = CARTESIAN_POINT ( 'NONE',  ( 970.1235730824610073, 0.4006621794151277172, -72.99890046992467774 ) ) ;
#3229 = VECTOR ( 'NONE', #3428, 1000.000000000000000 ) ;
#3230 = AXIS2_PLACEMENT_3D ( 'NONE', #6697, #1188, #5980 ) ;
#3231 = CARTESIAN_POINT ( 'NONE',  ( 970.2932074315650652, 166.5788324321696336, -101.1368664649733233 ) ) ;
#3232 = CARTESIAN_POINT ( 'NONE',  ( 968.6815957473301069, 33.00722074138304407, 65.11172533632547754 ) ) ;
#3233 = CARTESIAN_POINT ( 'NONE',  ( 977.2455835626554972, 72.06081111196080258, -11.67301300285376797 ) ) ;
#3234 = DIRECTION ( 'NONE',  ( 1.000000000000000000, 0.000000000000000000, 0.000000000000000000 ) ) ;
#3235 = ORIENTED_EDGE ( 'NONE', *, *, #3769, .T. ) ;
#3236 = LINE ( 'NONE', #4619, #7418 ) ;
#3237 = DIRECTION ( 'NONE',  ( 0.000000000000000000, 0.000000000000000000, 1.000000000000000000 ) ) ;
#3238 = EDGE_CURVE ( 'NONE', #4592, #5404, #5600, .T. ) ;
#3239 = CARTESIAN_POINT ( 'NONE',  ( 1041.321464998407691, -101.1368664649716322, -166.5788324321706853 ) ) ;
#3240 = DIRECTION ( 'NONE',  ( 0.000000000000000000, 0.000000000000000000, 1.000000000000000000 ) ) ;
#3241 = ORIENTED_EDGE ( 'NONE', *, *, #6236, .F. ) ;
#3242 = EDGE_LOOP ( 'NONE', ( #4617, #1438 ) ) ;
#3243 = EDGE_CURVE ( 'NONE', #3603, #3605, #1248, .T. ) ;
#3244 = CARTESIAN_POINT ( 'NONE',  ( 975.2932074315651789, 147.6625660138624028, 127.1728735659473131 ) ) ;
#3245 = CARTESIAN_POINT ( 'NONE',  ( 977.7167836271273700, -2.372854062627657523, 72.96161036530061494 ) ) ;
#3246 = CARTESIAN_POINT ( 'NONE',  ( 969.6337287287655045, 10.06677788592928913, -127.1020289458889607 ) ) ;
#3247 = CARTESIAN_POINT ( 'NONE',  ( 975.2932074315651789, -59.29285437106575074, 42.58353461763795167 ) ) ;
#3248 = CARTESIAN_POINT ( 'NONE',  ( 967.8701356896224297, -70.12323506563245701, 20.29185191207588446 ) ) ;
#3249 = DIRECTION ( 'NONE',  ( 1.000000000000000000, 0.000000000000000000, 0.000000000000000000 ) ) ;
#3250 = VERTEX_POINT ( 'NONE', #3716 ) ;
#3251 = CARTESIAN_POINT ( 'NONE',  ( 967.8087372738299337, 60.60563406891805016, -40.69378907396018974 ) ) ;
#3252 = ORIENTED_EDGE ( 'NONE', *, *, #8540, .F. ) ;
#3253 = ORIENTED_EDGE ( 'NONE', *, *, #3069, .T. ) ;
#3254 = FACE_OUTER_BOUND ( 'NONE', #6740, .T. ) ;
#3255 = DIRECTION ( 'NONE',  ( -1.000000000000000000, -0.000000000000000000, -0.000000000000000000 ) ) ;
#3256 = CARTESIAN_POINT ( 'NONE',  ( 975.6498138585349125, -33.85481671892731725, 64.67498171265752660 ) ) ;
#3257 = CARTESIAN_POINT ( 'NONE',  ( 1007.993207431565224, -33.59192716851524807, -53.51032122852794970 ) ) ;
#3258 = DIRECTION ( 'NONE',  ( -1.000000000000000000, -0.000000000000000000, -0.000000000000000000 ) ) ;
#3259 = CARTESIAN_POINT ( 'NONE',  ( 970.1281350223659956, -39.39984798134284461, -121.2596469525086320 ) ) ;
#3260 = VERTEX_POINT ( 'NONE', #8513 ) ;
#3261 = CARTESIAN_POINT ( 'NONE',  ( 970.2932074315650652, -16.09113731973614492, 194.2118649119463214 ) ) ;
#3262 = VERTEX_POINT ( 'NONE', #7107 ) ;
#3263 = CARTESIAN_POINT ( 'NONE',  ( 976.4022747810959117, 39.64093350213288147, 121.1810640569672870 ) ) ;
#3264 = DIRECTION ( 'NONE',  ( -1.000000000000000000, -0.000000000000000000, -0.000000000000000000 ) ) ;
#3265 = FACE_OUTER_BOUND ( 'NONE', #7468, .T. ) ;
#3266 = CARTESIAN_POINT ( 'NONE',  ( 975.2932074315651789, -123.9763741318933370, 29.76757727979870793 ) ) ;
#3267 = DIRECTION ( 'NONE',  ( 0.000000000000000000, 0.000000000000000000, -1.000000000000000000 ) ) ;
#3268 = DIRECTION ( 'NONE',  ( -1.000000000000000000, -0.000000000000000000, -0.000000000000000000 ) ) ;
#3269 = FACE_BOUND ( 'NONE', #6482, .T. ) ;
#3270 = AXIS2_PLACEMENT_3D ( 'NONE', #3838, #6562, #970 ) ;
#3271 = ORIENTED_EDGE ( 'NONE', *, *, #4234, .F. ) ;
#3272 = VERTEX_POINT ( 'NONE', #977 ) ;
#3273 = EDGE_CURVE ( 'NONE', #8572, #1118, #7248, .T. ) ;
#3274 = CARTESIAN_POINT ( 'NONE',  ( 975.9411352989149009, -127.1009170122453185, -10.08007511412100854 ) ) ;
#3275 = TOROIDAL_SURFACE ( 'NONE', #694, 145.1627378425959591, 2.500000000000000000 ) ;
#3276 = B_SPLINE_CURVE_WITH_KNOTS ( 'NONE', 3,
 ( #1454, #2758, #767, #3520, #129, #8180, #2083, #4144, #5487, #2890, #8130, #1986, #4825, #4187, #2126, #6244 ),
 .UNSPECIFIED., .F., .F.,
 ( 4, 2, 2, 2, 2, 2, 2, 4 ),
 ( 0.000000000000000000, 0.0005326074553525410923, 0.001065214910705082185, 0.001597822366057623494, 0.002130429821410164369, 0.002663037276762706112, 0.003195644732115246987, 0.004260859642820346085 ),
 .UNSPECIFIED. ) ;
#3277 = AXIS2_PLACEMENT_3D ( 'NONE', #2299, #7761, #7333 ) ;
#3278 = CARTESIAN_POINT ( 'NONE',  ( 967.7932074315651789, 41.76986909048127927, 120.4638038423326662 ) ) ;
#3279 = DIRECTION ( 'NONE',  ( 0.000000000000000000, 0.000000000000000000, 1.000000000000000000 ) ) ;
#3280 = CARTESIAN_POINT ( 'NONE',  ( 977.0249106011896174, -72.10519954592106728, 11.39561008114054097 ) ) ;
#3281 = CARTESIAN_POINT ( 'NONE',  ( 976.8184840389475312, 124.0954290786344245, -29.26743566023106169 ) ) ;
#3282 = B_SPLINE_CURVE_WITH_KNOTS ( 'NONE', 3,
 ( #645, #2891, #4741, #6116, #1285, #4785, #1542, #8872, #2250, #6998, #903, #2206, #4019, #1586, #595, #8772, #861, #8358 ),
 .UNSPECIFIED., .F., .F.,
 ( 4, 2, 2, 2, 2, 2, 2, 2, 4 ),
 ( 0.000000000000000000, 0.0005014877766709451186, 0.001002975553341890237, 0.001504463330012834705, 0.002005951106683779173, 0.002507438883354723858, 0.003008926660025668109, 0.003510414436696612361, 0.004011902213367556612 ),
 .UNSPECIFIED. ) ;
#3283 = CARTESIAN_POINT ( 'NONE',  ( 968.4077548216920377, 65.89265104539524032, 109.1532041003551257 ) ) ;
#3284 = CIRCLE ( 'NONE', #8151, 147.6627378425959591 ) ;
#3285 = DIRECTION ( 'NONE',  ( 0.000000000000000000, 0.000000000000000000, 1.000000000000000000 ) ) ;
#3286 = CIRCLE ( 'NONE', #2004, 157.6627378425955328 ) ;
#3287 = AXIS2_PLACEMENT_3D ( 'NONE', #8575, #4358, #5173 ) ;
#3288 = EDGE_CURVE ( 'NONE', #5027, #6994, #8412, .T. ) ;
#3289 = EDGE_CURVE ( 'NONE', #8214, #6902, #827, .T. ) ;
#3290 = ORIENTED_EDGE ( 'NONE', *, *, #1931, .F. ) ;
#3291 = ADVANCED_FACE ( 'NONE', ( #7391 ), #5831, .F. ) ;
#3292 = AXIS2_PLACEMENT_3D ( 'NONE', #1853, #3249, #4591 ) ;
#3293 = CIRCLE ( 'NONE', #8736, 3.000000000000002665 ) ;
#3294 = CARTESIAN_POINT ( 'NONE',  ( 967.7932074315651789, -147.6625660138615217, -127.1728735659483362 ) ) ;
#3295 = CARTESIAN_POINT ( 'NONE',  ( 967.9165188163373159, 41.10356732472654784, 60.32844411301105936 ) ) ;
#3296 = CARTESIAN_POINT ( 'NONE',  ( 977.4635654086101795, 73.92884964552442284, -103.8787448964397839 ) ) ;
#3297 = LINE ( 'NONE', #5968, #5017 ) ;
#3298 = CARTESIAN_POINT ( 'NONE',  ( 977.1774328682956821, 10.84897280748311132, -127.0376447689126849 ) ) ;
#3299 = CARTESIAN_POINT ( 'NONE',  ( 976.4798883673448699, 65.26271679341124354, -32.70756199021596444 ) ) ;
#3300 = ORIENTED_EDGE ( 'NONE', *, *, #4007, .F. ) ;
#3301 = CARTESIAN_POINT ( 'NONE',  ( 969.9570765531306051, -72.99880714067776921, -0.4188215837714600598 ) ) ;
#3302 = ORIENTED_EDGE ( 'NONE', *, *, #4453, .F. ) ;
#3303 = AXIS2_PLACEMENT_3D ( 'NONE', #8314, #577, #43 ) ;
#3304 = ORIENTED_EDGE ( 'NONE', *, *, #1027, .F. ) ;
#3305 = CARTESIAN_POINT ( 'NONE',  ( 969.9658196246413127, -39.38408995074853891, 121.2647700885270154 ) ) ;
#3306 = EDGE_CURVE ( 'NONE', #7692, #330, #6841, .T. ) ;
#3307 = CARTESIAN_POINT ( 'NONE',  ( 975.2932074315651789, 179.7340247757214513, 75.31834776957768440 ) ) ;
#3308 = CARTESIAN_POINT ( 'NONE',  ( 975.2932074315651789, -33.87455307021119921, 64.66463217473207692 ) ) ;
#3309 = PLANE ( 'NONE',  #3230 ) ;
#3310 = CARTESIAN_POINT ( 'NONE',  ( 970.1235730824608936, 69.54989139674589183, -22.17684843932612893 ) ) ;
#3311 = CARTESIAN_POINT ( 'NONE',  ( 1041.321464998407691, -166.5788324321703158, 101.1368664649722291 ) ) ;
#3312 = CARTESIAN_POINT ( 'NONE',  ( 1038.865541267632807, -121.2596469525085183, 39.39984798134323540 ) ) ;
#3313 = CARTESIAN_POINT ( 'NONE',  ( 970.2932074315650652, -71.96753237915946499, -12.23414415701335756 ) ) ;
#3314 = ORIENTED_EDGE ( 'NONE', *, *, #3289, .T. ) ;
#3315 = CARTESIAN_POINT ( 'NONE',  ( 967.7932074315651789, 101.6602862201768573, -76.95086877762759059 ) ) ;
#3316 = ORIENTED_EDGE ( 'NONE', *, *, #1593, .F. ) ;
#3317 = EDGE_LOOP ( 'NONE', ( #4773, #8725, #88, #5240 ) ) ;
#3318 = DIRECTION ( 'NONE',  ( 1.000000000000000000, 0.000000000000000000, 0.000000000000000000 ) ) ;
#3319 = CARTESIAN_POINT ( 'NONE',  ( 967.7932074315651789, 179.7340247757214513, 75.31834776957768440 ) ) ;
#3320 = CARTESIAN_POINT ( 'NONE',  ( 975.9622145319366382, -58.76813520850640060, -43.30482172372123273 ) ) ;
#3321 = ORIENTED_EDGE ( 'NONE', *, *, #3273, .T. ) ;
#3322 = ORIENTED_EDGE ( 'NONE', *, *, #8350, .T. ) ;
#3323 = CARTESIAN_POINT ( 'NONE',  ( 977.2998916257679412, -68.96203886428909868, -23.94279544690369477 ) ) ;
#3324 = CARTESIAN_POINT ( 'NONE',  ( 958.7932074315651789, -33.59192716851524807, -53.51032122852794970 ) ) ;
#3325 = FACE_OUTER_BOUND ( 'NONE', #7038, .T. ) ;
#3326 = CARTESIAN_POINT ( 'NONE',  ( 967.9202297398430801, 84.08929479296122622, -95.83978056138141710 ) ) ;
#3327 = CARTESIAN_POINT ( 'NONE',  ( 976.6287946620489038, -72.16054482187490748, 11.03943794880792417 ) ) ;
#3328 = ADVANCED_FACE ( 'NONE', ( #4819 ), #7981, .F. ) ;
#3329 = CARTESIAN_POINT ( 'NONE',  ( 970.2932074315650652, 44.71118576450793114, 189.6788945569600173 ) ) ;
#3330 = CARTESIAN_POINT ( 'NONE',  ( 969.9623921352655316, 66.62145485401423173, 108.7098512239553543 ) ) ;
#3331 = ORIENTED_EDGE ( 'NONE', *, *, #318, .T. ) ;
#3332 = LINE ( 'NONE', #8809, #7348 ) ;
#3333 = ORIENTED_EDGE ( 'NONE', *, *, #1265, .T. ) ;
#3334 = APPLICATION_CONTEXT ( 'automotive_design' ) ;
#3335 = EDGE_CURVE ( 'NONE', #5593, #3915, #5284, .T. ) ;
#3336 = ADVANCED_FACE ( 'NONE', ( #3474 ), #242, .F. ) ;
#3337 = CARTESIAN_POINT ( 'NONE',  ( 968.9537006561656654, 33.48121262038753798, -64.86926698223025767 ) ) ;
#3338 = CARTESIAN_POINT ( 'NONE',  ( 976.9464254848244309, 121.4492382780076127, 38.81167114991163913 ) ) ;
#3339 = FACE_OUTER_BOUND ( 'NONE', #1561, .T. ) ;
#3340 = DIRECTION ( 'NONE',  ( -1.000000000000000000, -0.000000000000000000, -0.000000000000000000 ) ) ;
#3341 = CARTESIAN_POINT ( 'NONE',  ( 968.3908861589637809, 72.98812135204414631, 1.322597455191203419 ) ) ;
#3342 = PRODUCT_RELATED_PRODUCT_CATEGORY ( 'part', '', ( #890 ) ) ;
#3343 = CARTESIAN_POINT ( 'NONE',  ( 977.1768636741707041, -0.8483964734637036154, -127.4972294568825504 ) ) ;
#3344 = VERTEX_POINT ( 'NONE', #2652 ) ;
#3345 = VERTEX_POINT ( 'NONE', #5391 ) ;
#3346 = CARTESIAN_POINT ( 'NONE',  ( 967.8459545321663882, -10.03299988656678110, 72.30805027434142573 ) ) ;
#3347 = CARTESIAN_POINT ( 'NONE',  ( 969.6300527781542087, -69.27425060708161197, -23.02345452594269304 ) ) ;
#3348 = CARTESIAN_POINT ( 'NONE',  ( 977.4632779943997321, 83.75026804908479505, -96.13616072098746201 ) ) ;
#3349 = CARTESIAN_POINT ( 'NONE',  ( 969.6300527781543224, -0.4896857443454145087, 72.99836616906357278 ) ) ;
#3350 = FACE_OUTER_BOUND ( 'NONE', #4253, .T. ) ;
#3351 = CARTESIAN_POINT ( 'NONE',  ( 970.2932074315650652, -64.66463217473193481, -33.87455307021146211 ) ) ;
#3352 = AXIS2_PLACEMENT_3D ( 'NONE', #63, #7510, #8198 ) ;
#3353 = DIRECTION ( 'NONE',  ( 0.000000000000000000, -5.328854649196709009E-15, -1.000000000000000000 ) ) ;
#3354 = EDGE_CURVE ( 'NONE', #891, #4573, #6690, .T. ) ;
#3355 = DIRECTION ( 'NONE',  ( 0.000000000000000000, 0.000000000000000000, -1.000000000000000000 ) ) ;
#3356 = EDGE_LOOP ( 'NONE', ( #3170, #5210, #2994, #1064 ) ) ;
#3357 = DIRECTION ( 'NONE',  ( 0.000000000000000000, 0.000000000000000000, -1.000000000000000000 ) ) ;
#3358 = EDGE_CURVE ( 'NONE', #5806, #4134, #2403, .T. ) ;
#3359 = ORIENTED_EDGE ( 'NONE', *, *, #7924, .F. ) ;
#3360 = AXIS2_PLACEMENT_3D ( 'NONE', #61, #2819, #5543 ) ;
#3361 = EDGE_LOOP ( 'NONE', ( #8455, #1953, #7123, #7594 ) ) ;
#3362 = AXIS2_PLACEMENT_3D ( 'NONE', #5309, #8037, #7139 ) ;
#3363 = CARTESIAN_POINT ( 'NONE',  ( 969.9321275244390108, -33.85414179783714417, 64.67533521067417723 ) ) ;
#3364 = DIRECTION ( 'NONE',  ( 0.000000000000000000, 0.000000000000000000, -1.000000000000000000 ) ) ;
#3365 = CARTESIAN_POINT ( 'NONE',  ( 1007.993207431565224, 0.000000000000000000, 0.000000000000000000 ) ) ;
#3366 = CARTESIAN_POINT ( 'NONE',  ( 977.2998916257679412, 21.16474100306166406, 69.86468347030076131 ) ) ;
#3367 = CARTESIAN_POINT ( 'NONE',  ( 970.2932074315650652, -44.71118576450651716, -189.6788945569603584 ) ) ;
#3368 = FACE_BOUND ( 'NONE', #7299, .T. ) ;
#3369 = AXIS2_PLACEMENT_3D ( 'NONE', #4070, #8053, #5324 ) ;
#3370 = AXIS2_PLACEMENT_3D ( 'NONE', #6866, #4094, #5337 ) ;
#3371 = ORIENTED_EDGE ( 'NONE', *, *, #6611, .T. ) ;
#3372 = ORIENTED_EDGE ( 'NONE', *, *, #7664, .F. ) ;
#3373 = CARTESIAN_POINT ( 'NONE',  ( 977.1774328682961368, -127.0376447689126849, -10.84897280748355897 ) ) ;
#3374 = CIRCLE ( 'NONE', #4092, 127.4999999999998863 ) ;
#3375 = DIRECTION ( 'NONE',  ( -1.000000000000000000, -0.000000000000000000, -0.000000000000000000 ) ) ;
#3376 = CARTESIAN_POINT ( 'NONE',  ( 969.1618290769858959, -58.65512115757743317, -43.45781323626780335 ) ) ;
#3377 = CARTESIAN_POINT ( 'NONE',  ( 958.7932074315651789, 54.35287990626809318, 17.66032122852809394 ) ) ;
#3378 = DIRECTION ( 'NONE',  ( 1.000000000000000000, 0.000000000000000000, 0.000000000000000000 ) ) ;
#3379 = CARTESIAN_POINT ( 'NONE',  ( 968.3024195543162023, 65.78199346773159562, 109.2199520017463215 ) ) ;
#3380 = AXIS2_PLACEMENT_3D ( 'NONE', #8591, #3746, #371 ) ;
#3381 = CARTESIAN_POINT ( 'NONE',  ( 975.6324830688729435, -69.55552103973543865, 22.15921463634241562 ) ) ;
#3382 = VECTOR ( 'NONE', #958, 1000.000000000000000 ) ;
#3383 = ADVANCED_FACE ( 'NONE', ( #8071 ), #7441, .F. ) ;
#3384 = CARTESIAN_POINT ( 'NONE',  ( 969.4197070095236768, -10.77681337482811585, -72.20018930567316318 ) ) ;
#3385 = VERTEX_POINT ( 'NONE', #7535 ) ;
#3386 = ADVANCED_FACE ( 'NONE', ( #8753 ), #7342, .F. ) ;
#3387 = DIRECTION ( 'NONE',  ( 0.000000000000000000, 0.000000000000000000, 1.000000000000000000 ) ) ;
#3388 = CARTESIAN_POINT ( 'NONE',  ( 968.0369480910057973, 41.36145461811268831, 60.15192837963577688 ) ) ;
#3389 = EDGE_CURVE ( 'NONE', #7148, #7780, #7846, .T. ) ;
#3390 = CARTESIAN_POINT ( 'NONE',  ( 968.0090611264093923, -71.95637231849741511, 12.30078404256791558 ) ) ;
#3391 = CARTESIAN_POINT ( 'NONE',  ( 969.1823241134992486, -29.51933064587284861, -124.0357330087227439 ) ) ;
#3392 = CARTESIAN_POINT ( 'NONE',  ( 968.7444331958880639, -21.63983569338840951, -69.71891643834977970 ) ) ;
#3393 = CARTESIAN_POINT ( 'NONE',  ( 967.7932074315652926, -109.9163940515587257, 64.61163728030807363 ) ) ;
#3394 = VERTEX_POINT ( 'NONE', #6819 ) ;
#3395 = EDGE_CURVE ( 'NONE', #862, #7195, #6674, .T. ) ;
#3396 = VERTEX_POINT ( 'NONE', #8910 ) ;
#3397 = DIRECTION ( 'NONE',  ( 1.000000000000000000, 0.000000000000000000, 0.000000000000000000 ) ) ;
#3398 = ADVANCED_FACE ( 'NONE', ( #725 ), #6417, .F. ) ;
#3399 = CARTESIAN_POINT ( 'NONE',  ( 975.4630272440168710, 42.58353461763814352, 59.29285437106556600 ) ) ;
#3400 = CARTESIAN_POINT ( 'NONE',  ( 969.9321275244390108, 12.21142446341884380, -71.97140414119594709 ) ) ;
#3401 = CARTESIAN_POINT ( 'NONE',  ( 976.9020747459412632, 51.72706873900326485, -51.51042398278066514 ) ) ;
#3402 = DIRECTION ( 'NONE',  ( 0.000000000000000000, 0.000000000000000000, 1.000000000000000000 ) ) ;
#3403 = CARTESIAN_POINT ( 'NONE',  ( 967.7932074315651789, -179.7340247757209113, -75.31834776957897759 ) ) ;
#3404 = CARTESIAN_POINT ( 'NONE',  ( 968.1244542515916010, 127.4939866898147329, -1.245789640826789890 ) ) ;
#3405 = CARTESIAN_POINT ( 'NONE',  ( 975.9622145319366382, 43.30482172372142458, -58.76813520850627270 ) ) ;
#3406 = ORIENTED_EDGE ( 'NONE', *, *, #5471, .T. ) ;
#3407 = CARTESIAN_POINT ( 'NONE',  ( 967.8595308706300102, 102.0564655965701348, -76.42524569269953361 ) ) ;
#3408 = ORIENTED_EDGE ( 'NONE', *, *, #6656, .T. ) ;
#3409 = EDGE_CURVE ( 'NONE', #4799, #5610, #6529, .T. ) ;
#3410 = ORIENTED_EDGE ( 'NONE', *, *, #1210, .F. ) ;
#3411 = DIRECTION ( 'NONE',  ( 0.000000000000000000, 0.000000000000000000, -1.000000000000000000 ) ) ;
#3412 = CARTESIAN_POINT ( 'NONE',  ( 976.4022747810961391, 0.2537599291842007609, 127.4997627480054803 ) ) ;
#3413 = EDGE_CURVE ( 'NONE', #5849, #8206, #6885, .T. ) ;
#3414 = DIRECTION ( 'NONE',  ( 0.000000000000000000, 0.000000000000000000, 1.000000000000000000 ) ) ;
#3415 = CARTESIAN_POINT ( 'NONE',  ( 977.6709658558772844, 20.44630075600250407, 70.07833894943755126 ) ) ;
#3416 = CYLINDRICAL_SURFACE ( 'NONE', #4856, 3.000000000000002665 ) ;
#3417 = CARTESIAN_POINT ( 'NONE',  ( 967.7932074315651789, 76.95086877762864219, 101.6602862201760473 ) ) ;
#3418 = DIRECTION ( 'NONE',  ( 0.000000000000000000, -1.224646799147350002E-16, 1.000000000000000000 ) ) ;
#3419 = ORIENTED_EDGE ( 'NONE', *, *, #5745, .T. ) ;
#3420 = ORIENTED_EDGE ( 'NONE', *, *, #8276, .T. ) ;
#3421 = CARTESIAN_POINT ( 'NONE',  ( 969.6337287287653908, -96.91059785730753617, -82.85289253915904339 ) ) ;
#3422 = CARTESIAN_POINT ( 'NONE',  ( 977.5402670494215727, -103.9619227099462080, -73.81186573284317376 ) ) ;
#3423 = ADVANCED_FACE ( 'NONE', ( #383 ), #4141, .F. ) ;
#3424 = CARTESIAN_POINT ( 'NONE',  ( 968.1244542515912599, 40.58262492360882590, 120.8690166593636661 ) ) ;
#3425 = CARTESIAN_POINT ( 'NONE',  ( 969.0366317484429146, 83.05543062759187478, -96.73703470771540935 ) ) ;
#3426 = CARTESIAN_POINT ( 'NONE',  ( 970.2932074315650652, 189.6788945569598468, -44.71118576450859905 ) ) ;
#3427 = CARTESIAN_POINT ( 'NONE',  ( 1041.321464998407691, 121.2597647024848300, 39.39948558417965074 ) ) ;
#3428 = DIRECTION ( 'NONE',  ( -1.000000000000000000, -0.000000000000000000, -0.000000000000000000 ) ) ;
#3429 = CARTESIAN_POINT ( 'NONE',  ( 977.7932074315651789, -19.64974801233342205, -70.30567120120382185 ) ) ;
#3430 = AXIS2_PLACEMENT_3D ( 'NONE', #441, #6002, #5912 ) ;
#3431 = CIRCLE ( 'NONE', #3270, 72.99999999999987210 ) ;
#3432 = ORIENTED_EDGE ( 'NONE', *, *, #5688, .F. ) ;
#3433 = DIRECTION ( 'NONE',  ( 0.000000000000000000, 0.000000000000000000, 1.000000000000000000 ) ) ;
#3434 = AXIS2_PLACEMENT_3D ( 'NONE', #6553, #3124, #8500 ) ;
#3435 = CARTESIAN_POINT ( 'NONE',  ( 976.5476831198559466, -121.3617620186101504, -39.08428167861021763 ) ) ;
#3436 = CARTESIAN_POINT ( 'NONE',  ( 1007.993207431565224, -54.35287990626783738, 10.38532122852886630 ) ) ;
#3437 = VECTOR ( 'NONE', #5856, 1000.000000000000000 ) ;
#3438 = AXIS2_PLACEMENT_3D ( 'NONE', #3564, #5535, #2211 ) ;
#3439 = CARTESIAN_POINT ( 'NONE',  ( 969.1008202615154232, 51.27642761653729764, 51.95897432760700951 ) ) ;
#3440 = CARTESIAN_POINT ( 'NONE',  ( 977.4632779943992773, 11.24797265135125990, -127.0029602320337005 ) ) ;
#3441 = CARTESIAN_POINT ( 'NONE',  ( 976.5738051988840880, 72.99601993514062315, 0.7686428024344554855 ) ) ;
#3442 = CARTESIAN_POINT ( 'NONE',  ( 975.2932074315651789, -65.41400624788184359, 32.40382364169428087 ) ) ;
#3443 = EDGE_LOOP ( 'NONE', ( #2928, #2368, #2258, #7898 ) ) ;
#3444 = EDGE_LOOP ( 'NONE', ( #709, #1166, #5241, #505 ) ) ;
#3445 = CIRCLE ( 'NONE', #3292, 157.6627378425955328 ) ;
#3446 = CARTESIAN_POINT ( 'NONE',  ( 977.4756012051087737, 41.48432463750880572, 60.06722124005548835 ) ) ;
#3447 = CARTESIAN_POINT ( 'NONE',  ( 967.7932074315651789, -64.46894917794568869, -110.0000208722316728 ) ) ;
#3448 = CARTESIAN_POINT ( 'NONE',  ( 968.7444331958881776, -0.9636232611030014494, 72.99370677246847094 ) ) ;
#3449 = CARTESIAN_POINT ( 'NONE',  ( 1001.793207431565179, 4.302592421004293223E-15, -35.13333333333272179 ) ) ;
#3450 = CARTESIAN_POINT ( 'NONE',  ( 968.6815957473299932, -64.97511442087416356, -33.27533475921435269 ) ) ;
#3451 = CARTESIAN_POINT ( 'NONE',  ( 969.9623921352654179, -82.80205065214595095, 96.95396024814778002 ) ) ;
#3452 = EDGE_CURVE ( 'NONE', #6832, #7872, #139, .T. ) ;
#3453 = CARTESIAN_POINT ( 'NONE',  ( 1038.865541267632807, 179.7340247757214513, 75.31834776957768440 ) ) ;
#3454 = AXIS2_PLACEMENT_3D ( 'NONE', #1266, #5829, #5876 ) ;
#3455 = CARTESIAN_POINT ( 'NONE',  ( 970.2932074315650652, -43.23181964193760507, 58.82184773064306427 ) ) ;
#3456 = ORIENTED_EDGE ( 'NONE', *, *, #8187, .F. ) ;
#3457 = ORIENTED_EDGE ( 'NONE', *, *, #2446, .T. ) ;
#3458 = VERTEX_POINT ( 'NONE', #750 ) ;
#3459 = CARTESIAN_POINT ( 'NONE',  ( 977.7932074315651789, 68.42831489562435365, 25.42765660742756140 ) ) ;
#3460 = CARTESIAN_POINT ( 'NONE',  ( 975.2932074315651789, 0.0001905234638420781959, 127.4999999998575078 ) ) ;
#3461 = CARTESIAN_POINT ( 'NONE',  ( 975.2932074315651789, 127.1728735659488621, -147.6625660138610669 ) ) ;
#3462 = DIRECTION ( 'NONE',  ( -1.000000000000000000, -0.000000000000000000, -0.000000000000000000 ) ) ;
#3463 = CARTESIAN_POINT ( 'NONE',  ( 967.7932074315651789, -2.500143588965830777, -127.4754850237271881 ) ) ;
#3464 = FACE_BOUND ( 'NONE', #659, .T. ) ;
#3465 = ADVANCED_FACE ( 'NONE', ( #8158 ), #6805, .T. ) ;
#3466 = DIRECTION ( 'NONE',  ( 0.000000000000000000, 0.000000000000000000, 1.000000000000000000 ) ) ;
#3467 = ORIENTED_EDGE ( 'NONE', *, *, #1710, .F. ) ;
#3468 = EDGE_CURVE ( 'NONE', #7209, #161, #4754, .T. ) ;
#3469 = EDGE_LOOP ( 'NONE', ( #218, #948, #3601, #7843, #7911, #2325, #7375, #1585 ) ) ;
#3470 = CARTESIAN_POINT ( 'NONE',  ( 1001.793207431565179, -37.92267161132591013, -27.55243370120933477 ) ) ;
#3471 = CARTESIAN_POINT ( 'NONE',  ( 977.3428997317970470, -33.50499162383010798, -64.85707677790881576 ) ) ;
#3472 = CARTESIAN_POINT ( 'NONE',  ( 968.4107331596591166, 40.20440539502612154, 120.9953266188022241 ) ) ;
#3473 = CARTESIAN_POINT ( 'NONE',  ( 977.2823495132337257, 127.4963287569987358, -0.9770387185117422879 ) ) ;
#3474 = FACE_OUTER_BOUND ( 'NONE', #4230, .T. ) ;
#3475 = DIRECTION ( 'NONE',  ( 0.000000000000000000, 0.000000000000000000, -1.000000000000000000 ) ) ;
#3476 = CARTESIAN_POINT ( 'NONE',  ( 968.7699766253856524, -0.5111122108453802770, -127.4990077426280948 ) ) ;
#3477 = CARTESIAN_POINT ( 'NONE',  ( 975.6212234913447219, 96.94337594908365929, 82.81444849333124125 ) ) ;
#3478 = EDGE_CURVE ( 'NONE', #756, #2097, #7269, .T. ) ;
#3479 = EDGE_LOOP ( 'NONE', ( #8213, #4899, #7755, #8552 ) ) ;
#3480 = CARTESIAN_POINT ( 'NONE',  ( 969.9321275244386698, 33.85414179783764155, -64.67533521067390723 ) ) ;
#3481 = CARTESIAN_POINT ( 'NONE',  ( 976.8206886417103760, 74.52595820306983398, -103.4511474489721934 ) ) ;
#3482 = CARTESIAN_POINT ( 'NONE',  ( 969.4877991597929849, -103.2247582879289354, -74.83918228303241449 ) ) ;
#3483 = CARTESIAN_POINT ( 'NONE',  ( 1041.321464998407691, -39.39948558418007707, 121.2597647024846879 ) ) ;
#3484 = CARTESIAN_POINT ( 'NONE',  ( 968.3024195543163160, 96.31321483572712339, 83.54659315531380059 ) ) ;
#3485 = CARTESIAN_POINT ( 'NONE',  ( 975.9411352989147872, 117.7652408367467132, 48.86306447945148790 ) ) ;
#3486 = ORIENTED_EDGE ( 'NONE', *, *, #7207, .F. ) ;
#3487 = DIRECTION ( 'NONE',  ( -1.000000000000000000, -0.000000000000000000, -0.000000000000000000 ) ) ;
#3488 = CARTESIAN_POINT ( 'NONE',  ( 975.9951027213825228, 12.12679389731174062, -71.98571208494691120 ) ) ;
#3489 = CARTESIAN_POINT ( 'NONE',  ( 977.7932074315650652, 50.36536915206768583, -52.84371798723428526 ) ) ;
#3490 = FACE_OUTER_BOUND ( 'NONE', #7273, .T. ) ;
#3491 = CARTESIAN_POINT ( 'NONE',  ( 968.3908861589637809, 21.29670495708850098, 69.82453351437391120 ) ) ;
#3492 = DIRECTION ( 'NONE',  ( 0.000000000000000000, 0.000000000000000000, -1.000000000000000000 ) ) ;
#3493 = DIRECTION ( 'NONE',  ( -1.000000000000000000, -0.000000000000000000, -0.000000000000000000 ) ) ;
#3494 = DIRECTION ( 'NONE',  ( 0.000000000000000000, 0.000000000000000000, 1.000000000000000000 ) ) ;
#3495 = CARTESIAN_POINT ( 'NONE',  ( 968.9537006561653243, -72.04060276272092267, -11.79681952592795646 ) ) ;
#3496 = EDGE_LOOP ( 'NONE', ( #4506, #6165, #6601, #3410 ) ) ;
#3497 = ORIENTED_EDGE ( 'NONE', *, *, #8385, .F. ) ;
#3498 = VERTEX_POINT ( 'NONE', #5514 ) ;
#3499 = CARTESIAN_POINT ( 'NONE',  ( 977.2455835626556109, 51.79994793471320236, 51.43719592512297822 ) ) ;
#3500 = DIRECTION ( 'NONE',  ( 0.000000000000000000, -4.511184233121644973E-15, 1.000000000000000000 ) ) ;
#3501 = ADVANCED_FACE ( 'NONE', ( #8207 ), #6550, .F. ) ;
#3502 = CIRCLE ( 'NONE', #4069, 7.275000000000003908 ) ;
#3503 = CARTESIAN_POINT ( 'NONE',  ( 967.7932074315651789, 0.000000000000000000, 127.4999999999997868 ) ) ;
#3504 = DIRECTION ( 'NONE',  ( -1.000000000000000000, -0.000000000000000000, -0.000000000000000000 ) ) ;
#3505 = CARTESIAN_POINT ( 'NONE',  ( 969.9623921352654179, -117.7959364952303787, -48.78900844669435344 ) ) ;
#3506 = EDGE_CURVE ( 'NONE', #6496, #3966, #4711, .T. ) ;
#3507 = ORIENTED_EDGE ( 'NONE', *, *, #1867, .F. ) ;
#3508 = CIRCLE ( 'NONE', #6625, 7.275000000000003908 ) ;
#3509 = ORIENTED_EDGE ( 'NONE', *, *, #3767, .T. ) ;
#3510 = CARTESIAN_POINT ( 'NONE',  ( 976.9692569047347206, -69.08677041827240828, -23.58036096419453642 ) ) ;
#3511 = EDGE_CURVE ( 'NONE', #4637, #7253, #8709, .T. ) ;
#3512 = CARTESIAN_POINT ( 'NONE',  ( 967.7932074315649515, 72.35540302542908364, 9.686334007724330064 ) ) ;
#3513 = EDGE_CURVE ( 'NONE', #6129, #3048, #896, .T. ) ;
#3514 = CARTESIAN_POINT ( 'NONE',  ( 967.7932074315651789, -194.2118649119462646, -16.09113731973690875 ) ) ;
#3515 = CARTESIAN_POINT ( 'NONE',  ( 969.6337287287653908, 82.85289253915938446, -96.91059785730726617 ) ) ;
#3516 = TOROIDAL_SURFACE ( 'NONE', #6497, 160.1627378425955612, 2.500000000000000000 ) ;
#3517 = AXIS2_PLACEMENT_3D ( 'NONE', #8883, #8290, #6173 ) ;
#3518 = LINE ( 'NONE', #626, #5590 ) ;
#3519 = CARTESIAN_POINT ( 'NONE',  ( 969.6300527781542087, 43.30352716470044783, -58.76908873359319330 ) ) ;
#3520 = CARTESIAN_POINT ( 'NONE',  ( 975.9951027213824091, 33.77807474423733680, -64.71509515698372184 ) ) ;
#3521 = TOROIDAL_SURFACE ( 'NONE', #1212, 160.1627378425955612, 2.500000000000000000 ) ;
#3522 = AXIS2_PLACEMENT_3D ( 'NONE', #3634, #3724, #984 ) ;
#3523 = ORIENTED_EDGE ( 'NONE', *, *, #8606, .F. ) ;
#3524 = ADVANCED_FACE ( 'NONE', ( #7060 ), #6395, .F. ) ;
#3525 = CARTESIAN_POINT ( 'NONE',  ( 977.7406944467918493, -64.39585937669494342, 34.38444728578409837 ) ) ;
#3526 = CIRCLE ( 'NONE', #3802, 160.1627378425955612 ) ;
#3527 = CARTESIAN_POINT ( 'NONE',  ( 969.0416369157512690, -103.3432482601967450, -74.67550635970364681 ) ) ;
#3528 = AXIS2_PLACEMENT_3D ( 'NONE', #6825, #682, #898 ) ;
#3529 = CARTESIAN_POINT ( 'NONE',  ( 967.7932074315651789, -71.74079029596693147, 13.50033361476887883 ) ) ;
#3530 = DIRECTION ( 'NONE',  ( 0.000000000000000000, 0.000000000000000000, 1.000000000000000000 ) ) ;
#3531 = CARTESIAN_POINT ( 'NONE',  ( 976.9470595414691161, 117.5572859505728331, 49.36140110800358372 ) ) ;
#3532 = ORIENTED_EDGE ( 'NONE', *, *, #1553, .F. ) ;
#3533 = CIRCLE ( 'NONE', #8259, 72.99999999999974420 ) ;
#3534 = CARTESIAN_POINT ( 'NONE',  ( 969.1823241134991349, -66.40370117687756135, -108.8430172992437406 ) ) ;
#3535 = EDGE_CURVE ( 'NONE', #5734, #8737, #8493, .T. ) ;
#3536 = CARTESIAN_POINT ( 'NONE',  ( 969.5872790110973938, -65.36500059115149952, 32.50259373034558052 ) ) ;
#3537 = CARTESIAN_POINT ( 'NONE',  ( 976.4259520426954850, -42.35450928689508032, -59.45670952192133996 ) ) ;
#3538 = CARTESIAN_POINT ( 'NONE',  ( 970.2932074315650652, 74.94246553048735393, -103.1497787695721513 ) ) ;
#3539 = DIRECTION ( 'NONE',  ( 0.000000000000000000, 0.000000000000000000, 1.000000000000000000 ) ) ;
#3540 = B_SPLINE_CURVE_WITH_KNOTS ( 'NONE', 3,
 ( #1267, #5303, #7484, #2035, #1937, #2606, #6729, #3379, #3283, #4579, #8129, #531, #3901, #1886, #3330, #6102 ),
 .UNSPECIFIED., .F., .F.,
 ( 4, 2, 2, 2, 2, 2, 2, 4 ),
 ( 0.000000000000000000, 0.0004891428882835930844, 0.0009782857765671861688, 0.001467428664850779253, 0.001956571553134372338, 0.002445714441417965422, 0.002934857329701558507, 0.003913143106268736002 ),
 .UNSPECIFIED. ) ;
#3541 = CARTESIAN_POINT ( 'NONE',  ( 967.8087372738299337, 57.43026415369585180, 45.06431081608019440 ) ) ;
#3542 = CARTESIAN_POINT ( 'NONE',  ( 977.7932074315651789, -13.50033361476903515, -71.74079029596705936 ) ) ;
#3543 = CARTESIAN_POINT ( 'NONE',  ( 969.9623921352654179, 117.7959364952306487, 48.78900844669355763 ) ) ;
#3544 = ORIENTED_EDGE ( 'NONE', *, *, #3335, .F. ) ;
#3545 = EDGE_LOOP ( 'NONE', ( #7119, #7979, #778, #3877, #4028, #7845, #3432, #7434 ) ) ;
#3546 = EDGE_LOOP ( 'NONE', ( #80, #1737, #6331, #8409 ) ) ;
#3547 = CARTESIAN_POINT ( 'NONE',  ( 977.5406705918380794, -50.07758792559531713, 117.2540315143918264 ) ) ;
#3548 = CARTESIAN_POINT ( 'NONE',  ( 977.7932074315652926, 109.8327767126897925, -64.75430920436089366 ) ) ;
#3549 = CARTESIAN_POINT ( 'NONE',  ( 970.2932074315650652, 10.00015816147009673, -127.1072257456103927 ) ) ;
#3550 = FACE_OUTER_BOUND ( 'NONE', #1208, .T. ) ;
#3551 = ORIENTED_EDGE ( 'NONE', *, *, #8542, .T. ) ;
#3552 = VERTEX_POINT ( 'NONE', #6315 ) ;
#3553 = DIRECTION ( 'NONE',  ( 1.000000000000000000, 0.000000000000000000, 0.000000000000000000 ) ) ;
#3554 = CARTESIAN_POINT ( 'NONE',  ( 977.1768636741708178, -103.6461003015392066, -74.25462401790494482 ) ) ;
#3555 = CARTESIAN_POINT ( 'NONE',  ( 970.2932074315650652, -166.5788324321703158, 101.1368664649722291 ) ) ;
#3556 = CARTESIAN_POINT ( 'NONE',  ( 967.7932074315651789, -25.26886616299760391, 68.48732071652847253 ) ) ;
#3557 = CARTESIAN_POINT ( 'NONE',  ( 968.6178405014127293, 43.77477208148636834, -58.41904185916715875 ) ) ;
#3558 = EDGE_CURVE ( 'NONE', #7008, #7643, #6137, .T. ) ;
#3559 = VERTEX_POINT ( 'NONE', #5595 ) ;
#3560 = DIRECTION ( 'NONE',  ( 0.000000000000000000, 0.000000000000000000, -1.000000000000000000 ) ) ;
#3561 = CIRCLE ( 'NONE', #1260, 3.000000000000002665 ) ;
#3562 = DIRECTION ( 'NONE',  ( 0.000000000000000000, 0.000000000000000000, -1.000000000000000000 ) ) ;
#3563 = VERTEX_POINT ( 'NONE', #6936 ) ;
#3564 = CARTESIAN_POINT ( 'NONE',  ( 977.7932074315651789, 0.000000000000000000, 0.000000000000000000 ) ) ;
#3565 = DIRECTION ( 'NONE',  ( 0.000000000000000000, 0.000000000000000000, -1.000000000000000000 ) ) ;
#3566 = CARTESIAN_POINT ( 'NONE',  ( 967.7932074315650652, -73.17639806922541368, 104.4106017662834489 ) ) ;
#3567 = CARTESIAN_POINT ( 'NONE',  ( 968.6380338253295577, 96.54935235878528488, 83.27356114796063480 ) ) ;
#3568 = ADVANCED_FACE ( 'NONE', ( #794 ), #3697, .F. ) ;
#3569 = CARTESIAN_POINT ( 'NONE',  ( 977.7932074315651789, -9.329543134858095499, 72.40137861183863777 ) ) ;
#3570 = TOROIDAL_SURFACE ( 'NONE', #395, 145.1627378425959591, 2.500000000000000000 ) ;
#3571 = EDGE_CURVE ( 'NONE', #5258, #5931, #109, .T. ) ;
#3572 = ORIENTED_EDGE ( 'NONE', *, *, #4647, .T. ) ;
#3573 = CIRCLE ( 'NONE', #551, 160.1627378425955612 ) ;
#3574 = AXIS2_PLACEMENT_3D ( 'NONE', #2873, #5515, #6182 ) ;
#3575 = AXIS2_PLACEMENT_3D ( 'NONE', #1616, #7071, #3677 ) ;
#3576 = CARTESIAN_POINT ( 'NONE',  ( 967.8459545321661608, -64.39569087163634720, 34.38473816048607290 ) ) ;
#3577 = CARTESIAN_POINT ( 'NONE',  ( 976.1207935749461058, -42.46686775105209222, -59.37650972836366492 ) ) ;
#3578 = CARTESIAN_POINT ( 'NONE',  ( 975.2932074315651789, 48.78900844669485082, -117.7959364952302934 ) ) ;
#3579 = CARTESIAN_POINT ( 'NONE',  ( 968.0467338867611033, -40.72045645140222803, -120.8226676319587369 ) ) ;
#3580 = FACE_OUTER_BOUND ( 'NONE', #6608, .T. ) ;
#3581 = DIRECTION ( 'NONE',  ( -1.000000000000000000, -0.000000000000000000, -0.000000000000000000 ) ) ;
#3582 = CIRCLE ( 'NONE', #8582, 157.6627378425955328 ) ;
#3583 = ORIENTED_EDGE ( 'NONE', *, *, #8646, .T. ) ;
#3584 = AXIS2_PLACEMENT_3D ( 'NONE', #1682, #8461, #1600 ) ;
#3585 = EDGE_CURVE ( 'NONE', #3458, #382, #8876, .T. ) ;
#3586 = ORIENTED_EDGE ( 'NONE', *, *, #8457, .T. ) ;
#3587 = VERTEX_POINT ( 'NONE', #6977 ) ;
#3588 = CARTESIAN_POINT ( 'NONE',  ( 975.9951027213822954, -64.71509515698384973, -33.77807474423712364 ) ) ;
#3589 = CARTESIAN_POINT ( 'NONE',  ( 977.4635654086102932, 1.248698538960837157, 127.4939575161465086 ) ) ;
#3590 = AXIS2_PLACEMENT_3D ( 'NONE', #4399, #3947, #6097 ) ;
#3591 = CARTESIAN_POINT ( 'NONE',  ( 969.1618290769855548, -59.45626570710312819, 42.35513236261661518 ) ) ;
#3592 = CARTESIAN_POINT ( 'NONE',  ( 977.1774328682963642, -28.93880487529605006, -124.1724968412873693 ) ) ;
#3593 = DIRECTION ( 'NONE',  ( -1.000000000000000000, -0.000000000000000000, -0.000000000000000000 ) ) ;
#3594 = EDGE_LOOP ( 'NONE', ( #1539, #7779, #7813, #1978 ) ) ;
#3595 = VERTEX_POINT ( 'NONE', #7239 ) ;
#3596 = CARTESIAN_POINT ( 'NONE',  ( 1036.782757869134684, -10.00015816146921033, 127.1072257456104779 ) ) ;
#3597 = DIRECTION ( 'NONE',  ( 1.000000000000000000, 0.000000000000000000, 0.000000000000000000 ) ) ;
#3598 = CARTESIAN_POINT ( 'NONE',  ( 975.2932074315651789, -121.2597647024845742, -39.39948558418044655 ) ) ;
#3599 = FACE_OUTER_BOUND ( 'NONE', #5805, .T. ) ;
#3600 = CARTESIAN_POINT ( 'NONE',  ( 975.2932074315651789, -123.9763741318933370, 29.76757727979870793 ) ) ;
#3601 = ORIENTED_EDGE ( 'NONE', *, *, #5252, .F. ) ;
#3602 = DIRECTION ( 'NONE',  ( -0.7071067811865914265, 8.659560562354395447E-17, -0.7071067811865036079 ) ) ;
#3603 = VERTEX_POINT ( 'NONE', #2358 ) ;
#3604 = FACE_OUTER_BOUND ( 'NONE', #8555, .T. ) ;
#3605 = VERTEX_POINT ( 'NONE', #1102 ) ;
#3606 = EDGE_CURVE ( 'NONE', #4891, #4633, #2546, .T. ) ;
#3607 = CARTESIAN_POINT ( 'NONE',  ( 1042.912997761359293, 59.29285437106607048, -42.58353461763752534 ) ) ;
#3608 = DIRECTION ( 'NONE',  ( -1.000000000000000000, -0.000000000000000000, -0.000000000000000000 ) ) ;
#3609 = CARTESIAN_POINT ( 'NONE',  ( 968.4077548216919240, 127.0375256266018908, 10.85036911051773245 ) ) ;
#3610 = FACE_BOUND ( 'NONE', #6903, .T. ) ;
#3611 = EDGE_LOOP ( 'NONE', ( #4078, #7717, #2049, #2120, #3771 ) ) ;
#3612 = EDGE_CURVE ( 'NONE', #6038, #4573, #2448, .T. ) ;
#3613 = DIRECTION ( 'NONE',  ( 0.000000000000000000, 0.000000000000000000, -1.000000000000000000 ) ) ;
#3614 = DIRECTION ( 'NONE',  ( 0.000000000000000000, 0.000000000000000000, 1.000000000000000000 ) ) ;
#3615 = CARTESIAN_POINT ( 'NONE',  ( 969.9658196246411990, 74.92937016234030523, -103.1592966869538088 ) ) ;
#3616 = DIRECTION ( 'NONE',  ( 1.000000000000000000, 0.000000000000000000, 0.000000000000000000 ) ) ;
#3617 = CARTESIAN_POINT ( 'NONE',  ( 968.6178405014127293, 58.41904185916763481, 43.77477208148572885 ) ) ;
#3618 = ORIENTED_EDGE ( 'NONE', *, *, #3676, .T. ) ;
#3619 = CARTESIAN_POINT ( 'NONE',  ( 977.6656042090995697, -127.4888246508187848, 1.694840896623525772 ) ) ;
#3620 = ORIENTED_EDGE ( 'NONE', *, *, #1545, .F. ) ;
#3621 = ORIENTED_EDGE ( 'NONE', *, *, #6848, .F. ) ;
#3622 = ORIENTED_EDGE ( 'NONE', *, *, #1626, .F. ) ;
#3623 = CARTESIAN_POINT ( 'NONE',  ( 975.6324830688729435, 69.29645813937585785, 22.95652825987186674 ) ) ;
#3624 = DIRECTION ( 'NONE',  ( -1.000000000000000000, -0.000000000000000000, -0.000000000000000000 ) ) ;
#3625 = B_SPLINE_CURVE_WITH_KNOTS ( 'NONE', 3,
 ( #6908, #6455, #2467, #8054, #1743, #3149, #7166, #2420, #8525, #215, #1912, #8612, #6534, #7118, #5034, #5075 ),
 .UNSPECIFIED., .F., .F.,
 ( 4, 2, 2, 2, 2, 2, 2, 4 ),
 ( 0.000000000000000000, 0.0004891407059790124417, 0.0009782814119580248834, 0.001467422117937037217, 0.001956562823916049767, 0.002445703529895062317, 0.002934844235874074433, 0.003913125647832103003 ),
 .UNSPECIFIED. ) ;
#3626 = CARTESIAN_POINT ( 'NONE',  ( 976.4030299189488460, 108.8427045688149946, -66.40421401815721936 ) ) ;
#3627 = EDGE_CURVE ( 'NONE', #7737, #4648, #4598, .T. ) ;
#3628 = DIRECTION ( 'NONE',  ( 0.000000000000000000, 0.000000000000000000, -1.000000000000000000 ) ) ;
#3629 = CARTESIAN_POINT ( 'NONE',  ( 967.8459545321665018, 71.86940986352118443, -12.80246644478099327 ) ) ;
#3630 = ORIENTED_EDGE ( 'NONE', *, *, #2944, .T. ) ;
#3631 = ORIENTED_EDGE ( 'NONE', *, *, #578, .T. ) ;
#3632 = DIRECTION ( 'NONE',  ( 1.000000000000000000, 0.000000000000000000, 0.000000000000000000 ) ) ;
#3633 = LINE ( 'NONE', #2286, #1423 ) ;
#3634 = CARTESIAN_POINT ( 'NONE',  ( 977.7932074315651789, 101.1368664649727265, 166.5788324321699747 ) ) ;
#3635 = CARTESIAN_POINT ( 'NONE',  ( 975.2932074315651789, 32.40382364169451535, 65.41400624788172991 ) ) ;
#3636 = AXIS2_PLACEMENT_3D ( 'NONE', #873, #8413, #3613 ) ;
#3637 = CARTESIAN_POINT ( 'NONE',  ( 976.5466784714077448, 66.33833095318365736, 108.8828919283559031 ) ) ;
#3638 = CARTESIAN_POINT ( 'NONE',  ( 1043.814912118905113, 58.82184773064320638, 43.23181964193739901 ) ) ;
#3639 = ORIENTED_EDGE ( 'NONE', *, *, #3413, .F. ) ;
#3640 = ORIENTED_EDGE ( 'NONE', *, *, #6542, .T. ) ;
#3641 = DIRECTION ( 'NONE',  ( 1.000000000000000000, -0.000000000000000000, -0.000000000000000000 ) ) ;
#3642 = ORIENTED_EDGE ( 'NONE', *, *, #4277, .T. ) ;
#3643 = AXIS2_PLACEMENT_3D ( 'NONE', #601, #8249, #3973 ) ;
#3644 = CIRCLE ( 'NONE', #8651, 127.4999999999997868 ) ;
#3645 = CARTESIAN_POINT ( 'NONE',  ( 968.4107331596591166, 0.8470495695541507830, 127.4972383378751886 ) ) ;
#3646 = CARTESIAN_POINT ( 'NONE',  ( 968.7444331958880639, -43.68421194542560215, 58.48674571970629188 ) ) ;
#3647 = PLANE ( 'NONE',  #2294 ) ;
#3648 = FACE_OUTER_BOUND ( 'NONE', #1053, .T. ) ;
#3649 = AXIS2_PLACEMENT_3D ( 'NONE', #1676, #3776, #4405 ) ;
#3650 = AXIS2_PLACEMENT_3D ( 'NONE', #5690, #5071, #7666 ) ;
#3651 = ORIENTED_EDGE ( 'NONE', *, *, #3468, .T. ) ;
#3652 = AXIS2_PLACEMENT_3D ( 'NONE', #260, #306, #3056 ) ;
#3653 = EDGE_CURVE ( 'NONE', #6079, #1447, #3798, .T. ) ;
#3654 = VECTOR ( 'NONE', #6986, 1000.000000000000000 ) ;
#3655 = CARTESIAN_POINT ( 'NONE',  ( 975.2932074315651789, -194.2118649119462646, -16.09113731973690875 ) ) ;
#3656 = CARTESIAN_POINT ( 'NONE',  ( 977.3428997317970470, 11.01592561678669924, -72.16421727347915294 ) ) ;
#3657 = DIRECTION ( 'NONE',  ( -1.000000000000000000, -0.000000000000000000, -0.000000000000000000 ) ) ;
#3658 = LINE ( 'NONE', #7094, #1287 ) ;
#3659 = CARTESIAN_POINT ( 'NONE',  ( 976.5466784714077448, 29.44483793061694499, 124.0534555245272514 ) ) ;
#3660 = CARTESIAN_POINT ( 'NONE',  ( 975.2932074315651789, 16.09113731973758732, -194.2118649119462646 ) ) ;
#3661 = ORIENTED_EDGE ( 'NONE', *, *, #4772, .T. ) ;
#3662 = DIRECTION ( 'NONE',  ( 0.000000000000000000, 0.000000000000000000, 1.000000000000000000 ) ) ;
#3663 = EDGE_CURVE ( 'NONE', #4633, #3458, #2274, .T. ) ;
#3664 = EDGE_CURVE ( 'NONE', #4073, #969, #3431, .T. ) ;
#3665 = ORIENTED_EDGE ( 'NONE', *, *, #3478, .T. ) ;
#3666 = ORIENTED_EDGE ( 'NONE', *, *, #3180, .T. ) ;
#3667 = ORIENTED_EDGE ( 'NONE', *, *, #865, .T. ) ;
#3668 = CARTESIAN_POINT ( 'NONE',  ( 976.9020747459414906, 51.51042398278119094, 51.72706873900277458 ) ) ;
#3669 = CARTESIAN_POINT ( 'NONE',  ( 970.2932074315650652, -147.6625660138615217, -127.1728735659483362 ) ) ;
#3670 = CARTESIAN_POINT ( 'NONE',  ( 977.4632779943996184, 109.3589456062943412, -65.55066599466884725 ) ) ;
#3671 = CARTESIAN_POINT ( 'NONE',  ( 970.2932074315650652, -179.7340247757209113, -75.31834776957897759 ) ) ;
#3672 = CARTESIAN_POINT ( 'NONE',  ( 968.6380338253293303, -117.5568362817404875, -49.36247229011210180 ) ) ;
#3673 = EDGE_CURVE ( 'NONE', #6166, #5677, #8710, .T. ) ;
#3674 = ORIENTED_EDGE ( 'NONE', *, *, #3227, .F. ) ;
#3675 = ORIENTED_EDGE ( 'NONE', *, *, #3814, .T. ) ;
#3676 = EDGE_CURVE ( 'NONE', #5027, #3262, #6696, .T. ) ;
#3677 = DIRECTION ( 'NONE',  ( 0.000000000000000000, 0.000000000000000000, 1.000000000000000000 ) ) ;
#3678 = CARTESIAN_POINT ( 'NONE',  ( 968.3375251523922316, -51.43368601339521007, 51.80343155586182036 ) ) ;
#3679 = CARTESIAN_POINT ( 'NONE',  ( 977.7932074315651789, -72.40137861183860934, -9.329543134858287345 ) ) ;
#3680 = CARTESIAN_POINT ( 'NONE',  ( 967.7932074315651789, 16.09113731973758732, -194.2118649119462646 ) ) ;
#3681 = DIRECTION ( 'NONE',  ( 0.000000000000000000, 0.000000000000000000, 1.000000000000000000 ) ) ;
#3682 = CARTESIAN_POINT ( 'NONE',  ( 968.6413363216277048, 121.0677962977516131, -39.98564712949348632 ) ) ;
#3683 = VERTEX_POINT ( 'NONE', #7150 ) ;
#3684 = ADVANCED_FACE ( 'NONE', ( #1056 ), #3570, .F. ) ;
#3685 = CARTESIAN_POINT ( 'NONE',  ( 970.2932074315650652, -179.7340247757209113, -75.31834776957897759 ) ) ;
#3686 = VERTEX_POINT ( 'NONE', #5850 ) ;
#3687 = CARTESIAN_POINT ( 'NONE',  ( 975.4630272440170984, -43.23181964193754823, 58.82184773064306427 ) ) ;
#3688 = CARTESIAN_POINT ( 'NONE',  ( 977.7932074315652926, 71.80719768118935065, -13.14744468377778652 ) ) ;
#3689 = CARTESIAN_POINT ( 'NONE',  ( 967.7932074315650652, 126.9019982679599821, 12.33532281451631540 ) ) ;
#3690 = DIRECTION ( 'NONE',  ( -1.000000000000000000, -0.000000000000000000, -0.000000000000000000 ) ) ;
#3691 = ORIENTED_EDGE ( 'NONE', *, *, #356, .T. ) ;
#3692 = CARTESIAN_POINT ( 'NONE',  ( 970.2932074315650652, -39.39948558418007707, 121.2597647024846879 ) ) ;
#3693 = FACE_OUTER_BOUND ( 'NONE', #8014, .T. ) ;
#3694 = FACE_OUTER_BOUND ( 'NONE', #4483, .T. ) ;
#3695 = CARTESIAN_POINT ( 'NONE',  ( 968.4107331596590029, 74.25571890617511883, -103.6453157961581439 ) ) ;
#3696 = CARTESIAN_POINT ( 'NONE',  ( 967.7932074315651789, 64.05771357844848524, -35.00870364782763744 ) ) ;
#3697 = TOROIDAL_SURFACE ( 'NONE', #6987, 160.1627378425955612, 2.500000000000000000 ) ;
#3698 = CARTESIAN_POINT ( 'NONE',  ( 969.4877991597930986, -103.0744965356948057, 75.04599984214580388 ) ) ;
#3699 = CARTESIAN_POINT ( 'NONE',  ( 967.7932074315651789, 64.05771357844848524, -35.00870364782763744 ) ) ;
#3700 = ORIENTED_EDGE ( 'NONE', *, *, #3478, .F. ) ;
#3701 = CARTESIAN_POINT ( 'NONE',  ( 970.2932074315650652, 52.19908471100801961, -51.03190722805644697 ) ) ;
#3702 = VERTEX_POINT ( 'NONE', #4553 ) ;
#3703 = VERTEX_POINT ( 'NONE', #8556 ) ;
#3704 = TOROIDAL_SURFACE ( 'NONE', #8456, 145.1627378425959591, 2.500000000000000000 ) ;
#3705 = CIRCLE ( 'NONE', #3430, 145.1627378425959591 ) ;
#3706 = ORIENTED_EDGE ( 'NONE', *, *, #3917, .F. ) ;
#3707 = CARTESIAN_POINT ( 'NONE',  ( 0.000000000000000000, 9.246083333562500530E-15, -75.49999999999987210 ) ) ;
#3708 = AXIS2_PLACEMENT_3D ( 'NONE', #8432, #207, #5029 ) ;
#3709 = CARTESIAN_POINT ( 'NONE',  ( 975.2932074315651789, 69.54989139674586340, -22.17684843932606853 ) ) ;
#3710 = EDGE_CURVE ( 'NONE', #3174, #3703, #3049, .T. ) ;
#3711 = CARTESIAN_POINT ( 'NONE',  ( 968.6380338253291029, 109.0332536396311980, -66.09094512805714317 ) ) ;
#3712 = CARTESIAN_POINT ( 'NONE',  ( 976.4798883673449836, -72.02366956123982789, -11.89948896105029874 ) ) ;
#3713 = CARTESIAN_POINT ( 'NONE',  ( 977.7770235444022546, -76.68963753830375651, -101.8576211659216710 ) ) ;
#3714 = B_SPLINE_CURVE_WITH_KNOTS ( 'NONE', 3,
 ( #8476, #7883, #4391, #7030, #5738, #2964, #982, #6450, #5116, #3807, #301, #1699, #7703, #4475, #7159, #5161 ),
 .UNSPECIFIED., .F., .F.,
 ( 4, 2, 2, 2, 2, 2, 2, 4 ),
 ( 0.000000000000000000, 0.0004891407059790137428, 0.0009782814119580274855, 0.001467422117937041120, 0.001956562823916054971, 0.002445703529895068822, 0.002934844235874082240, 0.003913125647832089993 ),
 .UNSPECIFIED. ) ;
#3715 = CARTESIAN_POINT ( 'NONE',  ( 977.7932074315651789, -27.32173838326782445, -124.5382375486189659 ) ) ;
#3716 = CARTESIAN_POINT ( 'NONE',  ( 975.2932074315651789, -43.23181964193760507, 58.82184773064306427 ) ) ;
#3717 = CIRCLE ( 'NONE', #5993, 147.6627378425959307 ) ;
#3718 = EDGE_LOOP ( 'NONE', ( #6688, #6481, #7944, #3667 ) ) ;
#3719 = ORIENTED_EDGE ( 'NONE', *, *, #2384, .T. ) ;
#3720 = DIRECTION ( 'NONE',  ( -1.000000000000000000, -0.000000000000000000, -0.000000000000000000 ) ) ;
#3721 = DIRECTION ( 'NONE',  ( -1.000000000000000000, -0.000000000000000000, -0.000000000000000000 ) ) ;
#3722 = AXIS2_PLACEMENT_3D ( 'NONE', #1146, #5230, #2490 ) ;
#3723 = EDGE_CURVE ( 'NONE', #2927, #7920, #2723, .T. ) ;
#3724 = DIRECTION ( 'NONE',  ( 1.000000000000000000, 0.000000000000000000, 0.000000000000000000 ) ) ;
#3725 = CARTESIAN_POINT ( 'NONE',  ( 970.2932074315650652, 58.82184773064320638, 43.23181964193739901 ) ) ;
#3726 = CARTESIAN_POINT ( 'NONE',  ( 968.2886015245320550, -23.93987483379592973, 68.96305520319803861 ) ) ;
#3727 = DIRECTION ( 'NONE',  ( -1.000000000000000000, -0.000000000000000000, -0.000000000000000000 ) ) ;
#3728 = ORIENTED_EDGE ( 'NONE', *, *, #7160, .T. ) ;
#3729 = AXIS2_PLACEMENT_3D ( 'NONE', #953, #4360, #6462 ) ;
#3730 = ORIENTED_EDGE ( 'NONE', *, *, #7395, .T. ) ;
#3731 = PLANE ( 'NONE',  #1583 ) ;
#3732 = ORIENTED_EDGE ( 'NONE', *, *, #7475, .F. ) ;
#3733 = FACE_OUTER_BOUND ( 'NONE', #2473, .T. ) ;
#3734 = CARTESIAN_POINT ( 'NONE',  ( 977.3428997317971607, 72.03635730563905781, -11.82320168240324065 ) ) ;
#3735 = EDGE_CURVE ( 'NONE', #3683, #4961, #1288, .T. ) ;
#3736 = CARTESIAN_POINT ( 'NONE',  ( 968.1216482860448878, 127.0027174128825749, 11.25070440443428588 ) ) ;
#3737 = CARTESIAN_POINT ( 'NONE',  ( 969.6337287287653908, -123.9920183086727974, 29.70261225730770605 ) ) ;
#3738 = ORIENTED_EDGE ( 'NONE', *, *, #8538, .F. ) ;
#3739 = ORIENTED_EDGE ( 'NONE', *, *, #4664, .F. ) ;
#3740 = DIRECTION ( 'NONE',  ( -1.000000000000000000, -0.000000000000000000, -0.000000000000000000 ) ) ;
#3741 = DIRECTION ( 'NONE',  ( -1.000000000000000000, -0.000000000000000000, -0.000000000000000000 ) ) ;
#3742 = PLANE ( 'NONE',  #8509 ) ;
#3743 = CARTESIAN_POINT ( 'NONE',  ( 986.7932074315651789, 0.000000000000000000, 0.000000000000000000 ) ) ;
#3744 = CARTESIAN_POINT ( 'NONE',  ( 968.3072454628946844, -102.5749331527564863, 75.72748327126291201 ) ) ;
#3745 = CARTESIAN_POINT ( 'NONE',  ( 970.2932074315650652, -16.09113731973614492, 194.2118649119463214 ) ) ;
#3746 = DIRECTION ( 'NONE',  ( -1.000000000000000000, -0.000000000000000000, -0.000000000000000000 ) ) ;
#3747 = B_SPLINE_CURVE_WITH_KNOTS ( 'NONE', 3,
 ( #5944, #6480, #336, #1826, #8686, #6526, #2538, #3091, #2407, #5278, #8640, #8011, #5154, #430, #1106, #1866, #1693, #7325 ),
 .UNSPECIFIED., .F., .F.,
 ( 4, 2, 2, 2, 2, 2, 2, 2, 4 ),
 ( 0.000000000000000000, 0.0005014877766709437091, 0.001002975553341887418, 0.001504463330012831453, 0.002005951106683775704, 0.002507438883354719521, 0.003008926660025663773, 0.003510414436696608458, 0.004011902213367552275 ),
 .UNSPECIFIED. ) ;
#3748 = ORIENTED_EDGE ( 'NONE', *, *, #8540, .T. ) ;
#3749 = EDGE_LOOP ( 'NONE', ( #2975, #5227 ) ) ;
#3750 = ORIENTED_EDGE ( 'NONE', *, *, #482, .F. ) ;
#3751 = CARTESIAN_POINT ( 'NONE',  ( 967.7932074315651789, -127.1728735659488621, 147.6625660138610669 ) ) ;
#3752 = CARTESIAN_POINT ( 'NONE',  ( 975.4630272440170984, 69.54989139674577814, -22.17684843932612537 ) ) ;
#3753 = CARTESIAN_POINT ( 'NONE',  ( 969.1823241134991349, 108.8430172992439395, -66.40370117687723450 ) ) ;
#3754 = CARTESIAN_POINT ( 'NONE',  ( 976.8206886417107171, -75.35810029273046950, -102.8465608314905353 ) ) ;
#3755 = CARTESIAN_POINT ( 'NONE',  ( 968.3072454628944570, 121.5568538697729082, 38.47336625738030591 ) ) ;
#3756 = EDGE_LOOP ( 'NONE', ( #7406, #1116, #4254, #3252 ) ) ;
#3757 = ORIENTED_EDGE ( 'NONE', *, *, #8270, .F. ) ;
#3758 = EDGE_CURVE ( 'NONE', #1144, #3595, #672, .T. ) ;
#3759 = DIRECTION ( 'NONE',  ( -1.000000000000000000, -0.000000000000000000, -0.000000000000000000 ) ) ;
#3760 = CARTESIAN_POINT ( 'NONE',  ( 969.0172219968212630, 0.7656656911203799654, -72.99605163448148915 ) ) ;
#3761 = ADVANCED_FACE ( 'NONE', ( #4020 ), #4275, .F. ) ;
#3762 = CYLINDRICAL_SURFACE ( 'NONE', #2950, 157.6627378425955328 ) ;
#3763 = CARTESIAN_POINT ( 'NONE',  ( 968.4107331596590029, 127.4972383378752170, -0.8470495695528135194 ) ) ;
#3764 = CARTESIAN_POINT ( 'NONE',  ( 968.3072454628943433, 120.9556378555338938, -40.32371888668993165 ) ) ;
#3765 = ORIENTED_EDGE ( 'NONE', *, *, #7395, .F. ) ;
#3766 = EDGE_CURVE ( 'NONE', #4039, #6456, #2704, .T. ) ;
#3767 = EDGE_CURVE ( 'NONE', #5296, #7467, #6019, .T. ) ;
#3768 = ORIENTED_EDGE ( 'NONE', *, *, #4636, .F. ) ;
#3769 = EDGE_CURVE ( 'NONE', #858, #6964, #7706, .T. ) ;
#3770 = CARTESIAN_POINT ( 'NONE',  ( 969.4197070095234494, -32.56044407756844095, -65.33624203887495696 ) ) ;
#3771 = ORIENTED_EDGE ( 'NONE', *, *, #8712, .F. ) ;
#3772 = CARTESIAN_POINT ( 'NONE',  ( 970.2932074315650652, -16.09113731973614492, 194.2118649119463214 ) ) ;
#3773 = AXIS2_PLACEMENT_3D ( 'NONE', #8763, #637, #4676 ) ;
#3774 = CARTESIAN_POINT ( 'NONE',  ( 977.7932074315651789, 45.32865070979842415, -57.22161676175421263 ) ) ;
#3775 = CARTESIAN_POINT ( 'NONE',  ( 977.7932074315651789, 72.40137861183866619, 9.329543134857816611 ) ) ;
#3776 = DIRECTION ( 'NONE',  ( 1.000000000000000000, 0.000000000000000000, 0.000000000000000000 ) ) ;
#3777 = ORIENTED_EDGE ( 'NONE', *, *, #5907, .T. ) ;
#3778 = EDGE_CURVE ( 'NONE', #4017, #7801, #2988, .T. ) ;
#3779 = CIRCLE ( 'NONE', #6782, 7.275000000000000355 ) ;
#3780 = AXIS2_PLACEMENT_3D ( 'NONE', #3902, #3955, #4582 ) ;
#3781 = VERTEX_POINT ( 'NONE', #8098 ) ;
#3782 = EDGE_CURVE ( 'NONE', #8404, #2087, #5275, .T. ) ;
#3783 = CARTESIAN_POINT ( 'NONE',  ( 975.9514122167589676, 74.99647150349734659, 103.1105951957535467 ) ) ;
#3784 = CARTESIAN_POINT ( 'NONE',  ( 975.9622145319366382, -59.34568539449804092, 42.50989208955759580 ) ) ;
#3785 = TOROIDAL_SURFACE ( 'NONE', #2347, 77.74999999999987210, 2.249999999999988010 ) ;
#3786 = CARTESIAN_POINT ( 'NONE',  ( 975.4586042561199974, -82.80205065214600779, 96.95396024814786529 ) ) ;
#3787 = CARTESIAN_POINT ( 'NONE',  ( 969.0416369157514964, 103.3432482601973277, 74.67550635970286521 ) ) ;
#3788 = AXIS2_PLACEMENT_3D ( 'NONE', #1107, #6569, #3220 ) ;
#3789 = CARTESIAN_POINT ( 'NONE',  ( 967.7932074315651789, -101.6602862201763031, 76.95086877762832955 ) ) ;
#3790 = DIRECTION ( 'NONE',  ( 0.000000000000000000, 1.687538997430237941E-14, 1.000000000000000000 ) ) ;
#3791 = CARTESIAN_POINT ( 'NONE',  ( 976.8447230752969972, -23.47499980900003180, 69.12260210739049171 ) ) ;
#3792 = ORIENTED_EDGE ( 'NONE', *, *, #5088, .F. ) ;
#3793 = ORIENTED_EDGE ( 'NONE', *, *, #7728, .F. ) ;
#3794 = CARTESIAN_POINT ( 'NONE',  ( 968.1244542515917146, -38.21299221192364115, 121.6389570002280607 ) ) ;
#3795 = EDGE_CURVE ( 'NONE', #1677, #3686, #2714, .T. ) ;
#3796 = ORIENTED_EDGE ( 'NONE', *, *, #7675, .F. ) ;
#3797 = AXIS2_PLACEMENT_3D ( 'NONE', #144, #4282, #5008 ) ;
#3798 = LINE ( 'NONE', #331, #1269 ) ;
#3799 = CARTESIAN_POINT ( 'NONE',  ( 967.8087372738299337, 68.54506483788794924, 25.11177883904884212 ) ) ;
#3800 = CARTESIAN_POINT ( 'NONE',  ( 969.9623921352653042, 29.76757727979912715, 123.9763741318931238 ) ) ;
#3801 = DIRECTION ( 'NONE',  ( 1.000000000000000000, 0.000000000000000000, 0.000000000000000000 ) ) ;
#3802 = AXIS2_PLACEMENT_3D ( 'NONE', #8756, #1357, #4098 ) ;
#3803 = AXIS2_PLACEMENT_3D ( 'NONE', #3319, #3504, #1444 ) ;
#3804 = ORIENTED_EDGE ( 'NONE', *, *, #2921, .T. ) ;
#3805 = EDGE_LOOP ( 'NONE', ( #7699, #3860, #7084, #2395 ) ) ;
#3806 = DIRECTION ( 'NONE',  ( -1.000000000000000000, -0.000000000000000000, -0.000000000000000000 ) ) ;
#3807 = CARTESIAN_POINT ( 'NONE',  ( 977.1774328682960231, -65.89385070837151659, -109.1524797621785865 ) ) ;
#3808 = CARTESIAN_POINT ( 'NONE',  ( 969.4678067838156039, 0.5433790494566741458, -72.99801030505578581 ) ) ;
#3809 = FACE_OUTER_BOUND ( 'NONE', #4595, .T. ) ;
#3810 = CARTESIAN_POINT ( 'NONE',  ( 967.7932074315651789, -51.09798870964434059, 116.8128655150150905 ) ) ;
#3811 = CARTESIAN_POINT ( 'NONE',  ( 969.0416369157516101, 121.1573909598983647, -39.71328275070126068 ) ) ;
#3812 = ORIENTED_EDGE ( 'NONE', *, *, #2296, .F. ) ;
#3813 = EDGE_LOOP ( 'NONE', ( #1859, #7254, #8475, #7421 ) ) ;
#3814 = EDGE_CURVE ( 'NONE', #4158, #8389, #1120, .T. ) ;
#3815 = DIRECTION ( 'NONE',  ( -1.000000000000000000, -0.000000000000000000, -0.000000000000000000 ) ) ;
#3816 = ORIENTED_EDGE ( 'NONE', *, *, #434, .F. ) ;
#3817 = FACE_OUTER_BOUND ( 'NONE', #5660, .T. ) ;
#3818 = EDGE_CURVE ( 'NONE', #4206, #5059, #8694, .T. ) ;
#3819 = CARTESIAN_POINT ( 'NONE',  ( 975.9411352989149009, -117.7652408367463863, -48.86306447945228371 ) ) ;
#3820 = CARTESIAN_POINT ( 'NONE',  ( 0.000000000000000000, 3.796405077356784860E-15, -30.99999999999991473 ) ) ;
#3821 = CARTESIAN_POINT ( 'NONE',  ( 977.7932074315648379, -70.26003236747064307, 19.81304114140749562 ) ) ;
#3822 = ORIENTED_EDGE ( 'NONE', *, *, #2878, .T. ) ;
#3823 = EDGE_CURVE ( 'NONE', #72, #6670, #6340, .T. ) ;
#3824 = DIRECTION ( 'NONE',  ( -1.000000000000000000, -0.000000000000000000, -0.000000000000000000 ) ) ;
#3825 = CARTESIAN_POINT ( 'NONE',  ( 970.2932074315650652, 194.2118649119463498, 16.09113731973548056 ) ) ;
#3826 = CARTESIAN_POINT ( 'NONE',  ( 977.1774328682955684, -83.44785745390184672, 96.39874732465789009 ) ) ;
#3827 = CARTESIAN_POINT ( 'NONE',  ( 968.4107331596588892, 103.6453157961589540, 74.25571890617401039 ) ) ;
#3828 = FACE_OUTER_BOUND ( 'NONE', #1913, .T. ) ;
#3829 = CARTESIAN_POINT ( 'NONE',  ( 968.0467338867613307, -102.3258723053493213, 76.06371305861073040 ) ) ;
#3830 = DIRECTION ( 'NONE',  ( -1.000000000000000000, -0.000000000000000000, -0.000000000000000000 ) ) ;
#3831 = EDGE_LOOP ( 'NONE', ( #3793, #6266, #7079, #7070 ) ) ;
#3832 = ADVANCED_FACE ( 'NONE', ( #1349 ), #1979, .F. ) ;
#3833 = CARTESIAN_POINT ( 'NONE',  ( 977.4756012051087737, -24.21152856484389915, 68.86815042300571577 ) ) ;
#3834 = VERTEX_POINT ( 'NONE', #4665 ) ;
#3835 = VERTEX_POINT ( 'NONE', #5429 ) ;
#3836 = DIRECTION ( 'NONE',  ( 0.000000000000000000, 0.000000000000000000, -1.000000000000000000 ) ) ;
#3837 = ORIENTED_EDGE ( 'NONE', *, *, #5035, .T. ) ;
#3838 = CARTESIAN_POINT ( 'NONE',  ( 977.7932074315651789, 0.000000000000000000, 0.000000000000000000 ) ) ;
#3839 = CARTESIAN_POINT ( 'NONE',  ( 969.0172219968214904, 69.18676686022530475, 23.28521182216892527 ) ) ;
#3840 = CARTESIAN_POINT ( 'NONE',  ( 969.0366317484429146, 29.44314781828300198, 124.0538572045513206 ) ) ;
#3841 = CARTESIAN_POINT ( 'NONE',  ( 970.2932074315650652, -96.95396024814752423, -82.80205065214637727 ) ) ;
#3842 = CARTESIAN_POINT ( 'NONE',  ( 958.7932074315651789, -33.59192716851524807, -38.96032122852795965 ) ) ;
#3843 = EDGE_CURVE ( 'NONE', #8676, #2854, #8437, .T. ) ;
#3844 = ORIENTED_EDGE ( 'NONE', *, *, #176, .T. ) ;
#3845 = AXIS2_PLACEMENT_3D ( 'NONE', #2502, #433, #3184 ) ;
#3846 = AXIS2_PLACEMENT_3D ( 'NONE', #5436, #1353, #4096 ) ;
#3847 = ORIENTED_EDGE ( 'NONE', *, *, #4311, .T. ) ;
#3848 = AXIS2_PLACEMENT_3D ( 'NONE', #3745, #1011, #1761 ) ;
#3849 = CARTESIAN_POINT ( 'NONE',  ( 977.2998916257679412, 58.18806575294568972, 44.08139360391027850 ) ) ;
#3850 = AXIS2_PLACEMENT_3D ( 'NONE', #733, #173, #8488 ) ;
#3851 = AXIS2_PLACEMENT_3D ( 'NONE', #8278, #2088, #4103 ) ;
#3852 = DIRECTION ( 'NONE',  ( -1.000000000000000000, -0.000000000000000000, -0.000000000000000000 ) ) ;
#3853 = CARTESIAN_POINT ( 'NONE',  ( 969.4197070095234494, 32.56044407756888148, 65.33624203887474380 ) ) ;
#3854 = CARTESIAN_POINT ( 'NONE',  ( 1001.793207431565179, -33.59192716851524807, -46.23532122852795823 ) ) ;
#3855 = EDGE_LOOP ( 'NONE', ( #4850, #4089, #1194, #1156 ) ) ;
#3856 = B_SPLINE_CURVE_WITH_KNOTS ( 'NONE', 3,
 ( #2787, #2117, #4709, #4036, #4854, #7568, #8846, #4178, #2023, #4758, #754, #77, #2832, #7473, #5475, #2745 ),
 .UNSPECIFIED., .F., .F.,
 ( 4, 2, 2, 2, 2, 2, 2, 4 ),
 ( 0.000000000000000000, 0.0004881883398703352941, 0.0009763766797406705882, 0.001464565019611005882, 0.001952753359481341176, 0.002440941699351676687, 0.002929130039222011764, 0.003905506718962802049 ),
 .UNSPECIFIED. ) ;
#3857 = TOROIDAL_SURFACE ( 'NONE', #4006, 160.1627378425955612, 2.500000000000000000 ) ;
#3858 = VECTOR ( 'NONE', #3602, 1000.000000000000000 ) ;
#3859 = CARTESIAN_POINT ( 'NONE',  ( 977.7932074315647242, -126.9182108726650000, -12.17074976471334402 ) ) ;
#3860 = ORIENTED_EDGE ( 'NONE', *, *, #3190, .T. ) ;
#3861 = CARTESIAN_POINT ( 'NONE',  ( 976.5476831198559466, -0.3314861558806402320, -127.4996018484888225 ) ) ;
#3862 = CIRCLE ( 'NONE', #2428, 157.6627378425955328 ) ;
#3863 = CIRCLE ( 'NONE', #2138, 7.275000000000003908 ) ;
#3864 = CARTESIAN_POINT ( 'NONE',  ( 977.7272465782217523, -117.0759383478865914, -50.49322266658040803 ) ) ;
#3865 = CARTESIAN_POINT ( 'NONE',  ( 0.000000000000000000, 0.000000000000000000, 0.000000000000000000 ) ) ;
#3866 = EDGE_LOOP ( 'NONE', ( #4978, #1670 ) ) ;
#3867 = EDGE_LOOP ( 'NONE', ( #8771, #316, #3622, #1491 ) ) ;
#3868 = EDGE_CURVE ( 'NONE', #7872, #5893, #5564, .T. ) ;
#3869 = CARTESIAN_POINT ( 'NONE',  ( 975.2932074315651789, 189.6788945569598468, -44.71118576450859905 ) ) ;
#3870 = LINE ( 'NONE', #364, #3382 ) ;
#3871 = DIRECTION ( 'NONE',  ( 0.000000000000000000, 0.000000000000000000, 1.000000000000000000 ) ) ;
#3872 = DIRECTION ( 'NONE',  ( -1.000000000000000000, -0.000000000000000000, -0.000000000000000000 ) ) ;
#3873 = DIRECTION ( 'NONE',  ( -1.000000000000000000, -0.000000000000000000, -0.000000000000000000 ) ) ;
#3874 = ORIENTED_EDGE ( 'NONE', *, *, #132, .F. ) ;
#3875 = CARTESIAN_POINT ( 'NONE',  ( 977.7932074315648379, -25.26872385754228745, 68.48737359660100310 ) ) ;
#3876 = ORIENTED_EDGE ( 'NONE', *, *, #2521, .T. ) ;
#3877 = ORIENTED_EDGE ( 'NONE', *, *, #8173, .T. ) ;
#3878 = DIRECTION ( 'NONE',  ( -1.000000000000000000, -0.000000000000000000, -0.000000000000000000 ) ) ;
#3879 = ADVANCED_FACE ( 'NONE', ( #619 ), #6288, .F. ) ;
#3880 = ORIENTED_EDGE ( 'NONE', *, *, #8542, .F. ) ;
#3881 = CARTESIAN_POINT ( 'NONE',  ( 976.9464254848238625, 102.7853727023386057, -75.44156980205599439 ) ) ;
#3882 = DIRECTION ( 'NONE',  ( -1.000000000000000000, -0.000000000000000000, -0.000000000000000000 ) ) ;
#3883 = CARTESIAN_POINT ( 'NONE',  ( 967.9202297398430801, 109.5897926941425453, -65.16402668716952462 ) ) ;
#3884 = CARTESIAN_POINT ( 'NONE',  ( 977.2823495132339531, -102.5724077351667205, 75.73090269223581572 ) ) ;
#3885 = CARTESIAN_POINT ( 'NONE',  ( 975.2932074315651789, -101.1368664649716322, -166.5788324321706853 ) ) ;
#3886 = VERTEX_POINT ( 'NONE', #8171 ) ;
#3887 = CARTESIAN_POINT ( 'NONE',  ( 977.4635654086102932, 38.21021667024075441, -121.6398281533783745 ) ) ;
#3888 = ORIENTED_EDGE ( 'NONE', *, *, #8768, .F. ) ;
#3889 = CARTESIAN_POINT ( 'NONE',  ( 975.2932074315651789, -44.71118576450651716, -189.6788945569603584 ) ) ;
#3890 = LINE ( 'NONE', #6757, #2416 ) ;
#3891 = EDGE_CURVE ( 'NONE', #1447, #5357, #1572, .T. ) ;
#3892 = CARTESIAN_POINT ( 'NONE',  ( 975.6324830688729435, 58.81089070547859166, 43.24673900812431526 ) ) ;
#3893 = CARTESIAN_POINT ( 'NONE',  ( 977.1774328682959094, -124.1724968412871846, 28.93880487529646928 ) ) ;
#3894 = FACE_BOUND ( 'NONE', #8531, .T. ) ;
#3895 = CARTESIAN_POINT ( 'NONE',  ( 976.4022747810961391, -39.15825343368240397, 121.3378963181859405 ) ) ;
#3896 = CARTESIAN_POINT ( 'NONE',  ( 977.7932074315651789, 127.1728735659488621, -147.6625660138610669 ) ) ;
#3897 = ORIENTED_EDGE ( 'NONE', *, *, #1450, .F. ) ;
#3898 = DIRECTION ( 'NONE',  ( -1.000000000000000000, -0.000000000000000000, -0.000000000000000000 ) ) ;
#3899 = CARTESIAN_POINT ( 'NONE',  ( 967.8724445145011259, -11.85480852598837131, 126.9477810806509410 ) ) ;
#3900 = CARTESIAN_POINT ( 'NONE',  ( 975.4586042561197701, -117.7959364952304639, -48.78900844669439607 ) ) ;
#3901 = CARTESIAN_POINT ( 'NONE',  ( 969.1823241134991349, 66.40370117687834295, 108.8430172992433000 ) ) ;
#3902 = CARTESIAN_POINT ( 'NONE',  ( 1001.793207431565179, -54.35287990626783738, 17.66032122852886488 ) ) ;
#3903 = ORIENTED_EDGE ( 'NONE', *, *, #1098, .F. ) ;
#3904 = AXIS2_PLACEMENT_3D ( 'NONE', #5797, #230, #5095 ) ;
#3905 = CARTESIAN_POINT ( 'NONE',  ( 967.7932074315651789, -95.30549004550492498, -84.69423573765868696 ) ) ;
#3906 = CARTESIAN_POINT ( 'NONE',  ( 968.7444331958880639, 42.12503675661092473, 59.61955280299096671 ) ) ;
#3907 = CARTESIAN_POINT ( 'NONE',  ( 969.0366317484429146, 10.33265250115093536, -127.0806623096799939 ) ) ;
#3908 = DIRECTION ( 'NONE',  ( 1.000000000000000000, 0.000000000000000000, 0.000000000000000000 ) ) ;
#3909 = DIRECTION ( 'NONE',  ( 1.000000000000000000, 0.000000000000000000, 0.000000000000000000 ) ) ;
#3910 = DIRECTION ( 'NONE',  ( 1.000000000000000000, 0.000000000000000000, 0.000000000000000000 ) ) ;
#3911 = EDGE_LOOP ( 'NONE', ( #6210, #4443, #7746, #3700 ) ) ;
#3912 = CARTESIAN_POINT ( 'NONE',  ( 1001.793207431565179, -37.92267161132591013, -24.55243370120933122 ) ) ;
#3913 = AXIS2_PLACEMENT_3D ( 'NONE', #8020, #1921, #3186 ) ;
#3914 = VERTEX_POINT ( 'NONE', #6406 ) ;
#3915 = VERTEX_POINT ( 'NONE', #2326 ) ;
#3916 = CARTESIAN_POINT ( 'NONE',  ( 958.7932074315651789, 33.59192716851458727, -46.23532122852844140 ) ) ;
#3917 = EDGE_CURVE ( 'NONE', #1767, #6505, #3051, .T. ) ;
#3918 = CARTESIAN_POINT ( 'NONE',  ( 975.6324830688729435, 42.56850352975907015, 59.30365762451298650 ) ) ;
#3919 = CARTESIAN_POINT ( 'NONE',  ( 969.1618290769855548, 69.21353801937522121, 23.20540721747680024 ) ) ;
#3920 = AXIS2_PLACEMENT_3D ( 'NONE', #6445, #295, #6318 ) ;
#3921 = CIRCLE ( 'NONE', #631, 147.6627378425959876 ) ;
#3922 = DIRECTION ( 'NONE',  ( -1.000000000000000000, -0.000000000000000000, -0.000000000000000000 ) ) ;
#3923 = DIRECTION ( 'NONE',  ( -1.000000000000000000, -0.000000000000000000, -0.000000000000000000 ) ) ;
#3924 = FACE_OUTER_BOUND ( 'NONE', #389, .T. ) ;
#3925 = EDGE_CURVE ( 'NONE', #4761, #72, #695, .T. ) ;
#3926 = DIRECTION ( 'NONE',  ( 0.000000000000000000, 0.000000000000000000, 1.000000000000000000 ) ) ;
#3927 = ORIENTED_EDGE ( 'NONE', *, *, #3735, .F. ) ;
#3928 = AXIS2_PLACEMENT_3D ( 'NONE', #8281, #5086, #2476 ) ;
#3929 = CARTESIAN_POINT ( 'NONE',  ( 977.2455835626557246, -11.16632018087612899, 72.14106337098620259 ) ) ;
#3930 = AXIS2_PLACEMENT_3D ( 'NONE', #5854, #8559, #972 ) ;
#3931 = ORIENTED_EDGE ( 'NONE', *, *, #4723, .T. ) ;
#3932 = CARTESIAN_POINT ( 'NONE',  ( 977.2823495132338394, 40.32775134624256452, 120.9542926998699244 ) ) ;
#3933 = CARTESIAN_POINT ( 'NONE',  ( 968.3375251523922316, -51.80343155586161430, -51.43368601339539481 ) ) ;
#3934 = DIRECTION ( 'NONE',  ( 0.000000000000000000, 0.000000000000000000, -1.000000000000000000 ) ) ;
#3935 = CIRCLE ( 'NONE', #6377, 147.6627378425959591 ) ;
#3936 = CIRCLE ( 'NONE', #5664, 127.4999999999997868 ) ;
#3937 = CARTESIAN_POINT ( 'NONE',  ( 975.9411352989150146, -123.9950698664246005, 29.68962223539529077 ) ) ;
#3938 = CARTESIAN_POINT ( 'NONE',  ( 976.8184840389476449, -108.9776314668911112, 66.18258190946178843 ) ) ;
#3939 = CARTESIAN_POINT ( 'NONE',  ( 968.9537006561655517, 32.80057639413816162, 65.21606846135219371 ) ) ;
#3940 = EDGE_CURVE ( 'NONE', #3834, #3344, #5601, .T. ) ;
#3941 = DIRECTION ( 'NONE',  ( 0.000000000000000000, 0.000000000000000000, 1.000000000000000000 ) ) ;
#3942 = DIRECTION ( 'NONE',  ( -1.000000000000000000, -0.000000000000000000, -0.000000000000000000 ) ) ;
#3943 = ORIENTED_EDGE ( 'NONE', *, *, #4533, .F. ) ;
#3944 = EDGE_CURVE ( 'NONE', #720, #5122, #7283, .T. ) ;
#3945 = ORIENTED_EDGE ( 'NONE', *, *, #4223, .F. ) ;
#3946 = CIRCLE ( 'NONE', #496, 147.6627378425959591 ) ;
#3947 = DIRECTION ( 'NONE',  ( 1.000000000000000000, 0.000000000000000000, 0.000000000000000000 ) ) ;
#3948 = DIRECTION ( 'NONE',  ( -1.000000000000000000, -0.000000000000000000, -0.000000000000000000 ) ) ;
#3949 = DIRECTION ( 'NONE',  ( -1.000000000000000000, -0.000000000000000000, -0.000000000000000000 ) ) ;
#3950 = CARTESIAN_POINT ( 'NONE',  ( 977.7932074315652926, -71.80719768118935065, 13.14744468377778652 ) ) ;
#3951 = CYLINDRICAL_SURFACE ( 'NONE', #8714, 147.6627378425959591 ) ;
#3952 = CARTESIAN_POINT ( 'NONE',  ( 969.9658196246413127, -0.01637939031102214962, -127.5000028925001629 ) ) ;
#3953 = FACE_OUTER_BOUND ( 'NONE', #8044, .T. ) ;
#3954 = ADVANCED_FACE ( 'NONE', ( #893 ), #7113, .F. ) ;
#3955 = DIRECTION ( 'NONE',  ( -1.000000000000000000, -0.000000000000000000, -0.000000000000000000 ) ) ;
#3956 = DIRECTION ( 'NONE',  ( 1.000000000000000000, 0.000000000000000000, 0.000000000000000000 ) ) ;
#3957 = ORIENTED_EDGE ( 'NONE', *, *, #6965, .F. ) ;
#3958 = CARTESIAN_POINT ( 'NONE',  ( 968.0784268819821818, 32.49352276405054596, -65.36968526754543518 ) ) ;
#3959 = CARTESIAN_POINT ( 'NONE',  ( 967.7932074315651789, 40.55473948611680868, 60.69877924065124830 ) ) ;
#3960 = DIRECTION ( 'NONE',  ( -1.000000000000000000, -0.000000000000000000, -0.000000000000000000 ) ) ;
#3961 = CARTESIAN_POINT ( 'NONE',  ( 969.9623921352656453, -29.76757727979828871, -123.9763741318933512 ) ) ;
#3962 = CARTESIAN_POINT ( 'NONE',  ( 967.7932074315651789, 72.94382172400277398, 2.868373823094991337 ) ) ;
#3963 = EDGE_LOOP ( 'NONE', ( #6416, #5055, #3978, #2026 ) ) ;
#3964 = CARTESIAN_POINT ( 'NONE',  ( 977.7932074315651789, -2.335103207102936285, -127.4787219178843998 ) ) ;
#3965 = ORIENTED_EDGE ( 'NONE', *, *, #3024, .T. ) ;
#3966 = VERTEX_POINT ( 'NONE', #5737 ) ;
#3967 = B_SPLINE_CURVE_WITH_KNOTS ( 'NONE', 3,
 ( #5364, #4116, #8731, #8100, #554, #3971, #1380, #510, #1958, #4691, #4642, #8146, #7412, #3400, #2588, #5322 ),
 .UNSPECIFIED., .F., .F.,
 ( 4, 2, 2, 2, 2, 2, 2, 4 ),
 ( 0.000000000000000000, 0.001060870709216715736, 0.001591306063825022972, 0.002121741418433330424, 0.002652176773041637660, 0.003182612127649945329, 0.003713047482258252999, 0.004243482836866560234 ),
 .UNSPECIFIED. ) ;
#3968 = CARTESIAN_POINT ( 'NONE',  ( 977.7770235444022546, 120.5707556359638915, -41.46044356624162219 ) ) ;
#3969 = CARTESIAN_POINT ( 'NONE',  ( 977.7776520252658656, 40.69353771796473040, 60.60580014732136078 ) ) ;
#3970 = CARTESIAN_POINT ( 'NONE',  ( 1038.865541267632807, 75.31834776957963129, -32.07128693312471768 ) ) ;
#3971 = CARTESIAN_POINT ( 'NONE',  ( 968.2424519787781492, 11.01412355763114093, -72.16449165519739495 ) ) ;
#3972 = DIRECTION ( 'NONE',  ( 0.000000000000000000, 0.000000000000000000, 1.000000000000000000 ) ) ;
#3973 = DIRECTION ( 'NONE',  ( 0.000000000000000000, 0.000000000000000000, -1.000000000000000000 ) ) ;
#3974 = B_SPLINE_CURVE_WITH_KNOTS ( 'NONE', 3,
 ( #8832, #3310, #8776, #1152, #5943, #555, #6031, #463, #4692, #7413, #4023, #7242, #5277, #7286, #2674, #5409, #8147, #8685 ),
 .UNSPECIFIED., .F., .F.,
 ( 4, 2, 2, 2, 2, 2, 2, 2, 4 ),
 ( 0.000000000000000000, 0.0005014719534716481760, 0.001002943906943296352, 0.001504415860414944420, 0.002005887813886592704, 0.002507359767358240989, 0.003008831720829888839, 0.003510303674301537124, 0.004011775627773185408 ),
 .UNSPECIFIED. ) ;
#3975 = FACE_OUTER_BOUND ( 'NONE', #2618, .T. ) ;
#3976 = ORIENTED_EDGE ( 'NONE', *, *, #5058, .T. ) ;
#3977 = DIRECTION ( 'NONE',  ( 0.000000000000000000, 0.000000000000000000, -1.000000000000000000 ) ) ;
#3978 = ORIENTED_EDGE ( 'NONE', *, *, #2095, .F. ) ;
#3979 = DIRECTION ( 'NONE',  ( -1.000000000000000000, -0.000000000000000000, -0.000000000000000000 ) ) ;
#3980 = FACE_OUTER_BOUND ( 'NONE', #7020, .T. ) ;
#3981 = EDGE_CURVE ( 'NONE', #6038, #3835, #2857, .T. ) ;
#3982 = CARTESIAN_POINT ( 'NONE',  ( 977.0249106011896174, -51.63616026887659416, 51.60161512361195690 ) ) ;
#3983 = CARTESIAN_POINT ( 'NONE',  ( 977.7932074315651789, 0.000000000000000000, 0.000000000000000000 ) ) ;
#3984 = FACE_BOUND ( 'NONE', #3749, .T. ) ;
#3985 = DIRECTION ( 'NONE',  ( 0.000000000000000000, 0.000000000000000000, -1.000000000000000000 ) ) ;
#3986 = VECTOR ( 'NONE', #3979, 1000.000000000000000 ) ;
#3987 = VERTEX_POINT ( 'NONE', #1575 ) ;
#3988 = EDGE_LOOP ( 'NONE', ( #1965, #2110, #6414, #3300 ) ) ;
#3989 = DIRECTION ( 'NONE',  ( 0.000000000000000000, 2.631524135987626891E-15, 1.000000000000000000 ) ) ;
#3990 = CARTESIAN_POINT ( 'NONE',  ( 977.2455835626556109, -33.36971034320142593, -64.92674458410282057 ) ) ;
#3991 = ADVANCED_FACE ( 'NONE', ( #5773, #6984 ), #941, .T. ) ;
#3992 = VECTOR ( 'NONE', #8439, 1000.000000000000000 ) ;
#3993 = AXIS2_PLACEMENT_3D ( 'NONE', #6530, #1576, #8519 ) ;
#3994 = AXIS2_PLACEMENT_3D ( 'NONE', #7000, #4954, #2893 ) ;
#3995 = CARTESIAN_POINT ( 'NONE',  ( 970.2932074315650652, -127.1072257456103642, -10.00015816147054082 ) ) ;
#3996 = CARTESIAN_POINT ( 'NONE',  ( 976.8206886417103760, 127.4989955185367165, -0.5142920948791276370 ) ) ;
#3997 = DIRECTION ( 'NONE',  ( 1.000000000000000000, 0.000000000000000000, 0.000000000000000000 ) ) ;
#3998 = EDGE_CURVE ( 'NONE', #964, #6044, #1277, .T. ) ;
#3999 = CARTESIAN_POINT ( 'NONE',  ( 970.2932074315650652, 29.76757727979914137, 123.9763741318932517 ) ) ;
#4000 = CARTESIAN_POINT ( 'NONE',  ( 967.7932074315651789, 194.2118649119463498, 16.09113731973548056 ) ) ;
#4001 = AXIS2_PLACEMENT_3D ( 'NONE', #4845, #2180, #8201 ) ;
#4002 = DIRECTION ( 'NONE',  ( 1.000000000000000000, -0.000000000000000000, -0.000000000000000000 ) ) ;
#4003 = AXIS2_PLACEMENT_3D ( 'NONE', #8406, #2253, #5041 ) ;
#4004 = CARTESIAN_POINT ( 'NONE',  ( 967.7932074315651789, -13.14679809264781873, -71.80731935807534683 ) ) ;
#4005 = VERTEX_POINT ( 'NONE', #5604 ) ;
#4006 = AXIS2_PLACEMENT_3D ( 'NONE', #16, #3487, #6747 ) ;
#4007 = EDGE_CURVE ( 'NONE', #3127, #6079, #7132, .T. ) ;
#4008 = CARTESIAN_POINT ( 'NONE',  ( 968.5562076621534970, 33.15775373479793586, -65.03524386938116209 ) ) ;
#4009 = CARTESIAN_POINT ( 'NONE',  ( 977.1970314762214684, -1.324380282074944182, 72.98809003458876532 ) ) ;
#4010 = CARTESIAN_POINT ( 'NONE',  ( 976.5476831198557193, 74.67420770619648351, -103.3441873452325268 ) ) ;
#4011 = CARTESIAN_POINT ( 'NONE',  ( 977.5498501895685877, 24.35289204294782195, -68.81832207822054670 ) ) ;
#4012 = CARTESIAN_POINT ( 'NONE',  ( 968.1244542515916010, -127.4939866898147329, 1.245789640826803213 ) ) ;
#4013 = CARTESIAN_POINT ( 'NONE',  ( 968.0369480910057973, -69.98927584223704912, 20.74911282426996451 ) ) ;
#4014 = FACE_OUTER_BOUND ( 'NONE', #5169, .T. ) ;
#4015 = ORIENTED_EDGE ( 'NONE', *, *, #8241, .F. ) ;
#4016 = CARTESIAN_POINT ( 'NONE',  ( 967.7932074315651789, -64.05771357844824365, 35.00870364782805666 ) ) ;
#4017 = VERTEX_POINT ( 'NONE', #2920 ) ;
#4018 = ORIENTED_EDGE ( 'NONE', *, *, #2637, .T. ) ;
#4019 = CARTESIAN_POINT ( 'NONE',  ( 976.4259520426955987, -72.99684435977064823, -0.6822592053135554391 ) ) ;
#4020 = FACE_OUTER_BOUND ( 'NONE', #4334, .T. ) ;
#4021 = CARTESIAN_POINT ( 'NONE',  ( 970.2932074315650652, 127.1728735659488621, -147.6625660138610669 ) ) ;
#4022 = CARTESIAN_POINT ( 'NONE',  ( 969.0172219968214904, -0.7656656911198396198, 72.99605163448147493 ) ) ;
#4023 = CARTESIAN_POINT ( 'NONE',  ( 968.2886015245320550, 69.86378901243801920, -21.16770121772089652 ) ) ;
#4024 = DIRECTION ( 'NONE',  ( -1.000000000000000000, -0.000000000000000000, -0.000000000000000000 ) ) ;
#4025 = CARTESIAN_POINT ( 'NONE',  ( 970.2932074315650652, -75.31834776957833810, 34.57128693312525058 ) ) ;
#4026 = CARTESIAN_POINT ( 'NONE',  ( 977.7932074315651789, 127.1728735659488621, -2.499828171265122911 ) ) ;
#4027 = CARTESIAN_POINT ( 'NONE',  ( 975.4630272440168710, 43.23181964193799587, -58.82184773064271610 ) ) ;
#4028 = ORIENTED_EDGE ( 'NONE', *, *, #7553, .F. ) ;
#4029 = CARTESIAN_POINT ( 'NONE',  ( 977.7932074315651789, 70.30567120120387870, -19.64974801233319113 ) ) ;
#4030 = ORIENTED_EDGE ( 'NONE', *, *, #1593, .T. ) ;
#4031 = ORIENTED_EDGE ( 'NONE', *, *, #2763, .T. ) ;
#4032 = DIRECTION ( 'NONE',  ( 1.000000000000000000, 0.000000000000000000, 0.000000000000000000 ) ) ;
#4033 = DIRECTION ( 'NONE',  ( 0.000000000000000000, 0.000000000000000000, 1.000000000000000000 ) ) ;
#4034 = CARTESIAN_POINT ( 'NONE',  ( 967.7932074315651789, -45.32865070979789124, 57.22161676175448264 ) ) ;
#4035 = DIRECTION ( 'NONE',  ( -1.000000000000000000, -0.000000000000000000, -0.000000000000000000 ) ) ;
#4036 = CARTESIAN_POINT ( 'NONE',  ( 969.6464772890308268, -75.00717523820318888, -103.1027384149298030 ) ) ;
#4037 = FACE_BOUND ( 'NONE', #1574, .T. ) ;
#4038 = ADVANCED_FACE ( 'NONE', ( #7029 ), #8445, .F. ) ;
#4039 = VERTEX_POINT ( 'NONE', #5686 ) ;
#4040 = EDGE_LOOP ( 'NONE', ( #2747, #2272, #3321, #5871, #3706, #2356, #7657, #4947 ) ) ;
#4041 = CARTESIAN_POINT ( 'NONE',  ( 976.4259520426954850, -69.21329480833254877, -23.20613250592748145 ) ) ;
#4042 = CARTESIAN_POINT ( 'NONE',  ( 976.5466784714077448, -127.0808025627092377, -10.33092098284912375 ) ) ;
#4043 = EDGE_CURVE ( 'NONE', #8400, #8620, #5433, .T. ) ;
#4044 = CARTESIAN_POINT ( 'NONE',  ( 975.2932074315651789, -72.22574908703222718, 10.60382802656725865 ) ) ;
#4045 = CARTESIAN_POINT ( 'NONE',  ( 967.8087372738299337, -57.43026415369548943, -45.06431081608060651 ) ) ;
#4046 = CARTESIAN_POINT ( 'NONE',  ( 977.5758751313187531, -71.95706184334515854, 12.29676709041710225 ) ) ;
#4047 = CARTESIAN_POINT ( 'NONE',  ( 970.2932074315650652, -147.6625660138615217, -127.1728735659483362 ) ) ;
#4048 = EDGE_CURVE ( 'NONE', #8042, #7812, #2997, .T. ) ;
#4049 = CARTESIAN_POINT ( 'NONE',  ( 1036.782757869134684, 127.1728735659488621, 0.0001718287348795310976 ) ) ;
#4050 = EDGE_CURVE ( 'NONE', #5645, #8620, #7994, .T. ) ;
#4051 = CARTESIAN_POINT ( 'NONE',  ( 967.7932074315651789, 0.000000000000000000, 127.4999999999997868 ) ) ;
#4052 = CARTESIAN_POINT ( 'NONE',  ( 968.9537006561657790, -11.04232845700364152, -72.16010240840236634 ) ) ;
#4053 = EDGE_LOOP ( 'NONE', ( #8505, #4355, #4467, #4753 ) ) ;
#4054 = DIRECTION ( 'NONE',  ( 1.000000000000000000, 0.000000000000000000, 0.000000000000000000 ) ) ;
#4055 = CARTESIAN_POINT ( 'NONE',  ( 976.8206886417106034, 121.4176755063817978, 38.91023553284755820 ) ) ;
#4056 = CARTESIAN_POINT ( 'NONE',  ( 969.9321275244390108, -72.22241058011880455, 10.62663217947620709 ) ) ;
#4057 = CARTESIAN_POINT ( 'NONE',  ( 969.6337287287652771, -29.70261225730729038, -123.9920183086728827 ) ) ;
#4058 = EDGE_CURVE ( 'NONE', #6535, #3914, #6705, .T. ) ;
#4059 = CARTESIAN_POINT ( 'NONE',  ( 977.3428997317971607, 64.85707677790891523, -33.50499162382988061 ) ) ;
#4060 = CARTESIAN_POINT ( 'NONE',  ( 967.8087372738299337, -72.95019699419836456, -2.701130985201102064 ) ) ;
#4061 = EDGE_LOOP ( 'NONE', ( #2375, #6494, #3061, #5522 ) ) ;
#4062 = EDGE_CURVE ( 'NONE', #5677, #4648, #844, .T. ) ;
#4063 = VERTEX_POINT ( 'NONE', #7948 ) ;
#4064 = CARTESIAN_POINT ( 'NONE',  ( 968.0784268819821818, -10.70283289752147837, 72.21131588306329263 ) ) ;
#4065 = CARTESIAN_POINT ( 'NONE',  ( 975.9622145319366382, 42.50989208955781606, 59.34568539449788460 ) ) ;
#4066 = CARTESIAN_POINT ( 'NONE',  ( 975.6212234913447219, 82.81444849333229286, -96.94337594908277822 ) ) ;
#4067 = DIRECTION ( 'NONE',  ( 0.000000000000000000, 0.000000000000000000, 1.000000000000000000 ) ) ;
#4068 = CARTESIAN_POINT ( 'NONE',  ( 977.7932074315651789, -194.2118649119462646, -16.09113731973690875 ) ) ;
#4069 = AXIS2_PLACEMENT_3D ( 'NONE', #5097, #232, #7772 ) ;
#4070 = CARTESIAN_POINT ( 'NONE',  ( 967.7932074315651789, 166.5788324321696336, -101.1368664649733233 ) ) ;
#4071 = B_SPLINE_CURVE_WITH_KNOTS ( 'NONE', 3,
 ( #7138, #8670, #1365, #8184, #6108, #6683, #4587, #4628, #7449, #3338, #4055, #7309, #1174, #8813, #4733, #7352 ),
 .UNSPECIFIED., .F., .F.,
 ( 4, 2, 2, 2, 2, 2, 2, 4 ),
 ( 0.000000000000000000, 0.0004881885400330892330, 0.0009763770800661784660, 0.001464565620099267645, 0.001952754160132356932, 0.002440942700165446219, 0.002929131240198535290, 0.003905508320265019175 ),
 .UNSPECIFIED. ) ;
#4072 = CARTESIAN_POINT ( 'NONE',  ( 976.1207935749461058, 43.34743265907447807, -58.73674187401627478 ) ) ;
#4073 = VERTEX_POINT ( 'NONE', #1135 ) ;
#4074 = CARTESIAN_POINT ( 'NONE',  ( 976.9464254848242035, 38.81167114991283995, -121.4492382780072006 ) ) ;
#4075 = EDGE_CURVE ( 'NONE', #2087, #8404, #1129, .T. ) ;
#4076 = ORIENTED_EDGE ( 'NONE', *, *, #4314, .T. ) ;
#4077 = CIRCLE ( 'NONE', #7364, 72.99999999999974420 ) ;
#4078 = ORIENTED_EDGE ( 'NONE', *, *, #2846, .F. ) ;
#4079 = AXIS2_PLACEMENT_3D ( 'NONE', #715, #3462, #2785 ) ;
#4080 = CARTESIAN_POINT ( 'NONE',  ( 976.1000973941278289, -48.90772203543567542, 117.7467141899429777 ) ) ;
#4081 = B_SPLINE_CURVE_WITH_KNOTS ( 'NONE', 3,
 ( #5818, #2371, #6486, #385, #343, #4477, #4566, #3849, #5866, #5164, #7162, #1028, #6531, #1070, #7294, #3892, #3143, #5289 ),
 .UNSPECIFIED., .F., .F.,
 ( 4, 2, 2, 2, 2, 2, 2, 2, 4 ),
 ( 0.000000000000000000, 0.0005014877766709456607, 0.001002975553341891321, 0.001504463330012837090, 0.002005951106683782643, 0.002507438883354728195, 0.003008926660025674181, 0.003510414436696619733, 0.004011902213367565286 ),
 .UNSPECIFIED. ) ;
#4082 = CARTESIAN_POINT ( 'NONE',  ( 975.4734716392106293, -52.19908471100762171, 51.03190722805681645 ) ) ;
#4083 = DIRECTION ( 'NONE',  ( 0.000000000000000000, 0.000000000000000000, 1.000000000000000000 ) ) ;
#4084 = CARTESIAN_POINT ( 'NONE',  ( 967.7932074315651789, 0.000000000000000000, 0.000000000000000000 ) ) ;
#4085 = CARTESIAN_POINT ( 'NONE',  ( 977.7932074315651789, 60.79256065741315496, -40.41366809279655570 ) ) ;
#4086 = VECTOR ( 'NONE', #6032, 1000.000000000000000 ) ;
#4087 = CIRCLE ( 'NONE', #7791, 160.1627378425955612 ) ;
#4088 = ORIENTED_EDGE ( 'NONE', *, *, #5745, .F. ) ;
#4089 = ORIENTED_EDGE ( 'NONE', *, *, #5641, .T. ) ;
#4090 = CARTESIAN_POINT ( 'NONE',  ( 967.9202297398430801, -95.83978056138172974, -84.08929479296087095 ) ) ;
#4091 = CARTESIAN_POINT ( 'NONE',  ( 968.2424519787780355, 72.16449165519750863, 11.01412355763042861 ) ) ;
#4092 = AXIS2_PLACEMENT_3D ( 'NONE', #1227, #8867, #8765 ) ;
#4093 = CIRCLE ( 'NONE', #4229, 145.1627378425959591 ) ;
#4094 = DIRECTION ( 'NONE',  ( -1.000000000000000000, -0.000000000000000000, -0.000000000000000000 ) ) ;
#4095 = CARTESIAN_POINT ( 'NONE',  ( 967.8093088641627446, 84.44881552982936057, -95.52315510962547762 ) ) ;
#4096 = DIRECTION ( 'NONE',  ( 0.000000000000000000, 0.000000000000000000, 1.000000000000000000 ) ) ;
#4097 = DIRECTION ( 'NONE',  ( -1.000000000000000000, -0.000000000000000000, -0.000000000000000000 ) ) ;
#4098 = DIRECTION ( 'NONE',  ( 0.000000000000000000, 0.000000000000000000, 1.000000000000000000 ) ) ;
#4099 = VECTOR ( 'NONE', #8781, 1000.000000000000000 ) ;
#4100 = CARTESIAN_POINT ( 'NONE',  ( 976.4030299189487323, 96.78840587692293695, 82.99553280163695490 ) ) ;
#4101 = AXIS2_PLACEMENT_3D ( 'NONE', #3367, #6715, #8117 ) ;
#4102 = VERTEX_POINT ( 'NONE', #4732 ) ;
#4103 = DIRECTION ( 'NONE',  ( 0.000000000000000000, 0.000000000000000000, 1.000000000000000000 ) ) ;
#4104 = CARTESIAN_POINT ( 'NONE',  ( 969.1618290769855548, 42.35513236261683545, 59.45626570710297187 ) ) ;
#4105 = FACE_OUTER_BOUND ( 'NONE', #4053, .T. ) ;
#4106 = CARTESIAN_POINT ( 'NONE',  ( 968.2424519787782629, -72.03606139125626839, 11.82500033111978688 ) ) ;
#4107 = CARTESIAN_POINT ( 'NONE',  ( 1001.793207431565179, 0.000000000000000000, 49.87500000000000000 ) ) ;
#4108 = CARTESIAN_POINT ( 'NONE',  ( 977.7272465782219797, 117.0759383478869751, 50.49322266657964775 ) ) ;
#4109 = CARTESIAN_POINT ( 'NONE',  ( 967.7932074315651789, -72.93677279940563096, -3.037626311422181313 ) ) ;
#4110 = ORIENTED_EDGE ( 'NONE', *, *, #8092, .F. ) ;
#4111 = ORIENTED_EDGE ( 'NONE', *, *, #650, .F. ) ;
#4112 = DIRECTION ( 'NONE',  ( 1.000000000000000000, 0.000000000000000000, 0.000000000000000000 ) ) ;
#4113 = CARTESIAN_POINT ( 'NONE',  ( 977.5498501895685877, 41.36092129213412250, 60.15229833001436788 ) ) ;
#4114 = CARTESIAN_POINT ( 'NONE',  ( 975.2932074315651789, -127.4999999998575078, 0.0001905234625065865828 ) ) ;
#4115 = EDGE_CURVE ( 'NONE', #1504, #3209, #536, .T. ) ;
#4116 = CARTESIAN_POINT ( 'NONE',  ( 967.7932074315652926, 9.686334007725042383, -72.35540302542901259 ) ) ;
#4117 = CARTESIAN_POINT ( 'NONE',  ( 977.5498501895685877, -41.36092129213369617, -60.15229833001466631 ) ) ;
#4118 = CARTESIAN_POINT ( 'NONE',  ( 967.8459545321661608, -65.66867492449877375, -31.88636628499772030 ) ) ;
#4119 = EDGE_CURVE ( 'NONE', #7245, #2952, #1424, .T. ) ;
#4120 = DIRECTION ( 'NONE',  ( -1.000000000000000000, -0.000000000000000000, -0.000000000000000000 ) ) ;
#4121 = CARTESIAN_POINT ( 'NONE',  ( 970.2932074315650652, -48.78900844669404790, 117.7959364952305918 ) ) ;
#4122 = CARTESIAN_POINT ( 'NONE',  ( 968.0784268819821818, -72.21131588306326421, -10.70283289752167555 ) ) ;
#4123 = ORIENTED_EDGE ( 'NONE', *, *, #5550, .T. ) ;
#4124 = ORIENTED_EDGE ( 'NONE', *, *, #7871, .F. ) ;
#4125 = ORIENTED_EDGE ( 'NONE', *, *, #8031, .T. ) ;
#4126 = CARTESIAN_POINT ( 'NONE',  ( 975.2932074315651789, -16.09113731973614492, 194.2118649119463214 ) ) ;
#4127 = CARTESIAN_POINT ( 'NONE',  ( 977.1768636741707041, 0.8483964734645917938, 127.4972294568825504 ) ) ;
#4128 = CARTESIAN_POINT ( 'NONE',  ( 977.7932074315651789, -50.10422153953680890, 53.09017784785616811 ) ) ;
#4129 = EDGE_CURVE ( 'NONE', #7737, #6095, #6424, .T. ) ;
#4130 = CARTESIAN_POINT ( 'NONE',  ( 970.2932074315650652, -10.60382802656750911, -72.22574908703218455 ) ) ;
#4131 = DIRECTION ( 'NONE',  ( 0.000000000000000000, 0.000000000000000000, 1.000000000000000000 ) ) ;
#4132 = DIRECTION ( 'NONE',  ( -1.000000000000000000, -0.000000000000000000, -0.000000000000000000 ) ) ;
#4133 = CARTESIAN_POINT ( 'NONE',  ( 977.1970314762214684, -58.27015402672024180, -43.97276907054051520 ) ) ;
#4134 = VERTEX_POINT ( 'NONE', #7397 ) ;
#4135 = ORIENTED_EDGE ( 'NONE', *, *, #7623, .T. ) ;
#4136 = CARTESIAN_POINT ( 'NONE',  ( 977.7167836271273700, -68.65736274678350526, -24.80309585832091557 ) ) ;
#4137 = CARTESIAN_POINT ( 'NONE',  ( 975.2932074315651789, -103.1497787695724213, -74.94246553048698445 ) ) ;
#4138 = DIRECTION ( 'NONE',  ( -1.000000000000000000, -0.000000000000000000, -0.000000000000000000 ) ) ;
#4139 = CARTESIAN_POINT ( 'NONE',  ( 968.7637114205683702, 83.19475746858341836, -96.61723847492250172 ) ) ;
#4140 = CARTESIAN_POINT ( 'NONE',  ( 1043.814912118905113, 189.6788945569598468, -44.71118576450859905 ) ) ;
#4141 = TOROIDAL_SURFACE ( 'NONE', #110, 160.1627378425955612, 2.500000000000000000 ) ;
#4142 = DIRECTION ( 'NONE',  ( -1.000000000000000000, -0.000000000000000000, -0.000000000000000000 ) ) ;
#4143 = CARTESIAN_POINT ( 'NONE',  ( 967.7932074315651789, 0.000000000000000000, 0.000000000000000000 ) ) ;
#4144 = CARTESIAN_POINT ( 'NONE',  ( 976.9020747459413769, 33.27776939493831065, -64.97386769550283248 ) ) ;
#4145 = CIRCLE ( 'NONE', #394, 157.6627378425955328 ) ;
#4146 = B_SPLINE_CURVE_WITH_KNOTS ( 'NONE', 3,
 ( #3529, #7450, #4735, #3390, #2044, #4106, #1413, #7589, #1996, #7629, #5450, #53, #1321, #4056, #6961, #1499 ),
 .UNSPECIFIED., .F., .F.,
 ( 4, 2, 2, 2, 2, 2, 2, 4 ),
 ( 1.734723475976807094E-18, 0.001060870709216563948, 0.001591306063824896120, 0.002121741418433228943, 0.002652176773041560898, 0.003182612127649893288, 0.003713047482258226110, 0.004243482836866558500 ),
 .UNSPECIFIED. ) ;
#4147 = AXIS2_PLACEMENT_3D ( 'NONE', #8348, #6323, #162 ) ;
#4148 = EDGE_LOOP ( 'NONE', ( #3880, #2070, #618, #6346 ) ) ;
#4149 = CARTESIAN_POINT ( 'NONE',  ( 976.9692569047347206, -43.77524209731549121, 58.41869092465356772 ) ) ;
#4150 = CIRCLE ( 'NONE', #1124, 147.6627378425959591 ) ;
#4151 = CARTESIAN_POINT ( 'NONE',  ( 975.2932074315651789, -103.1495547958083847, 74.94277380392647103 ) ) ;
#4152 = CARTESIAN_POINT ( 'NONE',  ( 967.7932074315651789, -104.5993812805922403, -72.90555147392572621 ) ) ;
#4153 = AXIS2_PLACEMENT_3D ( 'NONE', #2788, #1304, #8166 ) ;
#4154 = CARTESIAN_POINT ( 'NONE',  ( 967.8595308706301239, -73.44476691734448082, 104.2219101806829400 ) ) ;
#4155 = FACE_OUTER_BOUND ( 'NONE', #7100, .T. ) ;
#4156 = CARTESIAN_POINT ( 'NONE',  ( 967.7932074315651789, -19.81289493174879368, -70.26007323164131435 ) ) ;
#4157 = EDGE_CURVE ( 'NONE', #3914, #2444, #3197, .T. ) ;
#4158 = VERTEX_POINT ( 'NONE', #634 ) ;
#4159 = TOROIDAL_SURFACE ( 'NONE', #7867, 145.1627378425959591, 2.500000000000000000 ) ;
#4160 = VECTOR ( 'NONE', #7444, 1000.000000000000000 ) ;
#4161 = CARTESIAN_POINT ( 'NONE',  ( 977.5402670494211179, -73.81186573284270480, 103.9619227099465490 ) ) ;
#4162 = CARTESIAN_POINT ( 'NONE',  ( 977.7932074315651789, 84.69423573765912749, -95.30549004550471182 ) ) ;
#4163 = EDGE_CURVE ( 'NONE', #6598, #4204, #4868, .T. ) ;
#4164 = CARTESIAN_POINT ( 'NONE',  ( 975.2932074315651789, 12.23414415701362756, -71.96753237915942236 ) ) ;
#4165 = CARTESIAN_POINT ( 'NONE',  ( 977.7776520252658656, -40.69353771796431118, -60.60580014732163789 ) ) ;
#4166 = CARTESIAN_POINT ( 'NONE',  ( 977.7932074315648379, 60.69869519524669244, -40.55486591204148539 ) ) ;
#4167 = CARTESIAN_POINT ( 'NONE',  ( 969.0172219968214904, 21.82882913248285917, 69.65997428135699465 ) ) ;
#4168 = CARTESIAN_POINT ( 'NONE',  ( 970.2932074315650652, -39.39984798134282329, -121.2596469525086746 ) ) ;
#4169 = CARTESIAN_POINT ( 'NONE',  ( 968.6380338253292166, -49.36247229011175364, 117.5568362817406438 ) ) ;
#4170 = AXIS2_PLACEMENT_3D ( 'NONE', #1226, #3960, #7401 ) ;
#4171 = CARTESIAN_POINT ( 'NONE',  ( 968.3024195543162023, 117.4166276819749442, 49.69511166749625630 ) ) ;
#4172 = EDGE_CURVE ( 'NONE', #8891, #3559, #6997, .T. ) ;
#4173 = ORIENTED_EDGE ( 'NONE', *, *, #581, .F. ) ;
#4174 = ORIENTED_EDGE ( 'NONE', *, *, #1150, .T. ) ;
#4175 = ORIENTED_EDGE ( 'NONE', *, *, #8339, .T. ) ;
#4176 = CARTESIAN_POINT ( 'NONE',  ( 977.7136058903374760, 1.853507130730091212, 127.4866267757256111 ) ) ;
#4177 = CARTESIAN_POINT ( 'NONE',  ( 968.0369480910057973, -60.15192837963594030, 41.36145461811246804 ) ) ;
#4178 = CARTESIAN_POINT ( 'NONE',  ( 968.7699766253855387, -75.35553489764723167, -102.8484398099274415 ) ) ;
#4179 = CARTESIAN_POINT ( 'NONE',  ( 967.7932074315651789, 71.74079029596694568, -13.50033361476883265 ) ) ;
#4180 = ORIENTED_EDGE ( 'NONE', *, *, #8660, .F. ) ;
#4181 = ORIENTED_EDGE ( 'NONE', *, *, #8276, .F. ) ;
#4182 = ADVANCED_FACE ( 'NONE', ( #8621 ), #3146, .F. ) ;
#4183 = CARTESIAN_POINT ( 'NONE',  ( 967.8093088641627446, -95.52315510962579026, -84.44881552982900530 ) ) ;
#4184 = CARTESIAN_POINT ( 'NONE',  ( 967.7932074315651789, -57.22161676175429079, -45.32865070979813282 ) ) ;
#4185 = LINE ( 'NONE', #2800, #2582 ) ;
#4186 = CARTESIAN_POINT ( 'NONE',  ( 970.2932074315650652, -39.39948558418007707, 121.2597647024846879 ) ) ;
#4187 = CARTESIAN_POINT ( 'NONE',  ( 977.7406944467917356, 31.88667358031409904, -65.66853864670989083 ) ) ;
#4188 = ORIENTED_EDGE ( 'NONE', *, *, #4894, .T. ) ;
#4189 = CARTESIAN_POINT ( 'NONE',  ( 977.3428997317968197, -64.85707677790867365, 33.50499162383034957 ) ) ;
#4190 = DIRECTION ( 'NONE',  ( 0.000000000000000000, 0.000000000000000000, -1.000000000000000000 ) ) ;
#4191 = CARTESIAN_POINT ( 'NONE',  ( 977.7932074315651789, -12.49991452610840703, 126.8857838248239602 ) ) ;
#4192 = DIRECTION ( 'NONE',  ( -1.000000000000000000, -0.000000000000000000, -0.000000000000000000 ) ) ;
#4193 = CARTESIAN_POINT ( 'NONE',  ( 976.9692569047347206, 72.99215546751690908, 1.077269805863033447 ) ) ;
#4194 = ORIENTED_EDGE ( 'NONE', *, *, #6712, .F. ) ;
#4195 = CARTESIAN_POINT ( 'NONE',  ( 977.7932074315651789, -25.42765660742784917, 68.42831489562423997 ) ) ;
#4196 = CARTESIAN_POINT ( 'NONE',  ( 977.2807874479374277, -109.2177201768468251, 65.78570054226885588 ) ) ;
#4197 = CARTESIAN_POINT ( 'NONE',  ( 975.2932074315651789, 75.31834776957963129, -179.7340247757206839 ) ) ;
#4198 = DIRECTION ( 'NONE',  ( -1.000000000000000000, -0.000000000000000000, -0.000000000000000000 ) ) ;
#4199 = CARTESIAN_POINT ( 'NONE',  ( 969.9321275244388971, -64.67533521067402091, -33.85414179783741417 ) ) ;
#4200 = CARTESIAN_POINT ( 'NONE',  ( 975.2932074315651789, -166.5788324321703158, 101.1368664649722291 ) ) ;
#4201 = LINE ( 'NONE', #2608, #6935 ) ;
#4202 = CARTESIAN_POINT ( 'NONE',  ( 968.3908861589637809, 58.27122728242436267, 43.97134514123085580 ) ) ;
#4203 = CARTESIAN_POINT ( 'NONE',  ( 977.7932074315651789, -127.4787219178843998, 2.335103207102491751 ) ) ;
#4204 = VERTEX_POINT ( 'NONE', #2522 ) ;
#4205 = ORIENTED_EDGE ( 'NONE', *, *, #7678, .T. ) ;
#4206 = VERTEX_POINT ( 'NONE', #3905 ) ;
#4207 = CARTESIAN_POINT ( 'NONE',  ( 977.7932074315651789, 53.09017784785636707, 50.10422153953662416 ) ) ;
#4208 = CARTESIAN_POINT ( 'NONE',  ( 977.7932074315651789, 57.22161676175469580, 45.32865070979782729 ) ) ;
#4209 = VECTOR ( 'NONE', #4407, 1000.000000000000000 ) ;
#4210 = ADVANCED_FACE ( 'NONE', ( #8035 ), #4423, .F. ) ;
#4211 = CARTESIAN_POINT ( 'NONE',  ( 967.7932074315651789, -65.97481553911622143, -31.24617919969659852 ) ) ;
#4212 = CARTESIAN_POINT ( 'NONE',  ( 970.2932074315650652, 72.99890046992466353, 0.4006621794154086591 ) ) ;
#4213 = CYLINDRICAL_SURFACE ( 'NONE', #1678, 147.6627378425959876 ) ;
#4214 = ORIENTED_EDGE ( 'NONE', *, *, #2910, .T. ) ;
#4215 = AXIS2_PLACEMENT_3D ( 'NONE', #410, #365, #8623 ) ;
#4216 = ORIENTED_EDGE ( 'NONE', *, *, #6685, .T. ) ;
#4217 = CARTESIAN_POINT ( 'NONE',  ( 969.1618290769858959, 23.20540721747746815, -69.21353801937496542 ) ) ;
#4218 = CARTESIAN_POINT ( 'NONE',  ( 977.7932074315647242, -104.5049916804825898, -73.04097454625974706 ) ) ;
#4219 = EDGE_CURVE ( 'NONE', #669, #2768, #832, .T. ) ;
#4220 = DIRECTION ( 'NONE',  ( 1.000000000000000000, 0.000000000000000000, 0.000000000000000000 ) ) ;
#4221 = AXIS2_PLACEMENT_3D ( 'NONE', #2068, #1254, #7652 ) ;
#4222 = VECTOR ( 'NONE', #7244, 1000.000000000000000 ) ;
#4223 = EDGE_CURVE ( 'NONE', #5468, #5844, #2648, .T. ) ;
#4224 = CARTESIAN_POINT ( 'NONE',  ( 969.4678067838158313, -23.07440992562344562, 69.25732001653480552 ) ) ;
#4225 = CARTESIAN_POINT ( 'NONE',  ( 969.4678067838158313, 43.34675678940362786, -58.73724070067227387 ) ) ;
#4226 = ORIENTED_EDGE ( 'NONE', *, *, #3606, .T. ) ;
#4227 = CARTESIAN_POINT ( 'NONE',  ( 977.7167836271273700, -20.28965922136135802, -70.12386720783088379 ) ) ;
#4228 = TOROIDAL_SURFACE ( 'NONE', #1071, 160.1627378425955612, 2.500000000000000000 ) ;
#4229 = AXIS2_PLACEMENT_3D ( 'NONE', #1907, #598, #8050 ) ;
#4230 = EDGE_LOOP ( 'NONE', ( #1845, #3031, #6882, #1872 ) ) ;
#4231 = DIRECTION ( 'NONE',  ( -1.000000000000000000, -0.000000000000000000, -0.000000000000000000 ) ) ;
#4232 = AXIS2_PLACEMENT_3D ( 'NONE', #2229, #189, #830 ) ;
#4233 = DIRECTION ( 'NONE',  ( -1.000000000000000000, -0.000000000000000000, -0.000000000000000000 ) ) ;
#4234 = EDGE_CURVE ( 'NONE', #4826, #5176, #6859, .T. ) ;
#4235 = CARTESIAN_POINT ( 'NONE',  ( 969.4877991597929849, -74.83918228303203080, 103.2247582879292480 ) ) ;
#4236 = CARTESIAN_POINT ( 'NONE',  ( 970.2932074315650652, 65.41400624788208518, -32.40382364169381901 ) ) ;
#4237 = CARTESIAN_POINT ( 'NONE',  ( 977.4632779943993910, 117.3111782159182326, 49.94353073280019117 ) ) ;
#4238 = ORIENTED_EDGE ( 'NONE', *, *, #2384, .F. ) ;
#4239 = LINE ( 'NONE', #8414, #6506 ) ;
#4240 = CARTESIAN_POINT ( 'NONE',  ( 975.6324830688729435, -42.56850352975864382, -59.30365762451329203 ) ) ;
#4241 = CARTESIAN_POINT ( 'NONE',  ( 967.7932074315649515, 73.17639806922613843, -104.4106017662828947 ) ) ;
#4242 = CARTESIAN_POINT ( 'NONE',  ( 977.7932074315651789, 0.000000000000000000, 0.000000000000000000 ) ) ;
#4243 = DIRECTION ( 'NONE',  ( -1.000000000000000000, -0.000000000000000000, -0.000000000000000000 ) ) ;
#4244 = ORIENTED_EDGE ( 'NONE', *, *, #5958, .T. ) ;
#4245 = ORIENTED_EDGE ( 'NONE', *, *, #7718, .T. ) ;
#4246 = ORIENTED_EDGE ( 'NONE', *, *, #1318, .F. ) ;
#4247 = DIRECTION ( 'NONE',  ( 0.000000000000000000, 0.000000000000000000, 1.000000000000000000 ) ) ;
#4248 = CARTESIAN_POINT ( 'NONE',  ( 968.3908861589637809, -41.83133750529851369, -59.82603384018538861 ) ) ;
#4249 = CARTESIAN_POINT ( 'NONE',  ( 967.7932074315651789, -35.00870364782781508, -64.05771357844837155 ) ) ;
#4250 = B_SPLINE_CURVE_WITH_KNOTS ( 'NONE', 3,
 ( #7430, #6759, #8743, #613, #2689, #31, #8261, #3938, #2596, #1464, #4196, #2772, #5501, #6920, #6256, #143 ),
 .UNSPECIFIED., .F., .F.,
 ( 4, 2, 2, 2, 2, 2, 2, 4 ),
 ( 0.000000000000000000, 0.0004891407059790141764, 0.0009782814119580283529, 0.001467422117937042421, 0.001956562823916056706, 0.002445703529895070991, 0.002934844235874084842, 0.003913125647832113412 ),
 .UNSPECIFIED. ) ;
#4251 = CARTESIAN_POINT ( 'NONE',  ( 970.2932074315650652, 75.31834776957963129, -179.7340247757206839 ) ) ;
#4252 = CARTESIAN_POINT ( 'NONE',  ( 968.9537006561657790, 72.16010240840239476, -11.04232845700338750 ) ) ;
#4253 = EDGE_LOOP ( 'NONE', ( #2591, #4835, #3651, #809 ) ) ;
#4254 = ORIENTED_EDGE ( 'NONE', *, *, #318, .F. ) ;
#4255 = EDGE_CURVE ( 'NONE', #8737, #7691, #6563, .T. ) ;
#4256 = CARTESIAN_POINT ( 'NONE',  ( 967.7932074315651789, 25.26886616299804089, -68.48732071652833042 ) ) ;
#4257 = CIRCLE ( 'NONE', #2837, 72.99999999999987210 ) ;
#4258 = DIRECTION ( 'NONE',  ( 0.000000000000000000, 0.000000000000000000, -1.000000000000000000 ) ) ;
#4259 = FACE_OUTER_BOUND ( 'NONE', #6803, .T. ) ;
#4260 = CARTESIAN_POINT ( 'NONE',  ( 975.2932074315651789, 75.31834776957963129, -179.7340247757206839 ) ) ;
#4261 = CARTESIAN_POINT ( 'NONE',  ( 970.2932074315650652, 75.31834776957963129, -179.7340247757206839 ) ) ;
#4262 = CARTESIAN_POINT ( 'NONE',  ( 967.8595308706300102, -1.842037185916861386, -127.4870473744650923 ) ) ;
#4263 = ORIENTED_EDGE ( 'NONE', *, *, #5907, .F. ) ;
#4264 = CARTESIAN_POINT ( 'NONE',  ( 977.2807874479374277, 96.31605080130003671, 83.54332501466809902 ) ) ;
#4265 = EDGE_LOOP ( 'NONE', ( #2014, #8033 ) ) ;
#4266 = EDGE_CURVE ( 'NONE', #8045, #6763, #7715, .T. ) ;
#4267 = CARTESIAN_POINT ( 'NONE',  ( 976.8206886417106034, 121.0998255116005424, -39.88847722907713944 ) ) ;
#4268 = ORIENTED_EDGE ( 'NONE', *, *, #405, .F. ) ;
#4269 = CARTESIAN_POINT ( 'NONE',  ( 969.9658196246413127, -121.2546470685993825, 39.41524540252627418 ) ) ;
#4270 = DIRECTION ( 'NONE',  ( 1.000000000000000000, 0.000000000000000000, 0.000000000000000000 ) ) ;
#4271 = CARTESIAN_POINT ( 'NONE',  ( 975.6498138585349125, 71.97127650669054333, 12.21217558841354034 ) ) ;
#4272 = CARTESIAN_POINT ( 'NONE',  ( 1007.993207431565224, -54.35287990626783738, 24.93532122852886701 ) ) ;
#4273 = EDGE_LOOP ( 'NONE', ( #6823, #6599, #1305, #7465, #1584, #5642, #757, #4508 ) ) ;
#4274 = TOROIDAL_SURFACE ( 'NONE', #5706, 160.1627378425955612, 2.500000000000000000 ) ;
#4275 = TOROIDAL_SURFACE ( 'NONE', #249, 160.1627378425955612, 2.500000000000000000 ) ;
#4276 = ORIENTED_EDGE ( 'NONE', *, *, #4419, .T. ) ;
#4277 = EDGE_CURVE ( 'NONE', #7643, #5888, #5150, .T. ) ;
#4278 = LINE ( 'NONE', #8411, #5162 ) ;
#4279 = CIRCLE ( 'NONE', #7279, 147.6627378425959591 ) ;
#4280 = TOROIDAL_SURFACE ( 'NONE', #3845, 160.1627378425955612, 2.500000000000000000 ) ;
#4281 = AXIS2_PLACEMENT_3D ( 'NONE', #2660, #8669, #3387 ) ;
#4282 = DIRECTION ( 'NONE',  ( -1.000000000000000000, -0.000000000000000000, -0.000000000000000000 ) ) ;
#4283 = DIRECTION ( 'NONE',  ( 1.000000000000000000, 0.000000000000000000, 0.000000000000000000 ) ) ;
#4284 = CARTESIAN_POINT ( 'NONE',  ( 968.2886015245320550, 21.16770121772162128, 69.86378901243779183 ) ) ;
#4285 = CARTESIAN_POINT ( 'NONE',  ( 977.7932074315651789, 27.64481318338982163, 124.4673599985515153 ) ) ;
#4286 = CARTESIAN_POINT ( 'NONE',  ( 967.7932074315651789, 70.30567120120375080, -19.64974801233319468 ) ) ;
#4287 = CARTESIAN_POINT ( 'NONE',  ( 968.5562076621532697, 51.63189334414739307, -51.60588307146744569 ) ) ;
#4288 = TOROIDAL_SURFACE ( 'NONE', #6151, 145.1627378425959591, 2.500000000000000000 ) ;
#4289 = VERTEX_POINT ( 'NONE', #6 ) ;
#4290 = CIRCLE ( 'NONE', #7003, 157.6627378425955328 ) ;
#4291 = ORIENTED_EDGE ( 'NONE', *, *, #4048, .F. ) ;
#4292 = VERTEX_POINT ( 'NONE', #4870 ) ;
#4293 = CARTESIAN_POINT ( 'NONE',  ( 975.6498138585349125, -64.67498171265738449, -33.85481671892758015 ) ) ;
#4294 = CARTESIAN_POINT ( 'NONE',  ( 977.6709658558772844, 70.07833894943777864, -20.44630075600176511 ) ) ;
#4295 = AXIS2_PLACEMENT_3D ( 'NONE', #1033, #2472, #2377 ) ;
#4296 = CARTESIAN_POINT ( 'NONE',  ( 968.3908861589637809, -59.82603384018521808, 41.83133750529874106 ) ) ;
#4297 = AXIS2_PLACEMENT_3D ( 'NONE', #6679, #8757, #5878 ) ;
#4298 = CARTESIAN_POINT ( 'NONE',  ( 975.4586042561199974, -29.76757727979827450, -123.9763741318934933 ) ) ;
#4299 = CARTESIAN_POINT ( 'NONE',  ( 968.4077548216921514, -117.4669181108017142, -49.57606858872764377 ) ) ;
#4300 = ORIENTED_EDGE ( 'NONE', *, *, #6070, .T. ) ;
#4301 = ORIENTED_EDGE ( 'NONE', *, *, #4549, .T. ) ;
#4302 = CARTESIAN_POINT ( 'NONE',  ( 970.1235730824608936, 22.93895319245785558, -69.30226855186062096 ) ) ;
#4303 = CARTESIAN_POINT ( 'NONE',  ( 968.9537006561656654, -51.88823134623761035, 51.34807537875973793 ) ) ;
#4304 = CYLINDRICAL_SURFACE ( 'NONE', #2500, 157.6627378425955328 ) ;
#4305 = DIRECTION ( 'NONE',  ( 0.000000000000000000, 0.000000000000000000, 1.000000000000000000 ) ) ;
#4306 = CARTESIAN_POINT ( 'NONE',  ( 968.3375251523920042, 33.37410808616841251, 64.92448295781900924 ) ) ;
#4307 = CARTESIAN_POINT ( 'NONE',  ( 976.1000973941278289, 66.51185507582518142, 108.7769603895787895 ) ) ;
#4308 = LINE ( 'NONE', #4823, #351 ) ;
#4309 = VERTEX_POINT ( 'NONE', #8183 ) ;
#4310 = VERTEX_POINT ( 'NONE', #866 ) ;
#4311 = EDGE_CURVE ( 'NONE', #8785, #2961, #603, .T. ) ;
#4312 = CARTESIAN_POINT ( 'NONE',  ( 967.7932074315650652, -9.686334007724585859, 72.35540302542905522 ) ) ;
#4313 = ORIENTED_EDGE ( 'NONE', *, *, #3216, .F. ) ;
#4314 = EDGE_CURVE ( 'NONE', #7350, #5945, #5707, .T. ) ;
#4315 = DIRECTION ( 'NONE',  ( 0.000000000000000000, 0.000000000000000000, -1.000000000000000000 ) ) ;
#4316 = CARTESIAN_POINT ( 'NONE',  ( 975.4734716392106293, 72.22574908703222718, -10.60382802656725865 ) ) ;
#4317 = DIRECTION ( 'NONE',  ( 1.000000000000000000, 0.000000000000000000, 0.000000000000000000 ) ) ;
#4318 = PLANE ( 'NONE',  #636 ) ;
#4319 = ORIENTED_EDGE ( 'NONE', *, *, #4687, .F. ) ;
#4320 = ORIENTED_EDGE ( 'NONE', *, *, #7604, .F. ) ;
#4321 = DIRECTION ( 'NONE',  ( 0.000000000000000000, 0.000000000000000000, 1.000000000000000000 ) ) ;
#4322 = CARTESIAN_POINT ( 'NONE',  ( 969.6300527781542087, -58.76908873359334251, -43.30352716470024177 ) ) ;
#4323 = EDGE_CURVE ( 'NONE', #7780, #3250, #7680, .T. ) ;
#4324 = CARTESIAN_POINT ( 'NONE',  ( 977.4635654086100658, 75.94928632326467266, 102.4108117249195828 ) ) ;
#4325 = CARTESIAN_POINT ( 'NONE',  ( 969.1008202615154232, -65.26120865863026665, 32.71057453952216321 ) ) ;
#4326 = CARTESIAN_POINT ( 'NONE',  ( 970.2932074315650652, 117.7959364952307624, 48.78900844669363579 ) ) ;
#4327 = CARTESIAN_POINT ( 'NONE',  ( 968.7699766253858797, 103.4492882495313779, 74.52853796843317014 ) ) ;
#4328 = DIRECTION ( 'NONE',  ( 0.000000000000000000, 0.000000000000000000, -1.000000000000000000 ) ) ;
#4329 = CARTESIAN_POINT ( 'NONE',  ( 970.2932074315650652, -194.2118649119462646, -16.09113731973690875 ) ) ;
#4330 = CARTESIAN_POINT ( 'NONE',  ( 969.1851730895938317, 75.14730300404862362, 103.0006639765590251 ) ) ;
#4331 = EDGE_CURVE ( 'NONE', #6774, #5076, #7447, .T. ) ;
#4332 = CARTESIAN_POINT ( 'NONE',  ( 976.8206886417104897, -127.4989955185366881, 0.5142920948791775970 ) ) ;
#4333 = ORIENTED_EDGE ( 'NONE', *, *, #5754, .T. ) ;
#4334 = EDGE_LOOP ( 'NONE', ( #1145, #328, #7683, #3290 ) ) ;
#4335 = ORIENTED_EDGE ( 'NONE', *, *, #5306, .F. ) ;
#4336 = CARTESIAN_POINT ( 'NONE',  ( 975.2932074315651789, 69.30226855186081991, 22.93895319245719122 ) ) ;
#4337 = CARTESIAN_POINT ( 'NONE',  ( 977.2823495132338394, -40.32775134624171187, -120.9542926998701660 ) ) ;
#4338 = CARTESIAN_POINT ( 'NONE',  ( 970.2932074315650652, -59.29285437106575074, 42.58353461763795167 ) ) ;
#4339 = CARTESIAN_POINT ( 'NONE',  ( 975.9411352989147872, -29.68962223539484313, -123.9950698664246858 ) ) ;
#4340 = CARTESIAN_POINT ( 'NONE',  ( 969.6337287287652771, -117.7704074179729616, -48.85076167032480754 ) ) ;
#4341 = ADVANCED_FACE ( 'NONE', ( #8450 ), #1673, .T. ) ;
#4342 = VERTEX_POINT ( 'NONE', #357 ) ;
#4343 = ORIENTED_EDGE ( 'NONE', *, *, #272, .T. ) ;
#4344 = VECTOR ( 'NONE', #5757, 1000.000000000000000 ) ;
#4345 = CARTESIAN_POINT ( 'NONE',  ( 970.2932074315650652, 147.6625660138624028, 127.1728735659473131 ) ) ;
#4346 = DIRECTION ( 'NONE',  ( 0.000000000000000000, 0.000000000000000000, 1.000000000000000000 ) ) ;
#4347 = DIRECTION ( 'NONE',  ( 0.000000000000000000, 0.000000000000000000, 1.000000000000000000 ) ) ;
#4348 = CARTESIAN_POINT ( 'NONE',  ( 977.1768636741708178, -121.5192398128147460, -38.59193764340901822 ) ) ;
#4349 = CIRCLE ( 'NONE', #2210, 35.13333333333272179 ) ;
#4350 = CARTESIAN_POINT ( 'NONE',  ( 970.2932074315650652, -22.93895319245742925, 69.30226855186074886 ) ) ;
#4351 = CARTESIAN_POINT ( 'NONE',  ( 0.000000000000000000, 1.561424668912873455E-14, -127.4999999999998295 ) ) ;
#4352 = EDGE_LOOP ( 'NONE', ( #4970, #6084, #2071, #8667 ) ) ;
#4353 = VERTEX_POINT ( 'NONE', #6460 ) ;
#4354 = CARTESIAN_POINT ( 'NONE',  ( 968.2424519787779218, -33.50661079783929353, -64.85623953358641813 ) ) ;
#4355 = ORIENTED_EDGE ( 'NONE', *, *, #3288, .T. ) ;
#4356 = CIRCLE ( 'NONE', #4499, 160.1627378425955612 ) ;
#4357 = CIRCLE ( 'NONE', #4215, 3.000000000000002665 ) ;
#4358 = DIRECTION ( 'NONE',  ( 1.000000000000000000, -0.000000000000000000, -0.000000000000000000 ) ) ;
#4359 = FACE_OUTER_BOUND ( 'NONE', #616, .T. ) ;
#4360 = DIRECTION ( 'NONE',  ( -1.000000000000000000, -0.000000000000000000, -0.000000000000000000 ) ) ;
#4361 = LINE ( 'NONE', #8536, #5520 ) ;
#4362 = CIRCLE ( 'NONE', #485, 160.1627378425955612 ) ;
#4363 = CARTESIAN_POINT ( 'NONE',  ( 969.9570765531306051, -58.81109839562519426, -43.24645605111469848 ) ) ;
#4364 = ORIENTED_EDGE ( 'NONE', *, *, #7540, .T. ) ;
#4365 = CIRCLE ( 'NONE', #7075, 127.4999999999998863 ) ;
#4366 = VERTEX_POINT ( 'NONE', #997 ) ;
#4367 = ADVANCED_FACE ( 'NONE', ( #269 ), #986, .F. ) ;
#4368 = DIRECTION ( 'NONE',  ( -1.000000000000000000, -0.000000000000000000, -0.000000000000000000 ) ) ;
#4369 = CIRCLE ( 'NONE', #5526, 145.1627378425959307 ) ;
#4370 = DIRECTION ( 'NONE',  ( 0.000000000000000000, 0.000000000000000000, 1.000000000000000000 ) ) ;
#4371 = CARTESIAN_POINT ( 'NONE',  ( 975.9514122167591950, -121.2391876727304805, 39.46295670694080826 ) ) ;
#4372 = CARTESIAN_POINT ( 'NONE',  ( 969.0416369157514964, 74.67550635970398787, -103.3432482601964750 ) ) ;
#4373 = DIRECTION ( 'NONE',  ( -1.000000000000000000, -0.000000000000000000, -0.000000000000000000 ) ) ;
#4374 = CARTESIAN_POINT ( 'NONE',  ( 970.2932074315650652, 194.2118649119463498, 16.09113731973548056 ) ) ;
#4375 = CARTESIAN_POINT ( 'NONE',  ( 967.7932074315651789, 124.5382375486189375, -27.32173838326734483 ) ) ;
#4376 = CARTESIAN_POINT ( 'NONE',  ( 975.2932074315651789, -189.6788945569601879, 44.71118576450717796 ) ) ;
#4377 = EDGE_LOOP ( 'NONE', ( #5172, #340, #1245, #7306, #2681, #7417, #3792, #4979 ) ) ;
#4378 = VERTEX_POINT ( 'NONE', #3063 ) ;
#4379 = ADVANCED_FACE ( 'NONE', ( #3733 ), #312, .T. ) ;
#4380 = ORIENTED_EDGE ( 'NONE', *, *, #1469, .T. ) ;
#4381 = CARTESIAN_POINT ( 'NONE',  ( 976.5738051988838606, 69.18581673437049062, 23.28803342764862805 ) ) ;
#4382 = CARTESIAN_POINT ( 'NONE',  ( 977.2998916257679412, 69.86468347030100290, -21.16474100306091088 ) ) ;
#4383 = EDGE_CURVE ( 'NONE', #8747, #5901, #4568, .T. ) ;
#4384 = CARTESIAN_POINT ( 'NONE',  ( 968.6380338253295577, 29.16309570550530594, 124.1200115857051145 ) ) ;
#4385 = CARTESIAN_POINT ( 'NONE',  ( 1042.912997761359293, -108.7098512239556385, 66.62145485401389067 ) ) ;
#4386 = CARTESIAN_POINT ( 'NONE',  ( 977.7932074315651789, 0.000000000000000000, 0.000000000000000000 ) ) ;
#4387 = EDGE_LOOP ( 'NONE', ( #506, #24, #4245, #6786 ) ) ;
#4388 = ORIENTED_EDGE ( 'NONE', *, *, #4772, .F. ) ;
#4389 = B_SPLINE_CURVE_WITH_KNOTS ( 'NONE', 3,
 ( #1700, #3228, #1111, #7884, #3808, #435, #3760, #2415, #5950, #7332, #5775, #7972, #5904, #1740, #3185, #2503, #1875, #8692 ),
 .UNSPECIFIED., .F., .F.,
 ( 4, 2, 2, 2, 2, 2, 2, 2, 4 ),
 ( 7.589415207398531038E-19, 0.0005014719534716498024, 0.001002943906943298737, 0.001504415860414947889, 0.002005887813886597041, 0.002507359767358246193, 0.003008831720829894911, 0.003510303674301544930, 0.004011775627773194949 ),
 .UNSPECIFIED. ) ;
#4390 = CARTESIAN_POINT ( 'NONE',  ( 958.7932074315651789, 0.000000000000000000, 0.000000000000000000 ) ) ;
#4391 = CARTESIAN_POINT ( 'NONE',  ( 975.6212234913447219, -66.60755744379785881, -108.7183715433189946 ) ) ;
#4392 = ADVANCED_FACE ( 'NONE', ( #2338 ), #5083, .F. ) ;
#4393 = CYLINDRICAL_SURFACE ( 'NONE', #8665, 147.6627378425959591 ) ;
#4394 = DIRECTION ( 'NONE',  ( -1.000000000000000000, -0.000000000000000000, -0.000000000000000000 ) ) ;
#4395 = CARTESIAN_POINT ( 'NONE',  ( 968.3908861589637809, -23.81243481347686597, 69.00712333363212281 ) ) ;
#4396 = CARTESIAN_POINT ( 'NONE',  ( 968.0467338867609897, 120.8226676319588648, -40.72045645140183012 ) ) ;
#4397 = ORIENTED_EDGE ( 'NONE', *, *, #912, .T. ) ;
#4398 = EDGE_LOOP ( 'NONE', ( #1231, #5934, #3085, #6755 ) ) ;
#4399 = CARTESIAN_POINT ( 'NONE',  ( 977.7932074315651789, 179.7340247757214513, 75.31834776957768440 ) ) ;
#4400 = ORIENTED_EDGE ( 'NONE', *, *, #477, .F. ) ;
#4401 = CARTESIAN_POINT ( 'NONE',  ( 975.6324830688729435, -43.24673900812451421, 58.81089070547845665 ) ) ;
#4402 = B_SPLINE_CURVE_WITH_KNOTS ( 'NONE', 3,
 ( #2744, #8896, #8210, #2688, #3415, #8260, #5517, #3366, #2067, #1394, #5473, #2116, #30, #2022, #6186, #7526, #612, #4806 ),
 .UNSPECIFIED., .F., .F.,
 ( 4, 2, 2, 2, 2, 2, 2, 2, 4 ),
 ( 0.000000000000000000, 0.0005014877766709431670, 0.001002975553341886334, 0.001504463330012829501, 0.002005951106683772668, 0.002507438883354715618, 0.003008926660025659002, 0.003510414436696602386, 0.004011902213367545336 ),
 .UNSPECIFIED. ) ;
#4403 = CARTESIAN_POINT ( 'NONE',  ( 975.6233520302654370, -39.39948558418006286, 121.2597647024846452 ) ) ;
#4404 = CARTESIAN_POINT ( 'NONE',  ( 969.4197070095235631, 51.15683165204301730, 52.07672817694525236 ) ) ;
#4405 = DIRECTION ( 'NONE',  ( 0.000000000000000000, 0.000000000000000000, -1.000000000000000000 ) ) ;
#4406 = ORIENTED_EDGE ( 'NONE', *, *, #8754, .F. ) ;
#4407 = DIRECTION ( 'NONE',  ( -1.000000000000000000, -0.000000000000000000, -0.000000000000000000 ) ) ;
#4408 = CARTESIAN_POINT ( 'NONE',  ( 968.3072454628946844, 74.15347931140470905, -103.7185139688423021 ) ) ;
#4409 = DIRECTION ( 'NONE',  ( -1.000000000000000000, -0.000000000000000000, -0.000000000000000000 ) ) ;
#4410 = AXIS2_PLACEMENT_3D ( 'NONE', #7648, #1521, #4247 ) ;
#4411 = CARTESIAN_POINT ( 'NONE',  ( 975.6233520302658917, 103.1497787695730324, 74.94246553048623127 ) ) ;
#4412 = ADVANCED_FACE ( 'NONE', ( #2379 ), #8312, .F. ) ;
#4413 = DIRECTION ( 'NONE',  ( 0.000000000000000000, 0.000000000000000000, -1.000000000000000000 ) ) ;
#4414 = ORIENTED_EDGE ( 'NONE', *, *, #4062, .F. ) ;
#4415 = DIRECTION ( 'NONE',  ( 0.000000000000000000, 0.000000000000000000, 1.000000000000000000 ) ) ;
#4416 = ORIENTED_EDGE ( 'NONE', *, *, #1820, .F. ) ;
#4417 = ORIENTED_EDGE ( 'NONE', *, *, #7829, .F. ) ;
#4418 = VECTOR ( 'NONE', #2131, 1000.000000000000000 ) ;
#4419 = EDGE_CURVE ( 'NONE', #2541, #4310, #4432, .T. ) ;
#4420 = VECTOR ( 'NONE', #8382, 1000.000000000000000 ) ;
#4421 = VERTEX_POINT ( 'NONE', #3774 ) ;
#4422 = DIRECTION ( 'NONE',  ( 1.000000000000000000, 0.000000000000000000, 0.000000000000000000 ) ) ;
#4423 = TOROIDAL_SURFACE ( 'NONE', #403, 160.1627378425955612, 2.500000000000000000 ) ;
#4424 = CARTESIAN_POINT ( 'NONE',  ( 977.1768636741708178, -40.20568363238850651, -120.9949019562784684 ) ) ;
#4425 = CARTESIAN_POINT ( 'NONE',  ( 976.4798883673448699, 10.93945137467984097, 72.17572457704761746 ) ) ;
#4426 = EDGE_CURVE ( 'NONE', #7456, #5945, #2427, .T. ) ;
#4427 = EDGE_CURVE ( 'NONE', #4573, #891, #1435, .T. ) ;
#4428 = CARTESIAN_POINT ( 'NONE',  ( 968.7699766253857661, 121.4167044939768232, 38.91326355973136941 ) ) ;
#4429 = EDGE_CURVE ( 'NONE', #1707, #5613, #5381, .T. ) ;
#4430 = CIRCLE ( 'NONE', #842, 72.99999999999974420 ) ;
#4431 = VECTOR ( 'NONE', #5361, 1000.000000000000000 ) ;
#4432 = CIRCLE ( 'NONE', #1711, 30.99999999999991473 ) ;
#4433 = ORIENTED_EDGE ( 'NONE', *, *, #2561, .F. ) ;
#4434 = ORIENTED_EDGE ( 'NONE', *, *, #889, .F. ) ;
#4435 = CARTESIAN_POINT ( 'NONE',  ( 969.1008202615154232, -51.95897432760720136, 51.27642761653710579 ) ) ;
#4436 = CIRCLE ( 'NONE', #5015, 160.1627378425955612 ) ;
#4437 = AXIS2_PLACEMENT_3D ( 'NONE', #5256, #1268, #4580 ) ;
#4438 = CARTESIAN_POINT ( 'NONE',  ( 975.2932074315651789, 64.66463217473219061, 33.87455307021097184 ) ) ;
#4439 = FACE_OUTER_BOUND ( 'NONE', #8517, .T. ) ;
#4440 = CARTESIAN_POINT ( 'NONE',  ( 969.1851730895934907, 127.4997640442733484, -0.2531739499633746115 ) ) ;
#4441 = B_SPLINE_CURVE_WITH_KNOTS ( 'NONE', 3,
 ( #1776, #5627, #1428, #7686, #7014, #1556, #4167, #5670, #2264, #3491, #4284, #6215, #1383, #6840, #5800, #5098, #2437, #1723 ),
 .UNSPECIFIED., .F., .F.,
 ( 4, 2, 2, 2, 2, 2, 2, 2, 4 ),
 ( 0.000000000000000000, 0.0005014719534716538139, 0.001002943906943307628, 0.001504415860414961333, 0.002005887813886615256, 0.002507359767358269178, 0.003008831720829922667, 0.003510303674301576589, 0.004011775627773230511 ),
 .UNSPECIFIED. ) ;
#4442 = CARTESIAN_POINT ( 'NONE',  ( 970.1281350223659956, 121.2596469525087741, -39.39984798134243960 ) ) ;
#4443 = ORIENTED_EDGE ( 'NONE', *, *, #7109, .F. ) ;
#4444 = VECTOR ( 'NONE', #6728, 1000.000000000000000 ) ;
#4445 = ADVANCED_FACE ( 'NONE', ( #4853 ), #3416, .F. ) ;
#4446 = VERTEX_POINT ( 'NONE', #4708 ) ;
#4447 = CARTESIAN_POINT ( 'NONE',  ( 968.5562076621532697, -33.12497887918873829, -65.05194349241754992 ) ) ;
#4448 = VERTEX_POINT ( 'NONE', #6855 ) ;
#4449 = DIRECTION ( 'NONE',  ( 0.000000000000000000, 0.000000000000000000, 1.000000000000000000 ) ) ;
#4450 = DIRECTION ( 'NONE',  ( -1.000000000000000000, -0.000000000000000000, -0.000000000000000000 ) ) ;
#4451 = CARTESIAN_POINT ( 'NONE',  ( 969.6464772890310542, 39.32375612314015001, -121.2843485790304499 ) ) ;
#4452 = LINE ( 'NONE', #3820, #344 ) ;
#4453 = EDGE_CURVE ( 'NONE', #1003, #3260, #8703, .T. ) ;
#4454 = ORIENTED_EDGE ( 'NONE', *, *, #7274, .F. ) ;
#4455 = CARTESIAN_POINT ( 'NONE',  ( 969.4678067838158313, -58.73724070067243019, -43.34675678940340049 ) ) ;
#4456 = CARTESIAN_POINT ( 'NONE',  ( 969.0366317484431420, 49.09702080194798413, -117.6679267648986382 ) ) ;
#4457 = CARTESIAN_POINT ( 'NONE',  ( 977.5498501895685877, -60.15229833001450288, 41.36092129213391644 ) ) ;
#4458 = CARTESIAN_POINT ( 'NONE',  ( 975.9411352989150146, -82.86299664454627134, 96.90188236946642064 ) ) ;
#4459 = DIRECTION ( 'NONE',  ( 0.000000000000000000, 0.000000000000000000, -1.000000000000000000 ) ) ;
#4460 = CARTESIAN_POINT ( 'NONE',  ( 970.2932074315650652, -103.1495547958083847, 74.94277380392647103 ) ) ;
#4461 = B_SPLINE_CURVE_WITH_KNOTS ( 'NONE', 3,
 ( #6594, #3167, #1323, #7357, #8819, #3299, #6021, #5401, #2614, #5350, #4059, #415, #3203, #5887, #8627, #5226 ),
 .UNSPECIFIED., .F., .F.,
 ( 4, 2, 2, 2, 2, 2, 2, 4 ),
 ( 0.000000000000000000, 0.0005326074553525536690, 0.001065214910705107338, 0.001597822366057661007, 0.002130429821410214676, 0.002663037276762768128, 0.003195644732115322014, 0.004260859642820429352 ),
 .UNSPECIFIED. ) ;
#4462 = CARTESIAN_POINT ( 'NONE',  ( 968.4077548216921514, 124.1728150115833103, -28.93744009519747706 ) ) ;
#4463 = DIRECTION ( 'NONE',  ( -1.000000000000000000, -0.000000000000000000, -0.000000000000000000 ) ) ;
#4464 = VERTEX_POINT ( 'NONE', #3463 ) ;
#4465 = ORIENTED_EDGE ( 'NONE', *, *, #8606, .T. ) ;
#4466 = CARTESIAN_POINT ( 'NONE',  ( 977.2823495132338394, 120.9542926998703223, -40.32775134624130686 ) ) ;
#4467 = ORIENTED_EDGE ( 'NONE', *, *, #1386, .T. ) ;
#4468 = DIRECTION ( 'NONE',  ( -1.000000000000000000, -0.000000000000000000, -0.000000000000000000 ) ) ;
#4469 = DIRECTION ( 'NONE',  ( 1.000000000000000000, 0.000000000000000000, 0.000000000000000000 ) ) ;
#4470 = CARTESIAN_POINT ( 'NONE',  ( 969.9623921352654179, 108.7098512239560648, -66.62145485401305223 ) ) ;
#4471 = CARTESIAN_POINT ( 'NONE',  ( 976.5476831198557193, -75.21056357321144503, -102.9545019977010014 ) ) ;
#4472 = CARTESIAN_POINT ( 'NONE',  ( 1043.814912118905113, 189.6788945569598468, -44.71118576450859905 ) ) ;
#4473 = ORIENTED_EDGE ( 'NONE', *, *, #7605, .F. ) ;
#4474 = ORIENTED_EDGE ( 'NONE', *, *, #6568, .F. ) ;
#4475 = CARTESIAN_POINT ( 'NONE',  ( 977.7272465782217523, -65.03725213169765595, -109.6653851972125011 ) ) ;
#4476 = EDGE_CURVE ( 'NONE', #2854, #8676, #3561, .T. ) ;
#4477 = CARTESIAN_POINT ( 'NONE',  ( 977.5498501895685877, 57.92465614954139141, 44.42700771461613130 ) ) ;
#4478 = CARTESIAN_POINT ( 'NONE',  ( 1005.926540764898505, 0.000000000000000000, 0.000000000000000000 ) ) ;
#4479 = FACE_BOUND ( 'NONE', #4377, .T. ) ;
#4480 = DIRECTION ( 'NONE',  ( -1.000000000000000000, -0.000000000000000000, -0.000000000000000000 ) ) ;
#4481 = CARTESIAN_POINT ( 'NONE',  ( 977.7932074315651789, 179.7340247757214513, 75.31834776957768440 ) ) ;
#4482 = ORIENTED_EDGE ( 'NONE', *, *, #3925, .F. ) ;
#4483 = EDGE_LOOP ( 'NONE', ( #6561, #8503, #1672, #8376 ) ) ;
#4484 = CARTESIAN_POINT ( 'NONE',  ( 1036.782757869134684, 0.0001905234638420781959, 127.4999999998575078 ) ) ;
#4485 = VERTEX_POINT ( 'NONE', #5474 ) ;
#4486 = EDGE_CURVE ( 'NONE', #3050, #8042, #4250, .T. ) ;
#4487 = CARTESIAN_POINT ( 'NONE',  ( 967.7932074315651789, 0.000000000000000000, 0.000000000000000000 ) ) ;
#4488 = ADVANCED_FACE ( 'NONE', ( #4916 ), #7634, .T. ) ;
#4489 = AXIS2_PLACEMENT_3D ( 'NONE', #4068, #6795, #8880 ) ;
#4490 = CARTESIAN_POINT ( 'NONE',  ( 977.7932074315651789, 0.000000000000000000, 0.000000000000000000 ) ) ;
#4491 = CARTESIAN_POINT ( 'NONE',  ( 968.1216482860450014, -124.2634208423729802, 28.54594227563296727 ) ) ;
#4492 = CARTESIAN_POINT ( 'NONE',  ( 977.7932074315651789, -70.30567120120376501, 19.64974801233364587 ) ) ;
#4493 = AXIS2_PLACEMENT_3D ( 'NONE', #4197, #782, #5835 ) ;
#4494 = AXIS2_PLACEMENT_3D ( 'NONE', #6838, #2726, #5625 ) ;
#4495 = ORIENTED_EDGE ( 'NONE', *, *, #2351, .T. ) ;
#4496 = EDGE_CURVE ( 'NONE', #3127, #5357, #6303, .T. ) ;
#4497 = DIRECTION ( 'NONE',  ( 1.000000000000000000, 0.000000000000000000, 0.000000000000000000 ) ) ;
#4498 = CARTESIAN_POINT ( 'NONE',  ( 975.2932074315651789, -59.29285437106575074, 42.58353461763795167 ) ) ;
#4499 = AXIS2_PLACEMENT_3D ( 'NONE', #3403, #8779, #5367 ) ;
#4500 = CARTESIAN_POINT ( 'NONE',  ( 968.6815957473299932, 11.27110270888640642, 72.12472281450520484 ) ) ;
#4501 = CARTESIAN_POINT ( 'NONE',  ( 968.3072454628945707, 103.7185139688430837, 74.15347931140357218 ) ) ;
#4502 = AXIS2_PLACEMENT_3D ( 'NONE', #1942, #8181, #6153 ) ;
#4503 = DIRECTION ( 'NONE',  ( 0.000000000000000000, 0.000000000000000000, -1.000000000000000000 ) ) ;
#4504 = CARTESIAN_POINT ( 'NONE',  ( 976.4022747810962528, 103.2986311859077091, 74.73718411886517288 ) ) ;
#4505 = LINE ( 'NONE', #7775, #6285 ) ;
#4506 = ORIENTED_EDGE ( 'NONE', *, *, #6730, .F. ) ;
#4507 = CARTESIAN_POINT ( 'NONE',  ( 967.8701356896224297, 60.42063256469560173, -40.96796932450528317 ) ) ;
#4508 = ORIENTED_EDGE ( 'NONE', *, *, #5259, .T. ) ;
#4509 = VERTEX_POINT ( 'NONE', #8367 ) ;
#4510 = FACE_OUTER_BOUND ( 'NONE', #3040, .T. ) ;
#4511 = AXIS2_PLACEMENT_3D ( 'NONE', #7764, #359, #1631 ) ;
#4512 = ORIENTED_EDGE ( 'NONE', *, *, #8160, .T. ) ;
#4513 = CIRCLE ( 'NONE', #7797, 145.1627378425959876 ) ;
#4514 = CARTESIAN_POINT ( 'NONE',  ( 977.7770235444022546, 101.8576211659218984, -76.68963753830341545 ) ) ;
#4515 = CARTESIAN_POINT ( 'NONE',  ( 968.3908861589637809, 69.00712333363222228, 23.81243481347661017 ) ) ;
#4516 = CARTESIAN_POINT ( 'NONE',  ( 967.8724445145011259, 109.6709939127646010, -65.02729196787348087 ) ) ;
#4517 = CARTESIAN_POINT ( 'NONE',  ( 968.6413363216277048, 102.7860720883775514, -75.44061678831299389 ) ) ;
#4518 = CARTESIAN_POINT ( 'NONE',  ( 967.7932074315651789, 0.000000000000000000, 127.4999999999997868 ) ) ;
#4519 = AXIS2_PLACEMENT_3D ( 'NONE', #2801, #6952, #2164 ) ;
#4520 = AXIS2_PLACEMENT_3D ( 'NONE', #1072, #1832, #6578 ) ;
#4521 = ORIENTED_EDGE ( 'NONE', *, *, #2111, .F. ) ;
#4522 = VERTEX_POINT ( 'NONE', #696 ) ;
#4523 = DIRECTION ( 'NONE',  ( 0.000000000000000000, 0.000000000000000000, 1.000000000000000000 ) ) ;
#4524 = CARTESIAN_POINT ( 'NONE',  ( 977.7932074315651789, 68.42831489562435365, 25.42765660742756140 ) ) ;
#4525 = CARTESIAN_POINT ( 'NONE',  ( 977.7932074315651789, 2.500143588966718955, 127.4754850237273018 ) ) ;
#4526 = CARTESIAN_POINT ( 'NONE',  ( 976.4030299189487323, -10.25399892637461896, 127.0870153998490935 ) ) ;
#4527 = ADVANCED_FACE ( 'NONE', ( #8245 ), #8222, .F. ) ;
#4528 = VERTEX_POINT ( 'NONE', #2103 ) ;
#4529 = CARTESIAN_POINT ( 'NONE',  ( 968.7699766253859934, -121.4167044939765532, -38.91326355973215811 ) ) ;
#4530 = ORIENTED_EDGE ( 'NONE', *, *, #7220, .F. ) ;
#4531 = DIRECTION ( 'NONE',  ( -1.000000000000000000, -0.000000000000000000, -0.000000000000000000 ) ) ;
#4532 = CARTESIAN_POINT ( 'NONE',  ( 967.7932074315651789, 37.01431338656133363, -122.0089775570690165 ) ) ;
#4533 = EDGE_CURVE ( 'NONE', #7500, #5610, #392, .T. ) ;
#4534 = DIRECTION ( 'NONE',  ( 1.000000000000000000, 0.000000000000000000, 0.000000000000000000 ) ) ;
#4535 = ADVANCED_FACE ( 'NONE', ( #5834 ), #8643, .F. ) ;
#4536 = CARTESIAN_POINT ( 'NONE',  ( 977.4756012051087737, -69.94668348925507928, 20.89214510254911517 ) ) ;
#4537 = EDGE_CURVE ( 'NONE', #393, #8306, #7632, .T. ) ;
#4538 = ORIENTED_EDGE ( 'NONE', *, *, #3868, .T. ) ;
#4539 = CARTESIAN_POINT ( 'NONE',  ( 1036.782757869134684, 10.60382802656801360, 72.22574908703211349 ) ) ;
#4540 = CARTESIAN_POINT ( 'NONE',  ( 977.6656042090995697, -120.7253427991528127, 41.00810288880903443 ) ) ;
#4541 = CARTESIAN_POINT ( 'NONE',  ( 970.1122724273471931, 10.60382802656790702, 72.22574908703228402 ) ) ;
#4542 = CARTESIAN_POINT ( 'NONE',  ( 977.7932074315651789, 25.42765660742827905, -68.42831489562409786 ) ) ;
#4543 = CARTESIAN_POINT ( 'NONE',  ( 967.7932074315651789, -101.1368664649716322, -166.5788324321706853 ) ) ;
#4544 = CARTESIAN_POINT ( 'NONE',  ( 970.2932074315650652, -69.54989139674569287, 22.17684843932655880 ) ) ;
#4545 = DIRECTION ( 'NONE',  ( -1.000000000000000000, -0.000000000000000000, -0.000000000000000000 ) ) ;
#4546 = ORIENTED_EDGE ( 'NONE', *, *, #4419, .F. ) ;
#4547 = CARTESIAN_POINT ( 'NONE',  ( 977.7776520252658656, -25.11206094264766264, 68.54495910505178813 ) ) ;
#4548 = ORIENTED_EDGE ( 'NONE', *, *, #3289, .F. ) ;
#4549 = EDGE_CURVE ( 'NONE', #237, #2768, #1045, .T. ) ;
#4550 = ORIENTED_EDGE ( 'NONE', *, *, #7871, .T. ) ;
#4551 = CARTESIAN_POINT ( 'NONE',  ( 1036.782757869134684, 127.1072257456103642, 10.00015816147054082 ) ) ;
#4552 = EDGE_LOOP ( 'NONE', ( #8681, #4869, #7315, #5975 ) ) ;
#4553 = CARTESIAN_POINT ( 'NONE',  ( 977.7932074315651789, -37.01431338656058756, 122.0089775570693575 ) ) ;
#4554 = CARTESIAN_POINT ( 'NONE',  ( 975.2932074315651789, 189.6788945569598468, -44.71118576450859905 ) ) ;
#4555 = AXIS2_PLACEMENT_3D ( 'NONE', #4126, #8740, #710 ) ;
#4556 = CARTESIAN_POINT ( 'NONE',  ( 968.4077548216921514, 109.1532041003558788, -65.89265104539408924 ) ) ;
#4557 = CARTESIAN_POINT ( 'NONE',  ( 975.9514122167589676, -103.1105951957538025, 74.99647150349697711 ) ) ;
#4558 = CARTESIAN_POINT ( 'NONE',  ( 977.4635654086101795, -75.94928632326391948, -102.4108117249201797 ) ) ;
#4559 = DIRECTION ( 'NONE',  ( 1.000000000000000000, -0.000000000000000000, -0.000000000000000000 ) ) ;
#4560 = ORIENTED_EDGE ( 'NONE', *, *, #7222, .F. ) ;
#4561 = CIRCLE ( 'NONE', #2703, 145.1627378425959591 ) ;
#4562 = AXIS2_PLACEMENT_3D ( 'NONE', #4714, #8308, #6862 ) ;
#4563 = ORIENTED_EDGE ( 'NONE', *, *, #3673, .T. ) ;
#4564 = DIRECTION ( 'NONE',  ( 0.000000000000000000, 0.000000000000000000, 1.000000000000000000 ) ) ;
#4565 = CIRCLE ( 'NONE', #5847, 72.99999999999974420 ) ;
#4566 = CARTESIAN_POINT ( 'NONE',  ( 977.4756012051087737, 58.01572943866333532, 44.30796086293982228 ) ) ;
#4567 = AXIS2_PLACEMENT_3D ( 'NONE', #5153, #245, #7876 ) ;
#4568 = CIRCLE ( 'NONE', #5712, 72.99999999999974420 ) ;
#4569 = CARTESIAN_POINT ( 'NONE',  ( 975.6212234913448356, -123.9801829012101280, 29.75172713377289924 ) ) ;
#4570 = CARTESIAN_POINT ( 'NONE',  ( 1038.865541267632807, 179.7340247757214513, 75.31834776957768440 ) ) ;
#4571 = CARTESIAN_POINT ( 'NONE',  ( 977.7932074315651789, -37.01431338656058756, 122.0089775570693575 ) ) ;
#4572 = CARTESIAN_POINT ( 'NONE',  ( 977.1774328682961368, -10.84897280748222670, 127.0376447689127986 ) ) ;
#4573 = VERTEX_POINT ( 'NONE', #2984 ) ;
#4574 = AXIS2_PLACEMENT_3D ( 'NONE', #1178, #3910, #7997 ) ;
#4575 = AXIS2_PLACEMENT_3D ( 'NONE', #7952, #1138, #1851 ) ;
#4576 = DIRECTION ( 'NONE',  ( -1.000000000000000000, -0.000000000000000000, -0.000000000000000000 ) ) ;
#4577 = DIRECTION ( 'NONE',  ( -1.000000000000000000, -0.000000000000000000, -0.000000000000000000 ) ) ;
#4578 = CARTESIAN_POINT ( 'NONE',  ( 977.7932074315651789, 0.000000000000000000, 0.000000000000000000 ) ) ;
#4579 = CARTESIAN_POINT ( 'NONE',  ( 968.6380338253294440, 66.09094512805835109, 109.0332536396305727 ) ) ;
#4580 = DIRECTION ( 'NONE',  ( 0.000000000000000000, 0.000000000000000000, 1.000000000000000000 ) ) ;
#4581 = ADVANCED_FACE ( 'NONE', ( #3693 ), #5212, .F. ) ;
#4582 = DIRECTION ( 'NONE',  ( 0.000000000000000000, 0.000000000000000000, 1.000000000000000000 ) ) ;
#4583 = ORIENTED_EDGE ( 'NONE', *, *, #1931, .T. ) ;
#4584 = EDGE_CURVE ( 'NONE', #2533, #6521, #5497, .T. ) ;
#4585 = EDGE_CURVE ( 'NONE', #5888, #5219, #6392, .T. ) ;
#4586 = CARTESIAN_POINT ( 'NONE',  ( 975.2932074315651789, 127.1728735659488621, -2.499828171265122911 ) ) ;
#4587 = CARTESIAN_POINT ( 'NONE',  ( 977.4635654086102932, 121.6398281533787724, 38.21021667023953228 ) ) ;
#4588 = CARTESIAN_POINT ( 'NONE',  ( 970.2932074315650652, 12.23414415701362756, -71.96753237915942236 ) ) ;
#4589 = CYLINDRICAL_SURFACE ( 'NONE', #133, 157.6627378425955328 ) ;
#4590 = CARTESIAN_POINT ( 'NONE',  ( 968.2886015245320550, -69.86378901243784867, 21.16770121772141167 ) ) ;
#4591 = DIRECTION ( 'NONE',  ( 0.000000000000000000, 0.000000000000000000, -1.000000000000000000 ) ) ;
#4592 = VERTEX_POINT ( 'NONE', #1679 ) ;
#4593 = CARTESIAN_POINT ( 'NONE',  ( 967.7932074315651789, 60.69877924065165331, -40.55473948611617629 ) ) ;
#4594 = ORIENTED_EDGE ( 'NONE', *, *, #2839, .T. ) ;
#4595 = EDGE_LOOP ( 'NONE', ( #3897, #3719, #2946, #6201 ) ) ;
#4596 = LINE ( 'NONE', #4551, #8451 ) ;
#4597 = VERTEX_POINT ( 'NONE', #5178 ) ;
#4598 = LINE ( 'NONE', #7914, #5979 ) ;
#4599 = DIRECTION ( 'NONE',  ( 0.000000000000000000, 0.000000000000000000, -1.000000000000000000 ) ) ;
#4600 = EDGE_CURVE ( 'NONE', #1727, #7780, #3206, .T. ) ;
#4601 = FACE_OUTER_BOUND ( 'NONE', #5860, .T. ) ;
#4602 = LINE ( 'NONE', #5323, #4937 ) ;
#4603 = ADVANCED_FACE ( 'NONE', ( #1597 ), #7778, .F. ) ;
#4604 = DIRECTION ( 'NONE',  ( 0.000000000000000000, 0.000000000000000000, 1.000000000000000000 ) ) ;
#4605 = B_SPLINE_CURVE_WITH_KNOTS ( 'NONE', 3,
 ( #975, #4298, #935, #4339, #1479, #113, #7613, #1526, #7025, #3592, #798, #6355, #7786, #246, #2876, #3715 ),
 .UNSPECIFIED., .F., .F.,
 ( 4, 2, 2, 2, 2, 2, 2, 4 ),
 ( 0.000000000000000000, 0.0004891407059790110323, 0.0009782814119580220645, 0.001467422117937033097, 0.001956562823916044129, 0.002445703529895054944, 0.002934844235874066194, 0.003913125647832079584 ),
 .UNSPECIFIED. ) ;
#4606 = ORIENTED_EDGE ( 'NONE', *, *, #5583, .T. ) ;
#4607 = CARTESIAN_POINT ( 'NONE',  ( 975.6233520302655506, 39.39948558418085867, -121.2597647024843894 ) ) ;
#4608 = ORIENTED_EDGE ( 'NONE', *, *, #5865, .T. ) ;
#4609 = CARTESIAN_POINT ( 'NONE',  ( 977.7136058903373623, 41.15832426391592946, 120.6742219329512551 ) ) ;
#4610 = CARTESIAN_POINT ( 'NONE',  ( 968.6815957473302205, -51.51236203288292614, -51.72513852216034280 ) ) ;
#4611 = B_SPLINE_CURVE_WITH_KNOTS ( 'NONE', 3,
 ( #1381, #8286, #4165, #6120, #62, #4117, #2142, #7555, #1509, #1466, #7598, #2820, #3537, #3577, #6305, #4240, #6968, #2902 ),
 .UNSPECIFIED., .F., .F.,
 ( 4, 2, 2, 2, 2, 2, 2, 2, 4 ),
 ( 0.000000000000000000, 0.0005014877766709445765, 0.001002975553341889153, 0.001504463330012833621, 0.002005951106683778306, 0.002507438883354722991, 0.003008926660025667242, 0.003510414436696611927, 0.004011902213367556612 ),
 .UNSPECIFIED. ) ;
#4612 = EDGE_CURVE ( 'NONE', #8620, #5258, #2201, .T. ) ;
#4613 = DIRECTION ( 'NONE',  ( 0.000000000000000000, 0.000000000000000000, 1.000000000000000000 ) ) ;
#4614 = CYLINDRICAL_SURFACE ( 'NONE', #6509, 127.4999999999998295 ) ;
#4615 = CARTESIAN_POINT ( 'NONE',  ( 970.2932074315650652, -101.1368664649716322, -166.5788324321706853 ) ) ;
#4616 = CARTESIAN_POINT ( 'NONE',  ( 969.4877991597929849, 127.4999513347753464, -0.1278202810014580637 ) ) ;
#4617 = ORIENTED_EDGE ( 'NONE', *, *, #8328, .T. ) ;
#4618 = ORIENTED_EDGE ( 'NONE', *, *, #7174, .F. ) ;
#4619 = CARTESIAN_POINT ( 'NONE',  ( 1043.814912118905340, -58.82184773064289374, -43.23181964193783955 ) ) ;
#4620 = CARTESIAN_POINT ( 'NONE',  ( 967.7932074315650652, -126.9019982679599821, -12.33532281451631007 ) ) ;
#4621 = FACE_OUTER_BOUND ( 'NONE', #8759, .T. ) ;
#4622 = CARTESIAN_POINT ( 'NONE',  ( 977.7932074315651789, 65.97481553911651986, 31.24617919969623969 ) ) ;
#4623 = DIRECTION ( 'NONE',  ( 0.000000000000000000, 0.000000000000000000, -1.000000000000000000 ) ) ;
#4624 = CARTESIAN_POINT ( 'NONE',  ( 975.2932074315651789, -44.71118576450651716, -189.6788945569603584 ) ) ;
#4625 = ORIENTED_EDGE ( 'NONE', *, *, #3778, .T. ) ;
#4626 = AXIS2_PLACEMENT_3D ( 'NONE', #4964, #4283, #1681 ) ;
#4627 = CARTESIAN_POINT ( 'NONE',  ( 968.0090611264092786, 32.34335112270537849, -65.44414751109151496 ) ) ;
#4628 = CARTESIAN_POINT ( 'NONE',  ( 977.2823495132339531, 121.5581358362358202, 38.46931326641303883 ) ) ;
#4629 = CARTESIAN_POINT ( 'NONE',  ( 968.9537006561656654, 65.21606846135253477, -32.80057639413750792 ) ) ;
#4630 = CARTESIAN_POINT ( 'NONE',  ( 967.7932074315652926, -127.4819588228123592, 2.170062276053222217 ) ) ;
#4631 = CARTESIAN_POINT ( 'NONE',  ( 976.1000973941278289, 10.12827202245181724, -127.0970970678039720 ) ) ;
#4632 = CARTESIAN_POINT ( 'NONE',  ( 975.2932074315651789, -82.80205065214599358, 96.95396024814783686 ) ) ;
#4633 = VERTEX_POINT ( 'NONE', #1225 ) ;
#4634 = CARTESIAN_POINT ( 'NONE',  ( 975.2932074315651789, 75.31834776957963129, -19.57128693312512624 ) ) ;
#4635 = TOROIDAL_SURFACE ( 'NONE', #1496, 145.1627378425959591, 2.500000000000000000 ) ;
#4636 = EDGE_CURVE ( 'NONE', #439, #1697, #909, .T. ) ;
#4637 = VERTEX_POINT ( 'NONE', #4151 ) ;
#4638 = ORIENTED_EDGE ( 'NONE', *, *, #6413, .T. ) ;
#4639 = LINE ( 'NONE', #8730, #4431 ) ;
#4640 = AXIS2_PLACEMENT_3D ( 'NONE', #4251, #5682, #7697 ) ;
#4641 = AXIS2_PLACEMENT_3D ( 'NONE', #4645, #513, #1155 ) ;
#4642 = CARTESIAN_POINT ( 'NONE',  ( 969.1008202615158780, 11.89616529808315271, -72.02422018662610981 ) ) ;
#4643 = CARTESIAN_POINT ( 'NONE',  ( 977.7770235444022546, -101.8576211659213726, 76.68963753830414021 ) ) ;
#4644 = DIRECTION ( 'NONE',  ( 0.000000000000000000, 0.000000000000000000, 1.000000000000000000 ) ) ;
#4645 = CARTESIAN_POINT ( 'NONE',  ( 970.2932074315650652, -194.2118649119462646, -16.09113731973690875 ) ) ;
#4646 = CARTESIAN_POINT ( 'NONE',  ( 967.7932074315651789, 120.5719615263536610, -41.45794362086310514 ) ) ;
#4647 = EDGE_CURVE ( 'NONE', #3260, #8901, #8749, .T. ) ;
#4648 = VERTEX_POINT ( 'NONE', #6779 ) ;
#4649 = CIRCLE ( 'NONE', #6504, 157.6627378425955328 ) ;
#4650 = DIRECTION ( 'NONE',  ( 0.000000000000000000, 0.000000000000000000, 1.000000000000000000 ) ) ;
#4651 = VECTOR ( 'NONE', #3089, 1000.000000000000000 ) ;
#4652 = ORIENTED_EDGE ( 'NONE', *, *, #2803, .F. ) ;
#4653 = ADVANCED_FACE ( 'NONE', ( #3339 ), #8084, .T. ) ;
#4654 = CARTESIAN_POINT ( 'NONE',  ( 977.7167836271273700, 68.65736274678367579, 24.80309585832045371 ) ) ;
#4655 = CARTESIAN_POINT ( 'NONE',  ( 968.2424519787780355, -51.90836074538115241, -51.32783707037725662 ) ) ;
#4656 = CARTESIAN_POINT ( 'NONE',  ( 977.7406944467917356, -52.60096756512999860, -50.61872312913547489 ) ) ;
#4657 = AXIS2_PLACEMENT_3D ( 'NONE', #8569, #5167, #2968 ) ;
#4658 = B_SPLINE_CURVE_WITH_KNOTS ( 'NONE', 3,
 ( #5778, #807, #6410, #7035, #4307, #899, #3637, #5741, #7799, #5693, #5033, #7753, #8480, #7669, #946, #1620 ),
 .UNSPECIFIED., .F., .F.,
 ( 4, 2, 2, 2, 2, 2, 2, 4 ),
 ( 0.000000000000000000, 0.0004891407059790140680, 0.0009782814119580281360, 0.001467422117937042204, 0.001956562823916056272, 0.002445703529895070123, 0.002934844235874084408, 0.003913125647832112544 ),
 .UNSPECIFIED. ) ;
#4659 = TOROIDAL_SURFACE ( 'NONE', #4935, 160.1627378425955612, 2.500000000000000000 ) ;
#4660 = CARTESIAN_POINT ( 'NONE',  ( 967.7932074315651789, 0.000000000000000000, 127.4999999999997868 ) ) ;
#4661 = CARTESIAN_POINT ( 'NONE',  ( 975.2932074315651789, -22.93895319245742925, 69.30226855186074886 ) ) ;
#4662 = ORIENTED_EDGE ( 'NONE', *, *, #8292, .F. ) ;
#4663 = ORIENTED_EDGE ( 'NONE', *, *, #4921, .F. ) ;
#4664 = EDGE_CURVE ( 'NONE', #7889, #7821, #8794, .T. ) ;
#4665 = CARTESIAN_POINT ( 'NONE',  ( 970.2932074315650652, 22.93895319245790532, -69.30226855186060675 ) ) ;
#4666 = CARTESIAN_POINT ( 'NONE',  ( 977.0249106011896174, -33.11960126731415954, -65.05468271056749074 ) ) ;
#4667 = CARTESIAN_POINT ( 'NONE',  ( 968.0451641925292279, -126.9899461483885972, -11.39414823761070927 ) ) ;
#4668 = CARTESIAN_POINT ( 'NONE',  ( 969.0172219968214904, -58.60499929313988332, -43.52543918245422105 ) ) ;
#4669 = CARTESIAN_POINT ( 'NONE',  ( 989.0432074315651789, 0.000000000000000000, 0.000000000000000000 ) ) ;
#4670 = MANIFOLD_SOLID_BREP ( 'CirPattern1', #6574 ) ;
#4671 = FACE_OUTER_BOUND ( 'NONE', #3855, .T. ) ;
#4672 = CARTESIAN_POINT ( 'NONE',  ( 975.2932074315651789, 39.39984798134366173, 121.2596469525083762 ) ) ;
#4673 = VERTEX_POINT ( 'NONE', #5504 ) ;
#4674 = ORIENTED_EDGE ( 'NONE', *, *, #4762, .T. ) ;
#4675 = CARTESIAN_POINT ( 'NONE',  ( 1036.782757869134684, -127.4999999998575078, 0.0001905234625065865828 ) ) ;
#4676 = DIRECTION ( 'NONE',  ( 0.000000000000000000, 0.000000000000000000, 1.000000000000000000 ) ) ;
#4677 = CARTESIAN_POINT ( 'NONE',  ( 977.6709658558772844, 24.64960935592583979, -68.71260119597728533 ) ) ;
#4678 = CARTESIAN_POINT ( 'NONE',  ( 967.7932074315651789, 127.4754850237272166, -2.500143588965352048 ) ) ;
#4679 = CARTESIAN_POINT ( 'NONE',  ( 968.4077548216920377, -28.93744009519790339, -124.1728150115831397 ) ) ;
#4680 = FACE_OUTER_BOUND ( 'NONE', #5921, .T. ) ;
#4681 = ORIENTED_EDGE ( 'NONE', *, *, #3511, .T. ) ;
#4682 = CARTESIAN_POINT ( 'NONE',  ( 969.6337287287656181, -108.7448050162135189, 66.56450376253040702 ) ) ;
#4683 = ORIENTED_EDGE ( 'NONE', *, *, #1251, .F. ) ;
#4684 = CIRCLE ( 'NONE', #520, 147.6627378425959591 ) ;
#4685 = ORIENTED_EDGE ( 'NONE', *, *, #5531, .T. ) ;
#4686 = CARTESIAN_POINT ( 'NONE',  ( 976.5476831198559466, 121.1568923074758573, -39.71480581583408309 ) ) ;
#4687 = EDGE_CURVE ( 'NONE', #3094, #7456, #8114, .T. ) ;
#4688 = CARTESIAN_POINT ( 'NONE',  ( 1007.993207431565224, -37.92267161132591013, -27.55243370120933477 ) ) ;
#4689 = CARTESIAN_POINT ( 'NONE',  ( 969.9570765531306051, 69.29656822591869059, 22.95619497197868952 ) ) ;
#4690 = EDGE_CURVE ( 'NONE', #6314, #7396, #1785, .T. ) ;
#4691 = CARTESIAN_POINT ( 'NONE',  ( 968.9537006561657790, 11.79681952592819094, -72.04060276272089425 ) ) ;
#4692 = CARTESIAN_POINT ( 'NONE',  ( 968.6178405014127293, 69.75238579668760508, -21.53183220720562829 ) ) ;
#4693 = CARTESIAN_POINT ( 'NONE',  ( 977.7776520252658656, 60.60580014732175869, -40.69353771796412644 ) ) ;
#4694 = DIRECTION ( 'NONE',  ( -1.000000000000000000, -0.000000000000000000, -0.000000000000000000 ) ) ;
#4695 = CARTESIAN_POINT ( 'NONE',  ( 977.7932074315651789, 45.32865070979842415, -57.22161676175421263 ) ) ;
#4696 = ORIENTED_EDGE ( 'NONE', *, *, #1197, .F. ) ;
#4697 = EDGE_CURVE ( 'NONE', #5815, #2316, #8230, .T. ) ;
#4698 = CARTESIAN_POINT ( 'NONE',  ( 975.2932074315651789, 74.94277380392682630, 103.1495547958081147 ) ) ;
#4699 = ORIENTED_EDGE ( 'NONE', *, *, #6253, .F. ) ;
#4700 = ORIENTED_EDGE ( 'NONE', *, *, #8448, .F. ) ;
#4701 = CARTESIAN_POINT ( 'NONE',  ( 969.5872790110973938, -33.77685105961901257, 64.71573405268186718 ) ) ;
#4702 = FACE_BOUND ( 'NONE', #2318, .T. ) ;
#4703 = ADVANCED_FACE ( 'NONE', ( #5366 ), #6209, .F. ) ;
#4704 = ADVANCED_FACE ( 'NONE', ( #3490 ), #600, .T. ) ;
#4705 = ADVANCED_FACE ( 'NONE', ( #6075 ), #5462, .F. ) ;
#4706 = CARTESIAN_POINT ( 'NONE',  ( 976.6287946620489038, -51.34599695262162555, -51.89028826434451247 ) ) ;
#4707 = CARTESIAN_POINT ( 'NONE',  ( 976.4030299189490734, -124.0355940610813263, 29.51991502593164540 ) ) ;
#4708 = CARTESIAN_POINT ( 'NONE',  ( 977.7932074315651789, -53.09017784785597627, -50.10422153953701496 ) ) ;
#4709 = CARTESIAN_POINT ( 'NONE',  ( 969.9658196246413127, -74.95587257257845692, -103.1400415588210961 ) ) ;
#4710 = CARTESIAN_POINT ( 'NONE',  ( 976.5738051988838606, -58.60322374570971959, -43.52782908369615456 ) ) ;
#4711 = CIRCLE ( 'NONE', #8573, 70.49999999999987210 ) ;
#4712 = ORIENTED_EDGE ( 'NONE', *, *, #6088, .T. ) ;
#4713 = VERTEX_POINT ( 'NONE', #6750 ) ;
#4714 = CARTESIAN_POINT ( 'NONE',  ( 1038.865541267632807, -75.31834776957833810, 179.7340247757211955 ) ) ;
#4715 = CARTESIAN_POINT ( 'NONE',  ( 970.2932074315650652, 101.1368664649727265, 166.5788324321699747 ) ) ;
#4716 = AXIS2_PLACEMENT_3D ( 'NONE', #744, #8334, #3494 ) ;
#4717 = CIRCLE ( 'NONE', #8304, 147.6627378425959876 ) ;
#4718 = AXIS2_PLACEMENT_3D ( 'NONE', #251, #4939, #847 ) ;
#4719 = EDGE_CURVE ( 'NONE', #14, #4761, #6056, .T. ) ;
#4720 = DIRECTION ( 'NONE',  ( -1.000000000000000000, -0.000000000000000000, -0.000000000000000000 ) ) ;
#4721 = FACE_OUTER_BOUND ( 'NONE', #5558, .T. ) ;
#4722 = CARTESIAN_POINT ( 'NONE',  ( 977.7406944467918493, -71.86948023612900727, 12.80213773557350088 ) ) ;
#4723 = EDGE_CURVE ( 'NONE', #3563, #3181, #6483, .T. ) ;
#4724 = CARTESIAN_POINT ( 'NONE',  ( 1001.793207431565179, 33.59192716851458727, -46.23532122852844140 ) ) ;
#4725 = CARTESIAN_POINT ( 'NONE',  ( 976.6287946620489038, 64.86792590415950599, 33.48381113475390691 ) ) ;
#4726 = AXIS2_PLACEMENT_3D ( 'NONE', #11, #2766, #4876 ) ;
#4727 = LINE ( 'NONE', #6872, #4160 ) ;
#4728 = CIRCLE ( 'NONE', #7280, 72.99999999999987210 ) ;
#4729 = CARTESIAN_POINT ( 'NONE',  ( 968.0090611264091649, -12.30078404256816071, -71.95637231849732984 ) ) ;
#4730 = VERTEX_POINT ( 'NONE', #2727 ) ;
#4731 = TOROIDAL_SURFACE ( 'NONE', #1143, 160.1627378425955612, 2.500000000000000000 ) ;
#4732 = CARTESIAN_POINT ( 'NONE',  ( 975.2932074315651789, 96.95396024814812108, 82.80205065214565252 ) ) ;
#4733 = CARTESIAN_POINT ( 'NONE',  ( 975.6233520302657780, 121.2597647024848442, 39.39948558417965074 ) ) ;
#4734 = ADVANCED_FACE ( 'NONE', ( #101 ), #464, .F. ) ;
#4735 = CARTESIAN_POINT ( 'NONE',  ( 967.8459545321662745, -71.86940986352114180, 12.80246644478103057 ) ) ;
#4736 = CARTESIAN_POINT ( 'NONE',  ( 975.2932074315651789, 10.00015816147009673, -127.1072257456103927 ) ) ;
#4737 = CARTESIAN_POINT ( 'NONE',  ( 969.6300527781542087, 72.99836616906353015, 0.4896857443461932191 ) ) ;
#4738 = CARTESIAN_POINT ( 'NONE',  ( 969.1618290769854411, -72.99685154076051674, -0.6814942586614092246 ) ) ;
#4739 = EDGE_LOOP ( 'NONE', ( #3083, #1647, #1418, #1736 ) ) ;
#4740 = ORIENTED_EDGE ( 'NONE', *, *, #5412, .F. ) ;
#4741 = CARTESIAN_POINT ( 'NONE',  ( 977.7776520252657519, -72.95018361110180649, -2.701431954909954580 ) ) ;
#4742 = DIRECTION ( 'NONE',  ( -1.000000000000000000, -0.000000000000000000, -0.000000000000000000 ) ) ;
#4743 = CARTESIAN_POINT ( 'NONE',  ( 969.6337287287656181, -66.56450376252998069, -108.7448050162138173 ) ) ;
#4744 = CARTESIAN_POINT ( 'NONE',  ( 968.2886015245320550, -1.457417918166083792, 72.98559120147596957 ) ) ;
#4745 = CARTESIAN_POINT ( 'NONE',  ( 967.7932074315651789, 0.000000000000000000, 0.000000000000000000 ) ) ;
#4746 =( NAMED_UNIT ( * ) SI_UNIT ( $, .STERADIAN. ) SOLID_ANGLE_UNIT ( ) );
#4747 = CARTESIAN_POINT ( 'NONE',  ( 970.2932074315650652, -64.66463217473193481, -33.87455307021146211 ) ) ;
#4748 = CARTESIAN_POINT ( 'NONE',  ( 970.2932074315650652, -44.71118576450651716, -189.6788945569603584 ) ) ;
#4749 = CARTESIAN_POINT ( 'NONE',  ( 968.3072454628944570, 75.72748327126323886, 102.5749331527561594 ) ) ;
#4750 = ORIENTED_EDGE ( 'NONE', *, *, #5481, .F. ) ;
#4751 = CARTESIAN_POINT ( 'NONE',  ( 977.7932074315650652, -9.685681462791173146, 72.35548711148136647 ) ) ;
#4752 = VERTEX_POINT ( 'NONE', #4919 ) ;
#4753 = ORIENTED_EDGE ( 'NONE', *, *, #1820, .T. ) ;
#4754 = LINE ( 'NONE', #1340, #3986 ) ;
#4755 = CARTESIAN_POINT ( 'NONE',  ( 975.6233520302658917, 0.0001905234638631528364, 127.4999999998575078 ) ) ;
#4756 = DIRECTION ( 'NONE',  ( 0.000000000000000000, 0.000000000000000000, -1.000000000000000000 ) ) ;
#4757 = FACE_BOUND ( 'NONE', #5047, .T. ) ;
#4758 = CARTESIAN_POINT ( 'NONE',  ( 968.4107331596588892, -75.62627389986825222, -102.6495493062699182 ) ) ;
#4759 = CARTESIAN_POINT ( 'NONE',  ( 977.2998916257679412, -58.18806575294536287, -44.08139360391072614 ) ) ;
#4760 = ORIENTED_EDGE ( 'NONE', *, *, #6302, .F. ) ;
#4761 = VERTEX_POINT ( 'NONE', #1555 ) ;
#4762 = EDGE_CURVE ( 'NONE', #8598, #1707, #617, .T. ) ;
#4763 = CARTESIAN_POINT ( 'NONE',  ( 976.8206886417103760, -74.52595820306905239, 103.4511474489727618 ) ) ;
#4764 = DIRECTION ( 'NONE',  ( 1.000000000000000000, 0.000000000000000000, 0.000000000000000000 ) ) ;
#4765 = DIRECTION ( 'NONE',  ( 0.000000000000000000, 0.000000000000000000, -1.000000000000000000 ) ) ;
#4766 = CARTESIAN_POINT ( 'NONE',  ( 977.7932074315651789, 127.4754850237273303, -2.500143588965372921 ) ) ;
#4767 = DIRECTION ( 'NONE',  ( 0.000000000000000000, 0.000000000000000000, 1.000000000000000000 ) ) ;
#4768 = B_SPLINE_CURVE_WITH_KNOTS ( 'NONE', 3,
 ( #5895, #5234, #4689, #7240, #1771, #3919, #3839, #509, #8600, #4515, #7410, #2621, #6603, #461, #3132, #3799, #7284, #1103 ),
 .UNSPECIFIED., .F., .F.,
 ( 4, 2, 2, 2, 2, 2, 2, 2, 4 ),
 ( 0.000000000000000000, 0.0005014719534716559823, 0.001002943906943311965, 0.001504415860414967838, 0.002005887813886623929, 0.002507359767358280020, 0.003008831720829935677, 0.003510303674301591768, 0.004011775627773247858 ),
 .UNSPECIFIED. ) ;
#4769 = DIRECTION ( 'NONE',  ( 0.000000000000000000, 0.000000000000000000, 1.000000000000000000 ) ) ;
#4770 = DIRECTION ( 'NONE',  ( -1.000000000000000000, -0.000000000000000000, -0.000000000000000000 ) ) ;
#4771 = LINE ( 'NONE', #8318, #7147 ) ;
#4772 = EDGE_CURVE ( 'NONE', #4017, #8157, #8415, .T. ) ;
#4773 = ORIENTED_EDGE ( 'NONE', *, *, #7090, .T. ) ;
#4774 = EDGE_CURVE ( 'NONE', #192, #2668, #6969, .T. ) ;
#4775 = CARTESIAN_POINT ( 'NONE',  ( 968.7699766253856524, -121.1008197756087128, 39.88545675709817573 ) ) ;
#4776 = CARTESIAN_POINT ( 'NONE',  ( 977.5498501895685877, -1.894945621538595804, 72.97557115643955683 ) ) ;
#4777 = CARTESIAN_POINT ( 'NONE',  ( 968.7699766253853113, -103.4492882495307668, -74.52853796843393752 ) ) ;
#4778 = B_SPLINE_CURVE_WITH_KNOTS ( 'NONE', 3,
 ( #7127, #3689, #1591, #5750, #7044, #1001, #3736, #314, #3609, #7679, #5788, #8535, #2381, #5128, #7005, #7850 ),
 .UNSPECIFIED., .F., .F.,
 ( 4, 2, 2, 2, 2, 2, 2, 4 ),
 ( 1.040834085586084257E-17, 0.0004891428882836038180, 0.0009782857765671972277, 0.001467428664850790529, 0.001956571553134384047, 0.002445714441417977565, 0.002934857329701570650, 0.003913143106268755084 ),
 .UNSPECIFIED. ) ;
#4779 = CARTESIAN_POINT ( 'NONE',  ( 967.7932074315648379, 52.84326640390112573, 50.36584764746643117 ) ) ;
#4780 = CARTESIAN_POINT ( 'NONE',  ( 968.1111217781452751, -69.94646526849025747, 20.89288363201791299 ) ) ;
#4781 = CARTESIAN_POINT ( 'NONE',  ( 976.4030299189490734, 117.6982742039768794, 49.02418001995575736 ) ) ;
#4782 = DIRECTION ( 'NONE',  ( 0.000000000000000000, -1.000000000000000000, 0.000000000000000000 ) ) ;
#4783 = VERTEX_POINT ( 'NONE', #8370 ) ;
#4784 = ORIENTED_EDGE ( 'NONE', *, *, #3067, .F. ) ;
#4785 = CARTESIAN_POINT ( 'NONE',  ( 977.5498501895683603, -72.97557115643952841, -1.894945621539354752 ) ) ;
#4786 = EDGE_CURVE ( 'NONE', #8810, #4204, #2924, .T. ) ;
#4787 = DIRECTION ( 'NONE',  ( 0.000000000000000000, 0.000000000000000000, -1.000000000000000000 ) ) ;
#4788 = CARTESIAN_POINT ( 'NONE',  ( 976.9470595414688887, 83.27268134854890036, -96.55011103273257334 ) ) ;
#4789 = CARTESIAN_POINT ( 'NONE',  ( 975.2932074315651789, 0.0001905234638420781959, 127.4999999998575078 ) ) ;
#4790 = FACE_OUTER_BOUND ( 'NONE', #3443, .T. ) ;
#4791 = CARTESIAN_POINT ( 'NONE',  ( 968.0090611264092786, -65.44414751109160022, -32.34335112270517243 ) ) ;
#4792 = AXIS2_PLACEMENT_3D ( 'NONE', #5880, #7049, #5536 ) ;
#4793 = LINE ( 'NONE', #8103, #7645 ) ;
#4794 = CARTESIAN_POINT ( 'NONE',  ( 970.1235730824608936, 58.82184773064321348, 43.23181964193738480 ) ) ;
#4795 = DIRECTION ( 'NONE',  ( -1.000000000000000000, -0.000000000000000000, -0.000000000000000000 ) ) ;
#4796 = CARTESIAN_POINT ( 'NONE',  ( 967.7932074315651789, 76.68763258958566098, 101.8595405614412215 ) ) ;
#4797 = ORIENTED_EDGE ( 'NONE', *, *, #5044, .F. ) ;
#4798 = DIRECTION ( 'NONE',  ( 1.000000000000000000, 0.000000000000000000, 0.000000000000000000 ) ) ;
#4799 = VERTEX_POINT ( 'NONE', #3578 ) ;
#4800 = AXIS2_PLACEMENT_3D ( 'NONE', #2776, #4120, #4644 ) ;
#4801 = ORIENTED_EDGE ( 'NONE', *, *, #3133, .F. ) ;
#4802 = CIRCLE ( 'NONE', #7203, 145.1627378425959307 ) ;
#4803 = DIRECTION ( 'NONE',  ( 0.000000000000000000, 0.000000000000000000, 1.000000000000000000 ) ) ;
#4804 = CARTESIAN_POINT ( 'NONE',  ( 977.7932074315651789, -51.09798870964436901, 116.8128655150152184 ) ) ;
#4805 = CARTESIAN_POINT ( 'NONE',  ( 986.7932074315651789, 0.000000000000000000, 127.4999999999998863 ) ) ;
#4806 = CARTESIAN_POINT ( 'NONE',  ( 975.2932074315651789, 22.17684843932680394, 69.54989139674560761 ) ) ;
#4807 = DIRECTION ( 'NONE',  ( -1.000000000000000000, -0.000000000000000000, -0.000000000000000000 ) ) ;
#4808 = CARTESIAN_POINT ( 'NONE',  ( 976.9692569047347206, -58.41869092465340429, -43.77524209731571148 ) ) ;
#4809 = AXIS2_PLACEMENT_3D ( 'NONE', #6829, #3909, #5312 ) ;
#4810 = AXIS2_PLACEMENT_3D ( 'NONE', #6105, #679, #1361 ) ;
#4811 = ORIENTED_EDGE ( 'NONE', *, *, #2512, .F. ) ;
#4812 = ORIENTED_EDGE ( 'NONE', *, *, #5058, .F. ) ;
#4813 = CARTESIAN_POINT ( 'NONE',  ( 976.1207935749462195, -69.25705445940729987, -23.07520686179222125 ) ) ;
#4814 = CARTESIAN_POINT ( 'NONE',  ( 976.4022747810962528, -103.2986311859071407, -74.73718411886594026 ) ) ;
#4815 = CIRCLE ( 'NONE', #2809, 160.1627378425955612 ) ;
#4816 = AXIS2_PLACEMENT_3D ( 'NONE', #6575, #5117, #7838 ) ;
#4817 = DIRECTION ( 'NONE',  ( 0.000000000000000000, 0.000000000000000000, 1.000000000000000000 ) ) ;
#4818 = CARTESIAN_POINT ( 'NONE',  ( 977.7770235444021409, 127.4815844785062211, -2.172812506019603962 ) ) ;
#4819 = FACE_OUTER_BOUND ( 'NONE', #4888, .T. ) ;
#4820 = SHAPE_DEFINITION_REPRESENTATION ( #6255, #6054 ) ;
#4821 = EDGE_CURVE ( 'NONE', #7643, #5296, #5068, .T. ) ;
#4822 = DIRECTION ( 'NONE',  ( 1.000000000000000000, 0.000000000000000000, 0.000000000000000000 ) ) ;
#4823 = CARTESIAN_POINT ( 'NONE',  ( 958.7932074315651789, 54.35287990626809318, 24.93532122852809962 ) ) ;
#4824 = CIRCLE ( 'NONE', #2100, 157.6627378425955328 ) ;
#4825 = CARTESIAN_POINT ( 'NONE',  ( 977.5758751313186394, 32.34700619779756892, -65.44234424317797050 ) ) ;
#4826 = VERTEX_POINT ( 'NONE', #5009 ) ;
#4827 = EDGE_CURVE ( 'NONE', #5510, #2668, #1190, .T. ) ;
#4828 = EDGE_CURVE ( 'NONE', #858, #2097, #2225, .T. ) ;
#4829 = CARTESIAN_POINT ( 'NONE',  ( 976.9020747459411496, -65.11296219121427953, 33.00478107639703040 ) ) ;
#4830 = DIRECTION ( 'NONE',  ( 1.000000000000000000, 0.000000000000000000, 0.000000000000000000 ) ) ;
#4831 = DIRECTION ( 'NONE',  ( 0.000000000000000000, 0.000000000000000000, 1.000000000000000000 ) ) ;
#4832 = CARTESIAN_POINT ( 'NONE',  ( 968.0467338867613307, -73.81270765121784905, 103.9613234645902793 ) ) ;
#4833 = CARTESIAN_POINT ( 'NONE',  ( 967.7932074315652926, 95.41535238628135573, 84.57060885639526759 ) ) ;
#4834 = CARTESIAN_POINT ( 'NONE',  ( 977.1970314762214684, 72.98809003458876532, 1.324380282075720006 ) ) ;
#4835 = ORIENTED_EDGE ( 'NONE', *, *, #299, .T. ) ;
#4836 = B_SPLINE_CURVE_WITH_KNOTS ( 'NONE', 3,
 ( #5527, #6818, #4095, #6147, #3326, #2031, #762, #6906, #1934, #5483, #4139, #3425, #6241, #3515, #1982, #8268 ),
 .UNSPECIFIED., .F., .F.,
 ( 4, 2, 2, 2, 2, 2, 2, 4 ),
 ( 0.000000000000000000, 0.0004891428882835906992, 0.0009782857765671813983, 0.001467428664850772098, 0.001956571553134362797, 0.002445714441417953279, 0.002934857329701544195, 0.003913143106268723859 ),
 .UNSPECIFIED. ) ;
#4837 = ORIENTED_EDGE ( 'NONE', *, *, #3664, .T. ) ;
#4838 = CARTESIAN_POINT ( 'NONE',  ( 977.1768636741707041, -74.25462401790444744, 103.6461003015395050 ) ) ;
#4839 = CARTESIAN_POINT ( 'NONE',  ( 969.9623921352654179, -66.62145485401340750, -108.7098512239558232 ) ) ;
#4840 = DIRECTION ( 'NONE',  ( 0.000000000000000000, 0.000000000000000000, 1.000000000000000000 ) ) ;
#4841 = CARTESIAN_POINT ( 'NONE',  ( 977.7932074315651789, 75.31834776957963129, -34.57128693312472478 ) ) ;
#4842 = DIRECTION ( 'NONE',  ( -1.000000000000000000, -0.000000000000000000, -0.000000000000000000 ) ) ;
#4843 = CARTESIAN_POINT ( 'NONE',  ( 977.7167836271273700, 60.42191134634670391, -40.96607929439543483 ) ) ;
#4844 = CARTESIAN_POINT ( 'NONE',  ( 975.2932074315651789, 42.58353461763815773, 59.29285437106560863 ) ) ;
#4845 = CARTESIAN_POINT ( 'NONE',  ( 975.2932074315651789, -127.1728735659488621, 147.6625660138610669 ) ) ;
#4846 = EDGE_CURVE ( 'NONE', #3886, #8157, #3502, .T. ) ;
#4847 = CARTESIAN_POINT ( 'NONE',  ( 976.8447230752969972, 43.68611028497861781, -58.48532727358088579 ) ) ;
#4848 = ORIENTED_EDGE ( 'NONE', *, *, #6544, .T. ) ;
#4849 = EDGE_LOOP ( 'NONE', ( #7521, #8886, #1012, #1754 ) ) ;
#4850 = ORIENTED_EDGE ( 'NONE', *, *, #761, .F. ) ;
#4851 = CARTESIAN_POINT ( 'NONE',  ( 977.6656042090995697, -41.00810288880862942, -120.7253427991529122 ) ) ;
#4852 = CARTESIAN_POINT ( 'NONE',  ( 975.6498138585350262, -52.18351250861411472, 51.04784909149515926 ) ) ;
#4853 = FACE_OUTER_BOUND ( 'NONE', #2705, .T. ) ;
#4854 = CARTESIAN_POINT ( 'NONE',  ( 969.4877991597933260, -75.04599984214543440, -103.0744965356951468 ) ) ;
#4855 = DIRECTION ( 'NONE',  ( 0.000000000000000000, 0.000000000000000000, 1.000000000000000000 ) ) ;
#4856 = AXIS2_PLACEMENT_3D ( 'NONE', #8116, #1972, #3267 ) ;
#4857 = EDGE_LOOP ( 'NONE', ( #7168, #6475, #5602, #6412 ) ) ;
#4858 = ORIENTED_EDGE ( 'NONE', *, *, #4828, .T. ) ;
#4859 = CARTESIAN_POINT ( 'NONE',  ( 970.2932074315650652, 194.2118649119463498, 16.09113731973548056 ) ) ;
#4860 = CARTESIAN_POINT ( 'NONE',  ( 977.7406944467917356, -34.38444728578384968, -64.39585937669505711 ) ) ;
#4861 = DIRECTION ( 'NONE',  ( 0.000000000000000000, 6.238659101498586888E-15, -1.000000000000000000 ) ) ;
#4862 = CARTESIAN_POINT ( 'NONE',  ( 989.0432074315651789, 0.000000000000000000, 0.000000000000000000 ) ) ;
#4863 = CARTESIAN_POINT ( 'NONE',  ( 977.7272465782217523, 124.3955953799699898, -27.96563472116800853 ) ) ;
#4864 = CARTESIAN_POINT ( 'NONE',  ( 1041.321464998407691, -117.7959364952304639, -48.78900844669439607 ) ) ;
#4865 = CARTESIAN_POINT ( 'NONE',  ( 975.4630272440170984, -22.17684843932637762, -69.54989139674570708 ) ) ;
#4866 = CIRCLE ( 'NONE', #1422, 127.4999999999998863 ) ;
#4867 = CIRCLE ( 'NONE', #116, 145.1627378425959591 ) ;
#4868 = CIRCLE ( 'NONE', #8155, 2.500000000000002220 ) ;
#4869 = ORIENTED_EDGE ( 'NONE', *, *, #1315, .T. ) ;
#4870 = CARTESIAN_POINT ( 'NONE',  ( 970.2932074315650652, -75.31834776957833810, 32.07128693312525058 ) ) ;
#4871 = VECTOR ( 'NONE', #7975, 1000.000000000000000 ) ;
#4872 = CARTESIAN_POINT ( 'NONE',  ( 1001.793207431565179, -37.92267161132591013, -30.55243370120933832 ) ) ;
#4873 = VECTOR ( 'NONE', #233, 1000.000000000000000 ) ;
#4874 = DIRECTION ( 'NONE',  ( 0.000000000000000000, 0.000000000000000000, -1.000000000000000000 ) ) ;
#4875 = FACE_BOUND ( 'NONE', #327, .T. ) ;
#4876 = DIRECTION ( 'NONE',  ( 0.000000000000000000, 0.000000000000000000, 1.000000000000000000 ) ) ;
#4877 = VERTEX_POINT ( 'NONE', #4326 ) ;
#4878 = ADVANCED_FACE ( 'NONE', ( #6342 ), #8502, .F. ) ;
#4879 = CIRCLE ( 'NONE', #2153, 7.275000000000003908 ) ;
#4880 = DIRECTION ( 'NONE',  ( 0.000000000000000000, 0.000000000000000000, -1.000000000000000000 ) ) ;
#4881 = CARTESIAN_POINT ( 'NONE',  ( 967.7932074315651789, -64.05771357844824365, 35.00870364782805666 ) ) ;
#4882 = CARTESIAN_POINT ( 'NONE',  ( 975.2932074315651789, 147.6625660138624028, 127.1728735659473131 ) ) ;
#4883 = CARTESIAN_POINT ( 'NONE',  ( 968.3375251523922316, -65.16187420913642825, -32.90820152241789032 ) ) ;
#4884 = CARTESIAN_POINT ( 'NONE',  ( 968.1244542515912599, -40.58262492360798035, -120.8690166593639503 ) ) ;
#4885 = DIRECTION ( 'NONE',  ( -1.000000000000000000, -0.000000000000000000, -0.000000000000000000 ) ) ;
#4886 = VECTOR ( 'NONE', #8128, 1000.000000000000000 ) ;
#4887 = CARTESIAN_POINT ( 'NONE',  ( 967.7932074315651789, 40.41366809279715255, 60.79256065741262205 ) ) ;
#4888 = EDGE_LOOP ( 'NONE', ( #6493, #871, #6457, #4414 ) ) ;
#4889 = ORIENTED_EDGE ( 'NONE', *, *, #132, .T. ) ;
#4890 = EDGE_CURVE ( 'NONE', #8422, #5414, #7988, .T. ) ;
#4891 = VERTEX_POINT ( 'NONE', #2178 ) ;
#4892 = CARTESIAN_POINT ( 'NONE',  ( 977.3428997317970470, 51.90707954211311659, 51.32913368933110831 ) ) ;
#4893 = CARTESIAN_POINT ( 'NONE',  ( 976.8184840389476449, -49.26361025842454211, 117.5982781023693349 ) ) ;
#4894 = EDGE_CURVE ( 'NONE', #964, #2444, #6284, .T. ) ;
#4895 = CARTESIAN_POINT ( 'NONE',  ( 976.1000973941279426, 108.7769603895794432, -66.51185507582405876 ) ) ;
#4896 = LINE ( 'NONE', #4385, #8807 ) ;
#4897 = DIRECTION ( 'NONE',  ( 0.000000000000000000, 0.000000000000000000, 1.000000000000000000 ) ) ;
#4898 = VERTEX_POINT ( 'NONE', #6590 ) ;
#4899 = ORIENTED_EDGE ( 'NONE', *, *, #747, .T. ) ;
#4900 = DIRECTION ( 'NONE',  ( 0.000000000000000000, 0.000000000000000000, 1.000000000000000000 ) ) ;
#4901 = CARTESIAN_POINT ( 'NONE',  ( 977.7770235444020273, -104.4119154599924002, -73.17395305238210312 ) ) ;
#4902 = EDGE_CURVE ( 'NONE', #1348, #7148, #2220, .T. ) ;
#4903 = DIRECTION ( 'NONE',  ( 1.000000000000000000, 0.000000000000000000, 0.000000000000000000 ) ) ;
#4904 = DIRECTION ( 'NONE',  ( -1.000000000000000000, -0.000000000000000000, -0.000000000000000000 ) ) ;
#4905 = CARTESIAN_POINT ( 'NONE',  ( 977.2807874479374277, 124.2011239235133218, -28.81578755823223759 ) ) ;
#4906 = CARTESIAN_POINT ( 'NONE',  ( 969.0416369157516101, -0.3298835427884401206, -127.4996054421149694 ) ) ;
#4907 = CARTESIAN_POINT ( 'NONE',  ( 967.7932074315651789, 104.5993812805927803, 72.90555147392494462 ) ) ;
#4908 = ORIENTED_EDGE ( 'NONE', *, *, #8811, .T. ) ;
#4909 = CARTESIAN_POINT ( 'NONE',  ( 976.1647925795699621, -65.33652317590124881, 32.55987644149993088 ) ) ;
#4910 = CARTESIAN_POINT ( 'NONE',  ( 0.000000000000000000, 0.000000000000000000, 0.000000000000000000 ) ) ;
#4911 = LINE ( 'NONE', #3483, #4418 ) ;
#4912 = DIRECTION ( 'NONE',  ( 1.000000000000000000, -0.000000000000000000, -0.000000000000000000 ) ) ;
#4913 = CARTESIAN_POINT ( 'NONE',  ( 977.7776520252657519, 72.95018361110180649, 2.701431954909954580 ) ) ;
#4914 = ORIENTED_EDGE ( 'NONE', *, *, #8780, .T. ) ;
#4915 = CARTESIAN_POINT ( 'NONE',  ( 976.5466784714078585, 83.05411223852148339, -96.73816593572176714 ) ) ;
#4916 = FACE_OUTER_BOUND ( 'NONE', #8391, .T. ) ;
#4917 = CARTESIAN_POINT ( 'NONE',  ( 977.0249106011896174, 11.44386281765858726, -72.09755706325351809 ) ) ;
#4918 = CARTESIAN_POINT ( 'NONE',  ( 977.5074755329792424, 51.10437686235184884, -52.12837554920736949 ) ) ;
#4919 = CARTESIAN_POINT ( 'NONE',  ( 967.7932074315651789, -51.09798870964434059, 116.8128655150150905 ) ) ;
#4920 = CARTESIAN_POINT ( 'NONE',  ( 977.4632779943992773, 28.54861536244773745, 124.2628076189818671 ) ) ;
#4921 = EDGE_CURVE ( 'NONE', #8782, #6370, #764, .T. ) ;
#4922 = CARTESIAN_POINT ( 'NONE',  ( 967.7932074315651789, 0.000000000000000000, 0.000000000000000000 ) ) ;
#4923 = CARTESIAN_POINT ( 'NONE',  ( 975.2932074315651789, 127.1728735659488621, 0.0001718287348795310976 ) ) ;
#4924 = ORIENTED_EDGE ( 'NONE', *, *, #8491, .F. ) ;
#4925 = ORIENTED_EDGE ( 'NONE', *, *, #5587, .F. ) ;
#4926 = ORIENTED_EDGE ( 'NONE', *, *, #2864, .T. ) ;
#4927 = DIRECTION ( 'NONE',  ( -1.000000000000000000, -0.000000000000000000, -0.000000000000000000 ) ) ;
#4928 = CARTESIAN_POINT ( 'NONE',  ( 977.7932074315651789, 2.500143588966718955, 127.4754850237273018 ) ) ;
#4929 = MECHANICAL_DESIGN_GEOMETRIC_PRESENTATION_REPRESENTATION (  '', ( #7197 ), #1909 ) ;
#4930 = CARTESIAN_POINT ( 'NONE',  ( 976.8184840389474175, 108.9776314668915518, -66.18258190946104946 ) ) ;
#4931 = LINE ( 'NONE', #1656, #7496 ) ;
#4932 = EDGE_CURVE ( 'NONE', #3250, #1348, #920, .T. ) ;
#4933 = DIRECTION ( 'NONE',  ( -1.000000000000000000, -0.000000000000000000, -0.000000000000000000 ) ) ;
#4934 = VERTEX_POINT ( 'NONE', #4588 ) ;
#4935 = AXIS2_PLACEMENT_3D ( 'NONE', #4260, #5740, #2329 ) ;
#4936 = EDGE_CURVE ( 'NONE', #1649, #2889, #4357, .T. ) ;
#4937 = VECTOR ( 'NONE', #8101, 1000.000000000000000 ) ;
#4938 = ORIENTED_EDGE ( 'NONE', *, *, #3306, .T. ) ;
#4939 = DIRECTION ( 'NONE',  ( -1.000000000000000000, 0.000000000000000000, -0.000000000000000000 ) ) ;
#4940 = CARTESIAN_POINT ( 'NONE',  ( 977.7932074315651789, -104.5993812805923255, -72.90555147392579727 ) ) ;
#4941 = CARTESIAN_POINT ( 'NONE',  ( 969.4877991597930986, 39.52121605558685502, 121.2201609051973605 ) ) ;
#4942 = FACE_OUTER_BOUND ( 'NONE', #6974, .T. ) ;
#4943 = AXIS2_PLACEMENT_3D ( 'NONE', #7774, #5588, #7600 ) ;
#4944 = VECTOR ( 'NONE', #3948, 1000.000000000000000 ) ;
#4945 = CARTESIAN_POINT ( 'NONE',  ( 969.6300527781542087, -23.02345452594250119, 69.27425060708168303 ) ) ;
#4946 = DIRECTION ( 'NONE',  ( -1.000000000000000000, -0.000000000000000000, -0.000000000000000000 ) ) ;
#4947 = ORIENTED_EDGE ( 'NONE', *, *, #3009, .T. ) ;
#4948 = CARTESIAN_POINT ( 'NONE',  ( 977.7272465782218660, 95.74257016239607765, 84.20036302768338032 ) ) ;
#4949 = EDGE_CURVE ( 'NONE', #275, #6813, #4802, .T. ) ;
#4950 = AXIS2_PLACEMENT_3D ( 'NONE', #3028, #3690, #7176 ) ;
#4951 = AXIS2_PLACEMENT_3D ( 'NONE', #1393, #3318, #5472 ) ;
#4952 = CARTESIAN_POINT ( 'NONE',  ( 968.6815957473299932, -11.56830938714630896, 72.07764990110828762 ) ) ;
#4953 = ORIENTED_EDGE ( 'NONE', *, *, #6611, .F. ) ;
#4954 = DIRECTION ( 'NONE',  ( -1.000000000000000000, -0.000000000000000000, -0.000000000000000000 ) ) ;
#4955 = CIRCLE ( 'NONE', #491, 127.4999999999998863 ) ;
#4956 = CARTESIAN_POINT ( 'NONE',  ( 970.2932074315650652, 16.09113731973758732, -194.2118649119462646 ) ) ;
#4957 = AXIS2_PLACEMENT_3D ( 'NONE', #7527, #4132, #1922 ) ;
#4958 = FACE_OUTER_BOUND ( 'NONE', #8431, .T. ) ;
#4959 = FACE_BOUND ( 'NONE', #901, .T. ) ;
#4960 = CARTESIAN_POINT ( 'NONE',  ( 975.2932074315651789, 72.99890046992466353, 0.4006621794154086591 ) ) ;
#4961 = VERTEX_POINT ( 'NONE', #5925 ) ;
#4962 = AXIS2_PLACEMENT_3D ( 'NONE', #4634, #4782, #7498 ) ;
#4963 = CARTESIAN_POINT ( 'NONE',  ( 968.9537006561655517, -65.21606846135230739, 32.80057639413794135 ) ) ;
#4964 = CARTESIAN_POINT ( 'NONE',  ( 970.2932074315650652, 166.5788324321696336, -101.1368664649733233 ) ) ;
#4965 = CARTESIAN_POINT ( 'NONE',  ( 967.7932074315651789, -101.1368664649716322, -166.5788324321706853 ) ) ;
#4966 = CARTESIAN_POINT ( 'NONE',  ( 969.0366317484429146, -49.09702080194723806, 117.6679267648989651 ) ) ;
#4967 = EDGE_LOOP ( 'NONE', ( #2282, #8642, #2683, #6177 ) ) ;
#4968 = CARTESIAN_POINT ( 'NONE',  ( 975.9514122167594223, -127.5000437372089408, 0.06653275332122268737 ) ) ;
#4969 = ORIENTED_EDGE ( 'NONE', *, *, #1655, .F. ) ;
#4970 = ORIENTED_EDGE ( 'NONE', *, *, #8760, .F. ) ;
#4971 = ORIENTED_EDGE ( 'NONE', *, *, #1840, .T. ) ;
#4972 = CARTESIAN_POINT ( 'NONE',  ( 976.9020747459416043, -64.97386769550291774, -33.27776939493810460 ) ) ;
#4973 = CARTESIAN_POINT ( 'NONE',  ( 976.9464254848243172, -39.98676962159598958, -121.0674256395441688 ) ) ;
#4974 = EDGE_CURVE ( 'NONE', #3559, #7195, #2259, .T. ) ;
#4975 = CARTESIAN_POINT ( 'NONE',  ( 977.0249106011895037, 33.11960126731462140, 65.05468271056727758 ) ) ;
#4976 = AXIS2_PLACEMENT_3D ( 'NONE', #8386, #247, #5640 ) ;
#4977 = CARTESIAN_POINT ( 'NONE',  ( 969.0366317484431420, -117.6679267648988230, -49.09702080194760043 ) ) ;
#4978 = ORIENTED_EDGE ( 'NONE', *, *, #5325, .F. ) ;
#4979 = ORIENTED_EDGE ( 'NONE', *, *, #2454, .T. ) ;
#4980 = CARTESIAN_POINT ( 'NONE',  ( 968.6178405014127293, 23.57980550784864704, -69.08695893394957466 ) ) ;
#4981 = EDGE_CURVE ( 'NONE', #36, #5859, #5920, .T. ) ;
#4982 = LINE ( 'NONE', #2370, #1994 ) ;
#4983 = ADVANCED_FACE ( 'NONE', ( #1008 ), #3742, .T. ) ;
#4984 = CARTESIAN_POINT ( 'NONE',  ( 1007.993207431565224, 33.59192716851458727, -46.23532122852844140 ) ) ;
#4985 = CARTESIAN_POINT ( 'NONE',  ( 968.0784268819824092, 33.78597282264785662, 64.71114907048955445 ) ) ;
#4986 = DIRECTION ( 'NONE',  ( -1.000000000000000000, -0.000000000000000000, -0.000000000000000000 ) ) ;
#4987 = CARTESIAN_POINT ( 'NONE',  ( 968.6413363216277048, -0.6166037332541001170, -127.4985610765642434 ) ) ;
#4988 = ORIENTED_EDGE ( 'NONE', *, *, #1594, .T. ) ;
#4989 = ORIENTED_EDGE ( 'NONE', *, *, #5803, .F. ) ;
#4990 = CARTESIAN_POINT ( 'NONE',  ( 1007.993207431565224, 0.000000000000000000, 57.15000000000000568 ) ) ;
#4991 = ORIENTED_EDGE ( 'NONE', *, *, #4774, .F. ) ;
#4992 = EDGE_CURVE ( 'NONE', #1348, #4597, #4602, .T. ) ;
#4993 = ADVANCED_FACE ( 'NONE', ( #3350 ), #2624, .F. ) ;
#4994 = CARTESIAN_POINT ( 'NONE',  ( 976.4259520426954850, -43.45842787022900922, 58.65466572367380138 ) ) ;
#4995 = CARTESIAN_POINT ( 'NONE',  ( 977.7136058903372486, -37.63274419455512287, 121.8197523381327301 ) ) ;
#4996 = CARTESIAN_POINT ( 'NONE',  ( 968.7699766253857661, 38.91326355973259155, -121.4167044939764111 ) ) ;
#4997 = DIRECTION ( 'NONE',  ( 0.000000000000000000, 0.000000000000000000, -1.000000000000000000 ) ) ;
#4998 = ORIENTED_EDGE ( 'NONE', *, *, #8592, .T. ) ;
#4999 = TOROIDAL_SURFACE ( 'NONE', #985, 160.1627378425955612, 2.500000000000000000 ) ;
#5000 = AXIS2_PLACEMENT_3D ( 'NONE', #508, #3255, #5360 ) ;
#5001 = ORIENTED_EDGE ( 'NONE', *, *, #8826, .T. ) ;
#5002 = CARTESIAN_POINT ( 'NONE',  ( 975.2932074315651789, 166.5788324321696336, -101.1368664649733233 ) ) ;
#5003 = AXIS2_PLACEMENT_3D ( 'NONE', #6891, #4885, #2227 ) ;
#5004 = CIRCLE ( 'NONE', #6713, 147.6627378425959307 ) ;
#5005 = EDGE_CURVE ( 'NONE', #1900, #4637, #6626, .T. ) ;
#5006 = AXIS2_PLACEMENT_3D ( 'NONE', #3244, #6682, #7448 ) ;
#5007 = DIRECTION ( 'NONE',  ( -1.000000000000000000, -0.000000000000000000, -0.000000000000000000 ) ) ;
#5008 = DIRECTION ( 'NONE',  ( 0.000000000000000000, 0.000000000000000000, 1.000000000000000000 ) ) ;
#5009 = CARTESIAN_POINT ( 'NONE',  ( 977.7932074315651789, 104.5993812805928940, 72.90555147392502988 ) ) ;
#5010 = CARTESIAN_POINT ( 'NONE',  ( 970.2932074315650652, 103.1497787695729755, 74.94246553048621706 ) ) ;
#5011 = CARTESIAN_POINT ( 'NONE',  ( 977.7932074315651789, 53.09017784785636707, 50.10422153953662416 ) ) ;
#5012 = CARTESIAN_POINT ( 'NONE',  ( 967.9202297398430801, 124.3628781294372914, -28.10956385634628774 ) ) ;
#5013 = ORIENTED_EDGE ( 'NONE', *, *, #2172, .T. ) ;
#5014 = DIRECTION ( 'NONE',  ( -1.000000000000000000, -0.000000000000000000, -0.000000000000000000 ) ) ;
#5015 = AXIS2_PLACEMENT_3D ( 'NONE', #8680, #7870, #3836 ) ;
#5016 = EDGE_LOOP ( 'NONE', ( #6787, #5280, #3945, #5723 ) ) ;
#5017 = VECTOR ( 'NONE', #6551, 1000.000000000000000 ) ;
#5018 = VERTEX_POINT ( 'NONE', #1865 ) ;
#5019 = ORIENTED_EDGE ( 'NONE', *, *, #6946, .T. ) ;
#5020 = CARTESIAN_POINT ( 'NONE',  ( 977.1970314762214684, 69.00654262515682547, 23.81412070497668410 ) ) ;
#5021 = CARTESIAN_POINT ( 'NONE',  ( 976.5466784714077448, 49.09541737075313250, -117.6685952220374958 ) ) ;
#5022 = CIRCLE ( 'NONE', #7435, 145.1627378425959876 ) ;
#5023 = DIRECTION ( 'NONE',  ( -1.000000000000000000, -0.000000000000000000, -0.000000000000000000 ) ) ;
#5024 = CIRCLE ( 'NONE', #564, 157.6627378425955044 ) ;
#5025 = DIRECTION ( 'NONE',  ( -1.000000000000000000, -0.000000000000000000, -0.000000000000000000 ) ) ;
#5026 = DIRECTION ( 'NONE',  ( 0.000000000000000000, 0.000000000000000000, 1.000000000000000000 ) ) ;
#5027 = VERTEX_POINT ( 'NONE', #8732 ) ;
#5028 = EDGE_LOOP ( 'NONE', ( #1573, #8795, #939, #4238 ) ) ;
#5029 = DIRECTION ( 'NONE',  ( 0.000000000000000000, -1.874021116842617045E-13, 1.000000000000000000 ) ) ;
#5030 = CARTESIAN_POINT ( 'NONE',  ( 967.7932074315651789, 0.000000000000000000, 0.000000000000000000 ) ) ;
#5031 = DIRECTION ( 'NONE',  ( 0.000000000000000000, 0.000000000000000000, 1.000000000000000000 ) ) ;
#5032 = CARTESIAN_POINT ( 'NONE',  ( 967.7932074315651789, -31.24617919969634983, 65.97481553911633512 ) ) ;
#5033 = CARTESIAN_POINT ( 'NONE',  ( 977.2807874479374277, 65.78570054226923958, 109.2177201768465835 ) ) ;
#5034 = CARTESIAN_POINT ( 'NONE',  ( 977.7932074315649515, -95.52520227060911395, -84.44699599223612552 ) ) ;
#5035 = EDGE_CURVE ( 'NONE', #6422, #5018, #3508, .T. ) ;
#5036 = EDGE_LOOP ( 'NONE', ( #2249, #534, #7573, #178 ) ) ;
#5037 = ORIENTED_EDGE ( 'NONE', *, *, #5423, .F. ) ;
#5038 = DIRECTION ( 'NONE',  ( -1.000000000000000000, -0.000000000000000000, -0.000000000000000000 ) ) ;
#5039 = VERTEX_POINT ( 'NONE', #6749 ) ;
#5040 = CARTESIAN_POINT ( 'NONE',  ( 969.4877991597930986, 0.1278202810027737335, 127.4999513347753748 ) ) ;
#5041 = DIRECTION ( 'NONE',  ( 0.000000000000000000, 0.000000000000000000, 1.000000000000000000 ) ) ;
#5042 = CARTESIAN_POINT ( 'NONE',  ( 967.7932074315651789, -147.6625660138615217, -127.1728735659483362 ) ) ;
#5043 = CARTESIAN_POINT ( 'NONE',  ( 967.7932074315651789, 0.000000000000000000, 0.000000000000000000 ) ) ;
#5044 = EDGE_CURVE ( 'NONE', #8562, #5039, #1354, .T. ) ;
#5045 = ORIENTED_EDGE ( 'NONE', *, *, #5142, .T. ) ;
#5046 = EDGE_CURVE ( 'NONE', #2233, #862, #5777, .T. ) ;
#5047 = EDGE_LOOP ( 'NONE', ( #5603, #7320 ) ) ;
#5048 = CARTESIAN_POINT ( 'NONE',  ( 976.5476831198554919, 75.21056357321216979, 102.9545019977004756 ) ) ;
#5049 = CARTESIAN_POINT ( 'NONE',  ( 976.9464254848243172, -121.0674256395440693, 39.98676962159639459 ) ) ;
#5050 = DIRECTION ( 'NONE',  ( -1.000000000000000000, -0.000000000000000000, -0.000000000000000000 ) ) ;
#5051 = DIRECTION ( 'NONE',  ( 1.000000000000000000, 0.000000000000000000, 0.000000000000000000 ) ) ;
#5052 = CARTESIAN_POINT ( 'NONE',  ( 967.8595308706300102, -41.14754567031802424, -120.6781663539950245 ) ) ;
#5053 = DIRECTION ( 'NONE',  ( -1.000000000000000000, -0.000000000000000000, -0.000000000000000000 ) ) ;
#5054 = CARTESIAN_POINT ( 'NONE',  ( 977.2455835626557246, -11.67301300285402021, -72.06081111196080258 ) ) ;
#5055 = ORIENTED_EDGE ( 'NONE', *, *, #2029, .F. ) ;
#5056 = CARTESIAN_POINT ( 'NONE',  ( 968.2424519787783765, 51.32783707037740584, -51.90836074538103162 ) ) ;
#5057 = ORIENTED_EDGE ( 'NONE', *, *, #8177, .F. ) ;
#5058 = EDGE_CURVE ( 'NONE', #1697, #1086, #3974, .T. ) ;
#5059 = VERTEX_POINT ( 'NONE', #3841 ) ;
#5060 = ORIENTED_EDGE ( 'NONE', *, *, #3558, .T. ) ;
#5061 = CARTESIAN_POINT ( 'NONE',  ( 977.3428997317970470, -65.22814085692425579, -32.77673736413877492 ) ) ;
#5062 = CARTESIAN_POINT ( 'NONE',  ( 967.7932074315651789, -60.79256065741276416, 40.41366809279693229 ) ) ;
#5063 = CARTESIAN_POINT ( 'NONE',  ( 969.0416369157513827, 102.9554468973466328, -75.20926914426459575 ) ) ;
#5064 = CARTESIAN_POINT ( 'NONE',  ( 970.1281350223661093, 121.2597647024848442, 39.39948558417962943 ) ) ;
#5065 = CARTESIAN_POINT ( 'NONE',  ( 969.1008202615158780, 72.17522118456891178, -10.94278251860410300 ) ) ;
#5066 = ORIENTED_EDGE ( 'NONE', *, *, #2197, .F. ) ;
#5067 = ORIENTED_EDGE ( 'NONE', *, *, #4172, .F. ) ;
#5068 = CIRCLE ( 'NONE', #7922, 72.99999999999987210 ) ;
#5069 = CARTESIAN_POINT ( 'NONE',  ( 968.7444331958880639, 23.47275605684055932, -69.12336451063781340 ) ) ;
#5070 = DIRECTION ( 'NONE',  ( -1.000000000000000000, -0.000000000000000000, -0.000000000000000000 ) ) ;
#5071 = DIRECTION ( 'NONE',  ( 1.000000000000000000, -0.000000000000000000, -0.000000000000000000 ) ) ;
#5072 = CARTESIAN_POINT ( 'NONE',  ( 967.7932074315651789, 0.000000000000000000, 0.000000000000000000 ) ) ;
#5073 = AXIS2_PLACEMENT_3D ( 'NONE', #3231, #8695, #1253 ) ;
#5074 = CARTESIAN_POINT ( 'NONE',  ( 970.2932074315650652, 166.5788324321696336, -101.1368664649733233 ) ) ;
#5075 = CARTESIAN_POINT ( 'NONE',  ( 977.7932074315651789, -95.30549004550502445, -84.69423573765878643 ) ) ;
#5076 = VERTEX_POINT ( 'NONE', #3178 ) ;
#5077 = ORIENTED_EDGE ( 'NONE', *, *, #1904, .T. ) ;
#5078 = FACE_OUTER_BOUND ( 'NONE', #7562, .T. ) ;
#5079 = ORIENTED_EDGE ( 'NONE', *, *, #6568, .T. ) ;
#5080 = AXIS2_PLACEMENT_3D ( 'NONE', #8301, #1568, #7106 ) ;
#5081 = CIRCLE ( 'NONE', #3224, 147.6627378425959876 ) ;
#5082 = EDGE_CURVE ( 'NONE', #5168, #119, #4349, .T. ) ;
#5083 = CYLINDRICAL_SURFACE ( 'NONE', #3287, 7.275000000000003908 ) ;
#5084 = CARTESIAN_POINT ( 'NONE',  ( 976.8206886417103760, -38.91023553284801295, 121.4176755063816415 ) ) ;
#5085 = CARTESIAN_POINT ( 'NONE',  ( 977.3428997317970470, 72.16421727347923820, 11.01592561678598692 ) ) ;
#5086 = DIRECTION ( 'NONE',  ( -1.000000000000000000, -0.000000000000000000, -0.000000000000000000 ) ) ;
#5087 = TOROIDAL_SURFACE ( 'NONE', #1366, 160.1627378425955612, 2.500000000000000000 ) ;
#5088 = EDGE_CURVE ( 'NONE', #7046, #3552, #6064, .T. ) ;
#5089 = AXIS2_PLACEMENT_3D ( 'NONE', #7925, #2463, #1160 ) ;
#5090 = ORIENTED_EDGE ( 'NONE', *, *, #434, .T. ) ;
#5091 = EDGE_CURVE ( 'NONE', #404, #8306, #2790, .T. ) ;
#5092 = ADVANCED_FACE ( 'NONE', ( #6258 ), #4635, .F. ) ;
#5093 = AXIS2_PLACEMENT_3D ( 'NONE', #1472, #2865, #285 ) ;
#5094 = CIRCLE ( 'NONE', #3803, 160.1627378425955612 ) ;
#5095 = DIRECTION ( 'NONE',  ( 0.000000000000000000, 0.000000000000000000, 1.000000000000000000 ) ) ;
#5096 = CARTESIAN_POINT ( 'NONE',  ( 976.4022747810960254, -121.1810640569674291, 39.64093350213244804 ) ) ;
#5097 = CARTESIAN_POINT ( 'NONE',  ( 1007.993207431565224, 0.000000000000000000, 57.15000000000000568 ) ) ;
#5098 = CARTESIAN_POINT ( 'NONE',  ( 967.8087372738299337, 19.97392238936607711, 70.21445559480712006 ) ) ;
#5099 = CARTESIAN_POINT ( 'NONE',  ( 977.7770235444020273, 104.4119154599929544, 73.17395305238132153 ) ) ;
#5100 = CARTESIAN_POINT ( 'NONE',  ( 977.7932074315651789, -35.00870364782783639, -64.05771357844852787 ) ) ;
#5101 = EDGE_LOOP ( 'NONE', ( #6037, #2828, #1870, #495, #3796, #6274, #5208, #4908 ) ) ;
#5102 = CARTESIAN_POINT ( 'NONE',  ( 976.9692569047347206, -23.58036096419434813, 69.08677041827243670 ) ) ;
#5103 = ORIENTED_EDGE ( 'NONE', *, *, #2175, .T. ) ;
#5104 = ORIENTED_EDGE ( 'NONE', *, *, #761, .T. ) ;
#5105 = ORIENTED_EDGE ( 'NONE', *, *, #3116, .F. ) ;
#5106 = CARTESIAN_POINT ( 'NONE',  ( 975.6233520302656643, 103.1495547958088963, -74.94277380392571786 ) ) ;
#5107 = CARTESIAN_POINT ( 'NONE',  ( 970.2932074315650652, -189.6788945569601879, 44.71118576450717796 ) ) ;
#5108 = CARTESIAN_POINT ( 'NONE',  ( 968.4077548216921514, 28.93744009519880933, 124.1728150115829834 ) ) ;
#5109 = CARTESIAN_POINT ( 'NONE',  ( 968.1244542515913736, 102.4125451343366535, -75.94695012309129822 ) ) ;
#5110 = CARTESIAN_POINT ( 'NONE',  ( 977.7932074315654063, -76.81925090259147737, -101.7599132250504397 ) ) ;
#5111 = EDGE_CURVE ( 'NONE', #4592, #549, #1525, .T. ) ;
#5112 = DIRECTION ( 'NONE',  ( 0.000000000000000000, 0.000000000000000000, -1.000000000000000000 ) ) ;
#5113 = ORIENTED_EDGE ( 'NONE', *, *, #477, .T. ) ;
#5114 = ORIENTED_EDGE ( 'NONE', *, *, #3389, .T. ) ;
#5115 = CARTESIAN_POINT ( 'NONE',  ( 975.6233520302655506, 39.39984798134371147, 121.2596469525083620 ) ) ;
#5116 = CARTESIAN_POINT ( 'NONE',  ( 976.9470595414693435, -66.09193854282987957, -109.0326513438097180 ) ) ;
#5117 = DIRECTION ( 'NONE',  ( 1.000000000000000000, 0.000000000000000000, 0.000000000000000000 ) ) ;
#5118 = ADVANCED_FACE ( 'NONE', ( #4790 ), #6489, .F. ) ;
#5119 = DIRECTION ( 'NONE',  ( 0.000000000000000000, 0.000000000000000000, 1.000000000000000000 ) ) ;
#5120 = CARTESIAN_POINT ( 'NONE',  ( 969.1618290769855548, -23.20540721747707735, 69.21353801937512173 ) ) ;
#5121 = DIRECTION ( 'NONE',  ( -1.000000000000000000, -0.000000000000000000, -0.000000000000000000 ) ) ;
#5122 = VERTEX_POINT ( 'NONE', #1331 ) ;
#5123 = ORIENTED_EDGE ( 'NONE', *, *, #2864, .F. ) ;
#5124 = DIRECTION ( 'NONE',  ( 1.000000000000000000, 0.000000000000000000, 0.000000000000000000 ) ) ;
#5125 = ORIENTED_EDGE ( 'NONE', *, *, #7501, .T. ) ;
#5126 = CARTESIAN_POINT ( 'NONE',  ( 1007.993207431565224, 0.000000000000000000, 0.000000000000000000 ) ) ;
#5127 = CARTESIAN_POINT ( 'NONE',  ( 967.9165188163373159, -44.67405905885198791, 57.73433002227732658 ) ) ;
#5128 = CARTESIAN_POINT ( 'NONE',  ( 969.6337287287652771, 127.1020289458889039, 10.06677788592973144 ) ) ;
#5129 = FACE_OUTER_BOUND ( 'NONE', #2000, .T. ) ;
#5130 = AXIS2_PLACEMENT_3D ( 'NONE', #6091, #716, #6133 ) ;
#5131 = AXIS2_PLACEMENT_3D ( 'NONE', #3426, #6006, #2798 ) ;
#5132 = VERTEX_POINT ( 'NONE', #6213 ) ;
#5133 = EDGE_CURVE ( 'NONE', #2316, #5815, #5505, .T. ) ;
#5134 = CARTESIAN_POINT ( 'NONE',  ( 970.2932074315650652, -127.1728735659488621, 147.6625660138610669 ) ) ;
#5135 = CARTESIAN_POINT ( 'NONE',  ( 977.4756012051087737, -60.06722124005563757, 41.48432463750859966 ) ) ;
#5136 = CARTESIAN_POINT ( 'NONE',  ( 969.5872790110975075, 10.71290754374504317, 72.20966357379256806 ) ) ;
#5137 = DIRECTION ( 'NONE',  ( 1.000000000000000000, 0.000000000000000000, 0.000000000000000000 ) ) ;
#5138 = CARTESIAN_POINT ( 'NONE',  ( 977.1768636741708178, 103.6461003015397750, 74.25462401790416322 ) ) ;
#5139 = CARTESIAN_POINT ( 'NONE',  ( 968.1216482860448878, 124.2634208423731366, -28.54594227563208264 ) ) ;
#5140 = EDGE_LOOP ( 'NONE', ( #1625, #8131 ) ) ;
#5141 = CARTESIAN_POINT ( 'NONE',  ( 975.2932074315651789, -44.71118576450651716, -189.6788945569603584 ) ) ;
#5142 = EDGE_CURVE ( 'NONE', #3181, #8782, #4611, .T. ) ;
#5143 = ORIENTED_EDGE ( 'NONE', *, *, #3735, .T. ) ;
#5144 = ORIENTED_EDGE ( 'NONE', *, *, #5886, .F. ) ;
#5145 = DIRECTION ( 'NONE',  ( -1.000000000000000000, -0.000000000000000000, -0.000000000000000000 ) ) ;
#5146 = AXIS2_PLACEMENT_3D ( 'NONE', #7688, #6308, #6844 ) ;
#5147 = VECTOR ( 'NONE', #2542, 1000.000000000000000 ) ;
#5148 = ORIENTED_EDGE ( 'NONE', *, *, #4600, .T. ) ;
#5149 = CARTESIAN_POINT ( 'NONE',  ( 977.7932074315651789, 101.6602862201769568, -76.95086877762767585 ) ) ;
#5150 = CIRCLE ( 'NONE', #7571, 145.1627378425959307 ) ;
#5151 = CARTESIAN_POINT ( 'NONE',  ( 977.1970314762214684, 69.82505465350942586, -21.29499971033584416 ) ) ;
#5152 = DIRECTION ( 'NONE',  ( -1.000000000000000000, -0.000000000000000000, -0.000000000000000000 ) ) ;
#5153 = CARTESIAN_POINT ( 'NONE',  ( 1041.321464998407691, 166.5788324321696336, -101.1368664649733233 ) ) ;
#5154 = CARTESIAN_POINT ( 'NONE',  ( 976.4259520426954850, 0.6822592053132797707, -72.99684435977063401 ) ) ;
#5155 = AXIS2_PLACEMENT_3D ( 'NONE', #2306, #2385, #7047 ) ;
#5156 = CIRCLE ( 'NONE', #2280, 145.1627378425959307 ) ;
#5157 = EDGE_CURVE ( 'NONE', #4713, #833, #480, .T. ) ;
#5158 = ORIENTED_EDGE ( 'NONE', *, *, #1210, .T. ) ;
#5159 = ORIENTED_EDGE ( 'NONE', *, *, #5271, .F. ) ;
#5160 = EDGE_CURVE ( 'NONE', #1183, #8654, #1916, .T. ) ;
#5161 = CARTESIAN_POINT ( 'NONE',  ( 977.7932074315651789, -64.46894917794577395, -110.0000208722317439 ) ) ;
#5162 = VECTOR ( 'NONE', #2260, 1000.000000000000000 ) ;
#5163 = CIRCLE ( 'NONE', #5864, 160.1627378425955612 ) ;
#5164 = CARTESIAN_POINT ( 'NONE',  ( 976.9692569047347206, 58.41869092465371693, 43.77524209731529226 ) ) ;
#5165 = CARTESIAN_POINT ( 'NONE',  ( 976.5466784714077448, 127.0808025627092377, 10.33092098284912552 ) ) ;
#5166 = CARTESIAN_POINT ( 'NONE',  ( 976.8184840389477586, -10.51261110963596224, 127.0659014684652703 ) ) ;
#5167 = DIRECTION ( 'NONE',  ( 1.000000000000000000, 0.000000000000000000, 0.000000000000000000 ) ) ;
#5168 = VERTEX_POINT ( 'NONE', #3449 ) ;
#5169 = EDGE_LOOP ( 'NONE', ( #2441, #2025, #4406, #5879 ) ) ;
#5170 = ADVANCED_FACE ( 'NONE', ( #6170 ), #19, .T. ) ;
#5171 = CYLINDRICAL_SURFACE ( 'NONE', #7726, 157.6627378425955328 ) ;
#5172 = ORIENTED_EDGE ( 'NONE', *, *, #1889, .T. ) ;
#5173 = DIRECTION ( 'NONE',  ( 0.000000000000000000, 0.000000000000000000, -1.000000000000000000 ) ) ;
#5174 = LINE ( 'NONE', #1751, #7293 ) ;
#5175 = FACE_OUTER_BOUND ( 'NONE', #1283, .T. ) ;
#5176 = VERTEX_POINT ( 'NONE', #2105 ) ;
#5177 = EDGE_LOOP ( 'NONE', ( #3140, #3739, #8139, #5771 ) ) ;
#5178 = CARTESIAN_POINT ( 'NONE',  ( 970.2932074315650652, -82.80205065214599358, 96.95396024814783686 ) ) ;
#5179 = CARTESIAN_POINT ( 'NONE',  ( 977.7167836271273700, -60.42191134634641969, 40.96607929439583984 ) ) ;
#5180 = CARTESIAN_POINT ( 'NONE',  ( 967.8724445145012396, 11.85480852598925949, -126.9477810806508842 ) ) ;
#5181 = CARTESIAN_POINT ( 'NONE',  ( 968.0467338867611033, 103.9613234645905067, 73.81270765121749378 ) ) ;
#5182 = DIRECTION ( 'NONE',  ( 1.000000000000000000, 0.000000000000000000, 0.000000000000000000 ) ) ;
#5183 = DIRECTION ( 'NONE',  ( 0.000000000000000000, 0.000000000000000000, 1.000000000000000000 ) ) ;
#5184 = DIRECTION ( 'NONE',  ( 0.000000000000000000, 0.000000000000000000, 1.000000000000000000 ) ) ;
#5185 = EDGE_LOOP ( 'NONE', ( #3523, #4784, #3544, #1779 ) ) ;
#5186 = DIRECTION ( 'NONE',  ( 0.000000000000000000, 3.571354184554636721E-15, 1.000000000000000000 ) ) ;
#5187 = ORIENTED_EDGE ( 'NONE', *, *, #1606, .F. ) ;
#5188 = ORIENTED_EDGE ( 'NONE', *, *, #3818, .T. ) ;
#5189 = CARTESIAN_POINT ( 'NONE',  ( 969.6464772890310542, -39.32375612313937552, 121.2843485790307199 ) ) ;
#5190 = ORIENTED_EDGE ( 'NONE', *, *, #7382, .T. ) ;
#5191 = CARTESIAN_POINT ( 'NONE',  ( 968.5562076621528149, 65.03524386938150315, 33.15775373479720400 ) ) ;
#5192 = CARTESIAN_POINT ( 'NONE',  ( 976.9020747459413769, -33.27776939493781327, 64.97386769550304564 ) ) ;
#5193 = EDGE_CURVE ( 'NONE', #3683, #5956, #2816, .T. ) ;
#5194 = CARTESIAN_POINT ( 'NONE',  ( 968.1216482860448878, 109.3603548456493826, -65.54831323448462399 ) ) ;
#5195 = CARTESIAN_POINT ( 'NONE',  ( 970.2932074315650652, 103.1495547958089674, -74.94277380392571786 ) ) ;
#5196 = CARTESIAN_POINT ( 'NONE',  ( 967.7932074315651789, 122.0089775570693860, 37.01431338656011150 ) ) ;
#5197 = LINE ( 'NONE', #1778, #4222 ) ;
#5198 = ORIENTED_EDGE ( 'NONE', *, *, #8031, .F. ) ;
#5199 = ORIENTED_EDGE ( 'NONE', *, *, #1250, .F. ) ;
#5200 = CARTESIAN_POINT ( 'NONE',  ( 967.7932074315651789, -31.24617919969634983, 65.97481553911633512 ) ) ;
#5201 = CARTESIAN_POINT ( 'NONE',  ( 968.0090611264089375, -52.24643779185295500, -50.98370860737917809 ) ) ;
#5202 = EDGE_CURVE ( 'NONE', #1284, #2533, #7378, .T. ) ;
#5203 = DIRECTION ( 'NONE',  ( 0.000000000000000000, -9.398300485670094350E-16, -1.000000000000000000 ) ) ;
#5204 = CARTESIAN_POINT ( 'NONE',  ( 0.000000000000000000, 0.000000000000000000, 0.000000000000000000 ) ) ;
#5205 = CARTESIAN_POINT ( 'NONE',  ( 967.7932074315652926, 127.4819588228123592, -2.170062276053224437 ) ) ;
#5206 = DIRECTION ( 'NONE',  ( 0.000000000000000000, 0.000000000000000000, 1.000000000000000000 ) ) ;
#5207 = ORIENTED_EDGE ( 'NONE', *, *, #6565, .F. ) ;
#5208 = ORIENTED_EDGE ( 'NONE', *, *, #86, .F. ) ;
#5209 = CARTESIAN_POINT ( 'NONE',  ( 969.9658196246411990, -121.2647700885269018, -39.38408995074887287 ) ) ;
#5210 = ORIENTED_EDGE ( 'NONE', *, *, #8603, .T. ) ;
#5211 = DIRECTION ( 'NONE',  ( 0.000000000000000000, 0.000000000000000000, -1.000000000000000000 ) ) ;
#5212 = TOROIDAL_SURFACE ( 'NONE', #1764, 145.1627378425959591, 2.500000000000000000 ) ;
#5213 = ADVANCED_FACE ( 'NONE', ( #5946 ), #2682, .T. ) ;
#5214 = CARTESIAN_POINT ( 'NONE',  ( 970.2932074315650652, 127.4999999998575078, -0.0001905234625065865828 ) ) ;
#5215 = DIRECTION ( 'NONE',  ( 0.000000000000000000, 0.000000000000000000, 1.000000000000000000 ) ) ;
#5216 = CARTESIAN_POINT ( 'NONE',  ( 977.6709658558772844, -70.07833894943763653, 20.44630075600224117 ) ) ;
#5217 = AXIS2_PLACEMENT_3D ( 'NONE', #6092, #6230, #1973 ) ;
#5218 = AXIS2_PLACEMENT_3D ( 'NONE', #8164, #1343, #4083 ) ;
#5219 = VERTEX_POINT ( 'NONE', #4698 ) ;
#5220 = CARTESIAN_POINT ( 'NONE',  ( 967.7932074315652926, 31.57130024676436975, -65.82083571491723717 ) ) ;
#5221 = FACE_OUTER_BOUND ( 'NONE', #4739, .T. ) ;
#5222 = AXIS2_PLACEMENT_3D ( 'NONE', #785, #1642, #6387 ) ;
#5223 = CARTESIAN_POINT ( 'NONE',  ( 975.2932074315651789, -194.2118649119462646, -16.09113731973690875 ) ) ;
#5224 = CARTESIAN_POINT ( 'NONE',  ( 977.7932074315651789, -50.10422153953680890, 53.09017784785616811 ) ) ;
#5225 = CARTESIAN_POINT ( 'NONE',  ( 975.2932074315651789, 103.1497787695729755, 74.94246553048621706 ) ) ;
#5226 = CARTESIAN_POINT ( 'NONE',  ( 977.7932074315651789, 64.05771357844864156, -35.00870364782760191 ) ) ;
#5227 = ORIENTED_EDGE ( 'NONE', *, *, #5471, .F. ) ;
#5228 = ORIENTED_EDGE ( 'NONE', *, *, #6730, .T. ) ;
#5229 = VERTEX_POINT ( 'NONE', #1195 ) ;
#5230 = DIRECTION ( 'NONE',  ( 1.000000000000000000, 0.000000000000000000, 0.000000000000000000 ) ) ;
#5231 = CIRCLE ( 'NONE', #5924, 7.275000000000000355 ) ;
#5232 = EDGE_LOOP ( 'NONE', ( #1793, #8067, #2063, #4320 ) ) ;
#5233 = CARTESIAN_POINT ( 'NONE',  ( 977.7932074315651789, 101.7599132250506813, -76.81925090259117894 ) ) ;
#5234 = CARTESIAN_POINT ( 'NONE',  ( 970.1235730824608936, 69.30226855186086254, 22.93895319245714504 ) ) ;
#5235 = FACE_OUTER_BOUND ( 'NONE', #1608, .T. ) ;
#5236 = DIRECTION ( 'NONE',  ( 0.000000000000000000, 0.000000000000000000, 1.000000000000000000 ) ) ;
#5237 = CARTESIAN_POINT ( 'NONE',  ( 975.2932074315651789, 123.9763741318935786, -29.76757727979783041 ) ) ;
#5238 = CIRCLE ( 'NONE', #6647, 160.1627378425955612 ) ;
#5239 = AXIS2_PLACEMENT_3D ( 'NONE', #6856, #32, #8898 ) ;
#5240 = ORIENTED_EDGE ( 'NONE', *, *, #6197, .T. ) ;
#5241 = ORIENTED_EDGE ( 'NONE', *, *, #5082, .T. ) ;
#5242 = DIRECTION ( 'NONE',  ( -1.000000000000000000, -0.000000000000000000, -0.000000000000000000 ) ) ;
#5243 = FACE_OUTER_BOUND ( 'NONE', #5016, .T. ) ;
#5244 = TOROIDAL_SURFACE ( 'NONE', #2957, 160.1627378425955612, 2.500000000000000000 ) ;
#5245 = CARTESIAN_POINT ( 'NONE',  ( 967.7932074315651789, 0.000000000000000000, 127.4999999999997868 ) ) ;
#5246 = EDGE_CURVE ( 'NONE', #330, #1436, #1192, .T. ) ;
#5247 = DIRECTION ( 'NONE',  ( 0.000000000000000000, 0.000000000000000000, 1.000000000000000000 ) ) ;
#5248 = FACE_BOUND ( 'NONE', #8679, .T. ) ;
#5249 = CARTESIAN_POINT ( 'NONE',  ( 977.7932074315651789, 72.93677279940575886, 3.037626311422208403 ) ) ;
#5250 = ORIENTED_EDGE ( 'NONE', *, *, #5587, .T. ) ;
#5251 = VERTEX_POINT ( 'NONE', #4029 ) ;
#5252 = EDGE_CURVE ( 'NONE', #7281, #7921, #6801, .T. ) ;
#5253 =( NAMED_UNIT ( * ) PLANE_ANGLE_UNIT ( ) SI_UNIT ( $, .RADIAN. ) );
#5254 = DIRECTION ( 'NONE',  ( 0.000000000000000000, 0.000000000000000000, 1.000000000000000000 ) ) ;
#5255 = CARTESIAN_POINT ( 'NONE',  ( 977.7406944467916219, 65.66853864671024610, 31.88667358031337073 ) ) ;
#5256 = CARTESIAN_POINT ( 'NONE',  ( 975.2932074315651789, 194.2118649119463498, 16.09113731973548056 ) ) ;
#5257 = ADVANCED_FACE ( 'NONE', ( #605 ), #8015, .F. ) ;
#5258 = VERTEX_POINT ( 'NONE', #658 ) ;
#5259 = EDGE_CURVE ( 'NONE', #7959, #4158, #7612, .T. ) ;
#5260 = DIRECTION ( 'NONE',  ( 0.000000000000000000, 0.000000000000000000, -1.000000000000000000 ) ) ;
#5261 = CARTESIAN_POINT ( 'NONE',  ( 975.9622145319366382, -0.4912935325774061557, 72.99835567376442214 ) ) ;
#5262 = CARTESIAN_POINT ( 'NONE',  ( 977.7932074315651789, -84.69423573765838853, 95.30549004550536552 ) ) ;
#5263 = DIRECTION ( 'NONE',  ( -1.000000000000000000, -0.000000000000000000, -0.000000000000000000 ) ) ;
#5264 = CARTESIAN_POINT ( 'NONE',  ( 975.9514122167593086, 103.1888091381486987, 74.88881924725593819 ) ) ;
#5265 = CARTESIAN_POINT ( 'NONE',  ( 967.7932074315651789, 72.93677279940563096, 3.037626311422187975 ) ) ;
#5266 = ORIENTED_EDGE ( 'NONE', *, *, #380, .F. ) ;
#5267 = CARTESIAN_POINT ( 'NONE',  ( 975.2932074315651789, -22.93895319245742925, 69.30226855186074886 ) ) ;
#5268 = ORIENTED_EDGE ( 'NONE', *, *, #5813, .T. ) ;
#5269 = ORIENTED_EDGE ( 'NONE', *, *, #4115, .T. ) ;
#5270 = FACE_OUTER_BOUND ( 'NONE', #5634, .T. ) ;
#5271 = EDGE_CURVE ( 'NONE', #5542, #7262, #6359, .T. ) ;
#5272 = ORIENTED_EDGE ( 'NONE', *, *, #2970, .F. ) ;
#5273 = CARTESIAN_POINT ( 'NONE',  ( 976.4022747810959117, 103.0003184979136250, -75.14777630926732854 ) ) ;
#5274 = CARTESIAN_POINT ( 'NONE',  ( 977.7406944467917356, -31.88667358031361942, 65.66853864671014662 ) ) ;
#5275 = CIRCLE ( 'NONE', #688, 30.99999999999991473 ) ;
#5276 = CARTESIAN_POINT ( 'NONE',  ( 968.3024195543165433, 28.81157224901562586, 124.2021009660956281 ) ) ;
#5277 = CARTESIAN_POINT ( 'NONE',  ( 968.0369480910057973, 69.98927584223721965, -20.74911282426946002 ) ) ;
#5278 = CARTESIAN_POINT ( 'NONE',  ( 976.9692569047347206, 1.077269805862783425, -72.99215546751692330 ) ) ;
#5279 = CIRCLE ( 'NONE', #4170, 145.1627378425959876 ) ;
#5280 = ORIENTED_EDGE ( 'NONE', *, *, #6465, .F. ) ;
#5281 = AXIS2_PLACEMENT_3D ( 'NONE', #5774, #5070, #2412 ) ;
#5282 = CARTESIAN_POINT ( 'NONE',  ( 976.6287946620489038, -11.79970527586401019, 72.04013030678213170 ) ) ;
#5283 = VECTOR ( 'NONE', #1807, 1000.000000000000000 ) ;
#5284 = B_SPLINE_CURVE_WITH_KNOTS ( 'NONE', 3,
 ( #576, #8801, #5528, #1935, #2604, #624, #3327, #8176, #3280, #529, #8269, #1403, #4046, #4722, #3950, #8220 ),
 .UNSPECIFIED., .F., .F.,
 ( 4, 2, 2, 2, 2, 2, 2, 4 ),
 ( 0.000000000000000000, 0.0005326074553525428270, 0.001065214910705085654, 0.001597822366057628481, 0.002130429821410171308, 0.002663037276762714352, 0.003195644732115256962, 0.004260859642820342616 ),
 .UNSPECIFIED. ) ;
#5285 = ORIENTED_EDGE ( 'NONE', *, *, #8145, .T. ) ;
#5286 = CARTESIAN_POINT ( 'NONE',  ( 977.7932074315651789, 41.76986909048130769, 120.4638038423327799 ) ) ;
#5287 = CARTESIAN_POINT ( 'NONE',  ( 969.5872790110976212, -51.11069958373329314, -52.12195592591001514 ) ) ;
#5288 = AXIS2_PLACEMENT_3D ( 'NONE', #6327, #4986, #7708 ) ;
#5289 = CARTESIAN_POINT ( 'NONE',  ( 975.2932074315651789, 58.82184773064320638, 43.23181964193739901 ) ) ;
#5290 = AXIS2_PLACEMENT_3D ( 'NONE', #8635, #3882, #377 ) ;
#5291 = CARTESIAN_POINT ( 'NONE',  ( 967.7932074315651789, 72.90555147392606727, -104.5993812805919987 ) ) ;
#5292 = CARTESIAN_POINT ( 'NONE',  ( 977.7272465782217523, 126.9490979718588051, 11.84345386390374344 ) ) ;
#5293 = CARTESIAN_POINT ( 'NONE',  ( 976.4798883673448699, 72.17572457704774536, -10.93945137467908779 ) ) ;
#5294 = CARTESIAN_POINT ( 'NONE',  ( 975.6212234913449493, -10.01640952057787182, 127.1059501360029600 ) ) ;
#5295 = ORIENTED_EDGE ( 'NONE', *, *, #147, .T. ) ;
#5296 = VERTEX_POINT ( 'NONE', #5327 ) ;
#5297 = AXIS2_PLACEMENT_3D ( 'NONE', #1635, #4368, #7089 ) ;
#5298 = CARTESIAN_POINT ( 'NONE',  ( 976.1647925795699621, -32.55987644149968219, -65.33652317590136249 ) ) ;
#5299 = CARTESIAN_POINT ( 'NONE',  ( 975.2932074315651789, 74.94246553048735393, -103.1497787695721513 ) ) ;
#5300 = EDGE_CURVE ( 'NONE', #4730, #2443, #7639, .T. ) ;
#5301 = CIRCLE ( 'NONE', #1005, 72.99999999999974420 ) ;
#5302 = CYLINDRICAL_SURFACE ( 'NONE', #3454, 147.6627378425959591 ) ;
#5303 = CARTESIAN_POINT ( 'NONE',  ( 967.7932074315650652, 64.61163728030848574, 109.9163940515585551 ) ) ;
#5304 = CARTESIAN_POINT ( 'NONE',  ( 977.7932074315651789, 0.000000000000000000, 0.000000000000000000 ) ) ;
#5305 = EDGE_LOOP ( 'NONE', ( #7759, #1607, #2871, #4214 ) ) ;
#5306 = EDGE_CURVE ( 'NONE', #5676, #561, #333, .T. ) ;
#5307 = DIRECTION ( 'NONE',  ( 0.000000000000000000, 0.000000000000000000, -1.000000000000000000 ) ) ;
#5308 = CARTESIAN_POINT ( 'NONE',  ( 969.0172219968214904, 42.28656607020239022, 59.50509329599321262 ) ) ;
#5309 = CARTESIAN_POINT ( 'NONE',  ( 977.7932074315651789, 0.000000000000000000, 0.000000000000000000 ) ) ;
#5310 = CARTESIAN_POINT ( 'NONE',  ( 968.5562076621530423, 65.05194349241766361, -33.12497887918853223 ) ) ;
#5311 = CARTESIAN_POINT ( 'NONE',  ( 968.7699766253854250, -127.4990077426280095, 0.5111122108449328572 ) ) ;
#5312 = DIRECTION ( 'NONE',  ( 0.000000000000000000, 0.000000000000000000, -1.000000000000000000 ) ) ;
#5313 = DIRECTION ( 'NONE',  ( -1.000000000000000000, -0.000000000000000000, -0.000000000000000000 ) ) ;
#5314 = ORIENTED_EDGE ( 'NONE', *, *, #2033, .T. ) ;
#5315 = CARTESIAN_POINT ( 'NONE',  ( 968.0369480910060247, -72.97558534144104669, -1.894296700382547050 ) ) ;
#5316 = ORIENTED_EDGE ( 'NONE', *, *, #1132, .F. ) ;
#5317 = ORIENTED_EDGE ( 'NONE', *, *, #2735, .T. ) ;
#5318 = DIRECTION ( 'NONE',  ( -1.000000000000000000, -0.000000000000000000, -0.000000000000000000 ) ) ;
#5319 = ADVANCED_FACE ( 'NONE', ( #6704 ), #47, .F. ) ;
#5320 = CARTESIAN_POINT ( 'NONE',  ( 970.2932074315650652, -69.30226855186067780, -22.93895319245764242 ) ) ;
#5321 = LINE ( 'NONE', #7966, #3437 ) ;
#5322 = CARTESIAN_POINT ( 'NONE',  ( 970.2932074315650652, 12.23414415701362756, -71.96753237915942236 ) ) ;
#5323 = CARTESIAN_POINT ( 'NONE',  ( 1043.814912118905340, -82.80205065214599358, 96.95396024814783686 ) ) ;
#5324 = DIRECTION ( 'NONE',  ( 0.000000000000000000, -3.639217809207509149E-15, -1.000000000000000000 ) ) ;
#5325 = EDGE_CURVE ( 'NONE', #57, #4063, #2078, .T. ) ;
#5326 = ORIENTED_EDGE ( 'NONE', *, *, #6685, .F. ) ;
#5327 = CARTESIAN_POINT ( 'NONE',  ( 977.7932074315651789, 40.41366809279716676, 60.79256065741274995 ) ) ;
#5328 = VERTEX_POINT ( 'NONE', #7305 ) ;
#5329 = CARTESIAN_POINT ( 'NONE',  ( 967.7932074315651789, -50.10422153953664548, 53.09017784785612548 ) ) ;
#5330 = CARTESIAN_POINT ( 'NONE',  ( 975.2932074315651789, -16.09113731973614492, 194.2118649119463214 ) ) ;
#5331 = CARTESIAN_POINT ( 'NONE',  ( 967.7932074315651789, -110.0000208722314028, 64.46894917794612923 ) ) ;
#5332 = CARTESIAN_POINT ( 'NONE',  ( 1043.814912118905340, -44.71118576450651716, -189.6788945569603584 ) ) ;
#5333 = CARTESIAN_POINT ( 'NONE',  ( 977.7932074315648379, -57.32689784483962825, -45.19574682463440496 ) ) ;
#5334 = ORIENTED_EDGE ( 'NONE', *, *, #7946, .T. ) ;
#5335 = ORIENTED_EDGE ( 'NONE', *, *, #7425, .T. ) ;
#5336 = CARTESIAN_POINT ( 'NONE',  ( 976.4798883673448699, -32.70756199021615629, -65.26271679341114407 ) ) ;
#5337 = DIRECTION ( 'NONE',  ( 0.000000000000000000, 0.000000000000000000, 1.000000000000000000 ) ) ;
#5338 = CARTESIAN_POINT ( 'NONE',  ( 977.6656042090995697, 127.4888246508187848, -1.694840896623515114 ) ) ;
#5339 = DIRECTION ( 'NONE',  ( 1.000000000000000000, 0.000000000000000000, 0.000000000000000000 ) ) ;
#5340 = DIRECTION ( 'NONE',  ( -1.000000000000000000, -0.000000000000000000, -0.000000000000000000 ) ) ;
#5341 = CARTESIAN_POINT ( 'NONE',  ( 969.4877991597930986, -0.1278202810018846669, -127.4999513347753748 ) ) ;
#5342 = CARTESIAN_POINT ( 'NONE',  ( 977.7932074315651789, -189.6788945569601879, 44.71118576450717796 ) ) ;
#5343 = ORIENTED_EDGE ( 'NONE', *, *, #6400, .T. ) ;
#5344 = EDGE_CURVE ( 'NONE', #7238, #7021, #6329, .T. ) ;
#5345 = AXIS2_PLACEMENT_3D ( 'NONE', #3311, #2625, #8102 ) ;
#5346 = CARTESIAN_POINT ( 'NONE',  ( 977.7932074315648379, -2.868222141722564178, 72.94382804113628538 ) ) ;
#5347 = CARTESIAN_POINT ( 'NONE',  ( 969.4197070095234494, 65.33624203887505644, -32.56044407756822778 ) ) ;
#5348 = CARTESIAN_POINT ( 'NONE',  ( 970.2932074315650652, -127.4999999998575078, 0.0001905234625065865828 ) ) ;
#5349 = CARTESIAN_POINT ( 'NONE',  ( 968.7637114205684838, -29.26433636770721591, -124.0961605277703654 ) ) ;
#5350 = CARTESIAN_POINT ( 'NONE',  ( 977.2455835626554972, 64.92674458410293425, -33.36971034320119145 ) ) ;
#5351 = ORIENTED_EDGE ( 'NONE', *, *, #2478, .T. ) ;
#5352 = CARTESIAN_POINT ( 'NONE',  ( 967.8093088641629720, -109.8338745882395386, 64.75179997053048453 ) ) ;
#5353 = AXIS2_PLACEMENT_3D ( 'NONE', #6698, #6074, #2589 ) ;
#5354 = ORIENTED_EDGE ( 'NONE', *, *, #589, .T. ) ;
#5355 = B_SPLINE_CURVE_WITH_KNOTS ( 'NONE', 3,
 ( #7578, #7750, #2884, #5689, #4941, #7665, #527, #673, #7533, #3472, #7480, #3424, #6048, #6146, #6672, #3278 ),
 .UNSPECIFIED., .F., .F.,
 ( 4, 2, 2, 2, 2, 2, 2, 4 ),
 ( 0.000000000000000000, 0.0004881883398703331257, 0.0009763766797406662513, 0.001464565019610999594, 0.001952753359481332503, 0.002440941699351665412, 0.002929130039221999188, 0.003905506718962792508 ),
 .UNSPECIFIED. ) ;
#5356 = EDGE_CURVE ( 'NONE', #4342, #858, #4402, .T. ) ;
#5357 = VERTEX_POINT ( 'NONE', #6854 ) ;
#5358 = DIRECTION ( 'NONE',  ( 1.000000000000000000, 0.000000000000000000, 0.000000000000000000 ) ) ;
#5359 = EDGE_CURVE ( 'NONE', #8265, #2693, #7929, .T. ) ;
#5360 = DIRECTION ( 'NONE',  ( 0.000000000000000000, 0.000000000000000000, 1.000000000000000000 ) ) ;
#5361 = DIRECTION ( 'NONE',  ( -1.000000000000000000, -0.000000000000000000, -0.000000000000000000 ) ) ;
#5362 = AXIS2_PLACEMENT_3D ( 'NONE', #1191, #3219, #5812 ) ;
#5363 = CIRCLE ( 'NONE', #2799, 145.1627378425959307 ) ;
#5364 = CARTESIAN_POINT ( 'NONE',  ( 967.7932074315651789, 9.329543134858424125, -72.40137861183845303 ) ) ;
#5365 = CARTESIAN_POINT ( 'NONE',  ( 975.2932074315651789, -103.1495547958083847, 74.94277380392647103 ) ) ;
#5366 = FACE_OUTER_BOUND ( 'NONE', #337, .T. ) ;
#5367 = DIRECTION ( 'NONE',  ( 0.000000000000000000, -8.838100393789663837E-15, -1.000000000000000000 ) ) ;
#5368 = CARTESIAN_POINT ( 'NONE',  ( 977.5498501895685877, 44.42700771461674947, -57.92465614954092246 ) ) ;
#5369 = ORIENTED_EDGE ( 'NONE', *, *, #7121, .T. ) ;
#5370 = CARTESIAN_POINT ( 'NONE',  ( 976.4022747810955707, 39.15825343368317135, -121.3378963181856136 ) ) ;
#5371 = CIRCLE ( 'NONE', #3797, 7.275000000000000355 ) ;
#5372 = ORIENTED_EDGE ( 'NONE', *, *, #3238, .F. ) ;
#5373 = ADVANCED_FACE ( 'NONE', ( #4757, #6090 ), #7472, .T. ) ;
#5374 = EDGE_LOOP ( 'NONE', ( #793, #4482, #4173, #8024 ) ) ;
#5375 = CARTESIAN_POINT ( 'NONE',  ( 968.6815957473299932, -33.27533475921407558, 64.97511442087430567 ) ) ;
#5376 = PLANE ( 'NONE',  #7131 ) ;
#5377 = EDGE_CURVE ( 'NONE', #3211, #3103, #7069, .T. ) ;
#5378 = CARTESIAN_POINT ( 'NONE',  ( 975.2932074315651789, -52.19908471100762881, 51.03190722805682356 ) ) ;
#5379 = AXIS2_PLACEMENT_3D ( 'NONE', #4143, #6870, #727 ) ;
#5380 = CARTESIAN_POINT ( 'NONE',  ( 975.2932074315651789, -127.1728735659488621, 147.6625660138610669 ) ) ;
#5381 = LINE ( 'NONE', #2786, #2565 ) ;
#5382 = CARTESIAN_POINT ( 'NONE',  ( 1007.993207431565224, 0.000000000000000000, 30.99999999999991473 ) ) ;
#5383 = CARTESIAN_POINT ( 'NONE',  ( 976.1207935749461058, -58.73674187401637425, -43.34743265907429333 ) ) ;
#5384 = VERTEX_POINT ( 'NONE', #665 ) ;
#5385 = ORIENTED_EDGE ( 'NONE', *, *, #3981, .T. ) ;
#5386 = CARTESIAN_POINT ( 'NONE',  ( 977.1970314762214684, -69.00654262515668336, -23.81412070497711753 ) ) ;
#5387 = LINE ( 'NONE', #3324, #8904 ) ;
#5388 = ADVANCED_FACE ( 'NONE', ( #6132 ), #3215, .F. ) ;
#5389 = CARTESIAN_POINT ( 'NONE',  ( 1043.814912118905340, -33.87455307021119921, 64.66463217473207692 ) ) ;
#5390 = DIRECTION ( 'NONE',  ( 0.000000000000000000, 0.000000000000000000, 1.000000000000000000 ) ) ;
#5391 = CARTESIAN_POINT ( 'NONE',  ( 967.7932074315651789, 124.5382375486189375, -27.32173838326734483 ) ) ;
#5392 = DIRECTION ( 'NONE',  ( 0.000000000000000000, 0.000000000000000000, 1.000000000000000000 ) ) ;
#5393 = CARTESIAN_POINT ( 'NONE',  ( 976.4798883673446426, 64.82143595036463068, 33.57362440865746578 ) ) ;
#5394 = CARTESIAN_POINT ( 'NONE',  ( 1001.793207431565179, 0.000000000000000000, 35.13333333333272179 ) ) ;
#5395 = CARTESIAN_POINT ( 'NONE',  ( 975.4734716392110840, -10.60382802656751267, -72.22574908703219876 ) ) ;
#5396 = ORIENTED_EDGE ( 'NONE', *, *, #2803, .T. ) ;
#5397 = CARTESIAN_POINT ( 'NONE',  ( 969.5872790110971664, 33.77685105961950995, -64.71573405268161139 ) ) ;
#5398 = CYLINDRICAL_SURFACE ( 'NONE', #1797, 157.6627378425955328 ) ;
#5399 = DIRECTION ( 'NONE',  ( 1.000000000000000000, 0.000000000000000000, 0.000000000000000000 ) ) ;
#5400 = CARTESIAN_POINT ( 'NONE',  ( 970.2932074315650652, -29.76757727979827806, -123.9763741318934649 ) ) ;
#5401 = CARTESIAN_POINT ( 'NONE',  ( 976.9020747459414906, 65.11296219121452111, -33.00478107639658987 ) ) ;
#5402 = CARTESIAN_POINT ( 'NONE',  ( 967.7932074315651789, -110.0000208722314028, 64.46894917794612923 ) ) ;
#5403 = ORIENTED_EDGE ( 'NONE', *, *, #5359, .T. ) ;
#5404 = VERTEX_POINT ( 'NONE', #7033 ) ;
#5405 = DIRECTION ( 'NONE',  ( 0.000000000000000000, 0.000000000000000000, -1.000000000000000000 ) ) ;
#5406 = CARTESIAN_POINT ( 'NONE',  ( 969.0172219968214904, -69.18676686022516265, -23.28521182216938712 ) ) ;
#5407 = DIRECTION ( 'NONE',  ( -1.000000000000000000, -0.000000000000000000, -0.000000000000000000 ) ) ;
#5408 = FACE_OUTER_BOUND ( 'NONE', #4398, .T. ) ;
#5409 = CARTESIAN_POINT ( 'NONE',  ( 967.8087372738299337, 70.21445559480733323, -19.97392238936536657 ) ) ;
#5410 = CARTESIAN_POINT ( 'NONE',  ( 1043.814912118905340, -44.71118576450651716, -189.6788945569603584 ) ) ;
#5411 = CARTESIAN_POINT ( 'NONE',  ( 1041.321464998407691, -121.2597647024845742, -39.39948558418044655 ) ) ;
#5412 = EDGE_CURVE ( 'NONE', #8206, #4783, #897, .T. ) ;
#5413 = CARTESIAN_POINT ( 'NONE',  ( 969.4197070095233357, -71.99667899493327639, -12.06172690751406051 ) ) ;
#5414 = VERTEX_POINT ( 'NONE', #5291 ) ;
#5415 = CARTESIAN_POINT ( 'NONE',  ( 976.8206886417103760, 38.91023553284883718, -121.4176755063813999 ) ) ;
#5416 = VERTEX_POINT ( 'NONE', #1790 ) ;
#5417 = VERTEX_POINT ( 'NONE', #7250 ) ;
#5418 = CARTESIAN_POINT ( 'NONE',  ( 969.4197070095235631, -33.71958132115583595, 64.74563211381034478 ) ) ;
#5419 = CARTESIAN_POINT ( 'NONE',  ( 977.2823495132336120, 0.9770387185130809948, 127.4963287569987074 ) ) ;
#5420 = CYLINDRICAL_SURFACE ( 'NONE', #2805, 7.275000000000000355 ) ;
#5421 = DIRECTION ( 'NONE',  ( -0.000000000000000000, 0.000000000000000000, 1.000000000000000000 ) ) ;
#5422 = FACE_BOUND ( 'NONE', #8474, .T. ) ;
#5423 = EDGE_CURVE ( 'NONE', #2791, #3559, #3644, .T. ) ;
#5424 = DIRECTION ( 'NONE',  ( -1.000000000000000000, -0.000000000000000000, -0.000000000000000000 ) ) ;
#5425 = CIRCLE ( 'NONE', #2555, 7.274999999999996803 ) ;
#5426 = VERTEX_POINT ( 'NONE', #4034 ) ;
#5427 = EDGE_CURVE ( 'NONE', #8275, #6902, #2581, .T. ) ;
#5428 = ORIENTED_EDGE ( 'NONE', *, *, #8350, .F. ) ;
#5429 = CARTESIAN_POINT ( 'NONE',  ( 1007.993207431565224, 0.000000000000000000, 75.49999999999987210 ) ) ;
#5430 = CARTESIAN_POINT ( 'NONE',  ( 977.2807874479374277, -127.0268563004311488, -10.97481548340102897 ) ) ;
#5431 = VECTOR ( 'NONE', #4480, 1000.000000000000000 ) ;
#5432 = AXIS2_PLACEMENT_3D ( 'NONE', #6204, #8233, #6248 ) ;
#5433 = CIRCLE ( 'NONE', #3708, 147.6627378425959591 ) ;
#5434 = CARTESIAN_POINT ( 'NONE',  ( 1038.865541267632807, -39.39984798134282329, -121.2596469525086746 ) ) ;
#5435 = CARTESIAN_POINT ( 'NONE',  ( 977.7932074315651789, 147.6625660138624028, 127.1728735659473131 ) ) ;
#5436 = CARTESIAN_POINT ( 'NONE',  ( 977.7932074315651789, 44.71118576450793114, 189.6788945569600173 ) ) ;
#5437 = CARTESIAN_POINT ( 'NONE',  ( 977.1774328682954547, 124.1724968412873693, -28.93880487529559176 ) ) ;
#5438 = DIRECTION ( 'NONE',  ( 1.000000000000000000, 0.000000000000000000, 0.000000000000000000 ) ) ;
#5439 = VECTOR ( 'NONE', #2983, 1000.000000000000000 ) ;
#5440 = CARTESIAN_POINT ( 'NONE',  ( 976.8447230752969972, -21.63757233037475558, -69.71961848559543284 ) ) ;
#5441 = AXIS2_PLACEMENT_3D ( 'NONE', #8323, #4233, #6878 ) ;
#5442 = EDGE_CURVE ( 'NONE', #5417, #2659, #6216, .T. ) ;
#5443 = CARTESIAN_POINT ( 'NONE',  ( 975.2932074315651789, 44.71118576450793114, 189.6788945569600173 ) ) ;
#5444 = ORIENTED_EDGE ( 'NONE', *, *, #5958, .F. ) ;
#5445 = VECTOR ( 'NONE', #3641, 1000.000000000000000 ) ;
#5446 = CARTESIAN_POINT ( 'NONE',  ( 967.7932074315651789, -120.4638038423328084, 41.76986909048086005 ) ) ;
#5447 = CARTESIAN_POINT ( 'NONE',  ( 967.8701356896224297, 40.96796932450590845, 60.42063256469518961 ) ) ;
#5448 = SURFACE_STYLE_FILL_AREA ( #1410 ) ;
#5449 = CARTESIAN_POINT ( 'NONE',  ( 975.2932074315651789, -22.17684843932632077, -69.54989139674577814 ) ) ;
#5450 = CARTESIAN_POINT ( 'NONE',  ( 969.1008202615158780, -72.17522118456891178, 10.94278251860410656 ) ) ;
#5451 = CARTESIAN_POINT ( 'NONE',  ( 976.4030299189489597, 10.25399892637550359, -127.0870153998489513 ) ) ;
#5452 = CARTESIAN_POINT ( 'NONE',  ( 968.0369480910057973, -20.74911282426970516, -69.98927584223713438 ) ) ;
#5453 = CARTESIAN_POINT ( 'NONE',  ( 968.7444331958881776, -72.99370677246847094, -0.9636232611037730544 ) ) ;
#5454 = B_SPLINE_CURVE_WITH_KNOTS ( 'NONE', 3,
 ( #2936, #4833, #819, #774, #2851, #6962, #2896, #3484, #2094, #3567, #7546, #869, #7681, #7590, #6300, #2132 ),
 .UNSPECIFIED., .F., .F.,
 ( 4, 2, 2, 2, 2, 2, 2, 4 ),
 ( 0.000000000000000000, 0.0004891428882835885308, 0.0009782857765671770615, 0.001467428664850765592, 0.001956571553134354123, 0.002445714441417942871, 0.002934857329701531185, 0.003913143106268730798 ),
 .UNSPECIFIED. ) ;
#5455 = VERTEX_POINT ( 'NONE', #5331 ) ;
#5456 = VERTEX_POINT ( 'NONE', #6577 ) ;
#5457 = CARTESIAN_POINT ( 'NONE',  ( 968.9537006561656654, -11.79681952592777172, 72.04060276272099372 ) ) ;
#5458 = CARTESIAN_POINT ( 'NONE',  ( 977.7770235444022546, -73.17395305238167680, 104.4119154599927128 ) ) ;
#5459 = CARTESIAN_POINT ( 'NONE',  ( 968.0451641925290005, -65.42475797478428490, -109.4343368453072856 ) ) ;
#5460 = CARTESIAN_POINT ( 'NONE',  ( 967.8701356896226571, -2.370573347153487997, 72.96168674103778073 ) ) ;
#5461 = DIRECTION ( 'NONE',  ( 0.000000000000000000, 0.000000000000000000, 1.000000000000000000 ) ) ;
#5462 = CYLINDRICAL_SURFACE ( 'NONE', #7488, 147.6627378425959591 ) ;
#5463 = DIRECTION ( 'NONE',  ( -1.000000000000000000, -0.000000000000000000, -0.000000000000000000 ) ) ;
#5464 = CARTESIAN_POINT ( 'NONE',  ( 976.5738051988838606, 43.52782908369635351, -58.60322374570954196 ) ) ;
#5465 = CARTESIAN_POINT ( 'NONE',  ( 970.2932074315650652, -58.82184773064289374, -43.23181964193783955 ) ) ;
#5466 = VERTEX_POINT ( 'NONE', #436 ) ;
#5467 = CARTESIAN_POINT ( 'NONE',  ( 968.0467338867614444, 102.3258723053498471, -76.06371305860999144 ) ) ;
#5468 = VERTEX_POINT ( 'NONE', #1876 ) ;
#5469 = ORIENTED_EDGE ( 'NONE', *, *, #2680, .T. ) ;
#5470 = CARTESIAN_POINT ( 'NONE',  ( 967.8701356896224297, -40.96796932450546080, -60.42063256469549515 ) ) ;
#5471 = EDGE_CURVE ( 'NONE', #6456, #4039, #7784, .T. ) ;
#5472 = DIRECTION ( 'NONE',  ( 0.000000000000000000, 0.000000000000000000, -1.000000000000000000 ) ) ;
#5473 = CARTESIAN_POINT ( 'NONE',  ( 976.8447230752969972, 21.63757233037525296, 69.71961848559529074 ) ) ;
#5474 = CARTESIAN_POINT ( 'NONE',  ( 977.7932074315651789, 64.05771357844864156, -35.00870364782760191 ) ) ;
#5475 = CARTESIAN_POINT ( 'NONE',  ( 967.7932074315652926, -76.68763258958493623, -101.8595405614417757 ) ) ;
#5476 = FACE_BOUND ( 'NONE', #1336, .T. ) ;
#5477 = ORIENTED_EDGE ( 'NONE', *, *, #4902, .F. ) ;
#5478 = ORIENTED_EDGE ( 'NONE', *, *, #5572, .T. ) ;
#5479 = CARTESIAN_POINT ( 'NONE',  ( 968.4077548216921514, -96.39783021017221643, -83.44891705669301984 ) ) ;
#5480 = CARTESIAN_POINT ( 'NONE',  ( 976.8206886417101487, -103.4511474489724350, -74.52595820306945029 ) ) ;
#5481 = EDGE_CURVE ( 'NONE', #2149, #8042, #4365, .T. ) ;
#5482 = CARTESIAN_POINT ( 'NONE',  ( 968.6380338253292166, -127.0570380027988620, -10.61944071593970307 ) ) ;
#5483 = CARTESIAN_POINT ( 'NONE',  ( 968.6380338253292166, 83.27356114796172903, -96.54935235878437538 ) ) ;
#5484 = DIRECTION ( 'NONE',  ( 0.000000000000000000, 0.000000000000000000, 1.000000000000000000 ) ) ;
#5485 = LINE ( 'NONE', #7580, #4886 ) ;
#5486 = CARTESIAN_POINT ( 'NONE',  ( 968.1111217781452751, 44.30735022190309280, -58.01619865460664727 ) ) ;
#5487 = CARTESIAN_POINT ( 'NONE',  ( 977.0249106011896174, 33.16313068978494982, -65.03250336201682558 ) ) ;
#5488 = VERTEX_POINT ( 'NONE', #5867 ) ;
#5489 = EDGE_CURVE ( 'NONE', #6813, #1086, #1925, .T. ) ;
#5490 = CARTESIAN_POINT ( 'NONE',  ( 977.7932074315651789, -45.32865070979802624, 57.22161676175455369 ) ) ;
#5491 = CARTESIAN_POINT ( 'NONE',  ( 977.7136058903371350, 73.43524031533129914, -104.2283117735596818 ) ) ;
#5492 = CARTESIAN_POINT ( 'NONE',  ( 975.9622145319366382, 23.02498038019191995, -69.27374379157191697 ) ) ;
#5493 = CARTESIAN_POINT ( 'NONE',  ( 0.000000000000000000, 0.000000000000000000, 0.000000000000000000 ) ) ;
#5494 = CARTESIAN_POINT ( 'NONE',  ( 977.5406705918380794, 11.39312792005897990, -126.9900364399542099 ) ) ;
#5495 = FACE_OUTER_BOUND ( 'NONE', #3006, .T. ) ;
#5496 = VERTEX_POINT ( 'NONE', #8790 ) ;
#5497 = CIRCLE ( 'NONE', #1347, 127.4999999999997868 ) ;
#5498 = ORIENTED_EDGE ( 'NONE', *, *, #1386, .F. ) ;
#5499 = CARTESIAN_POINT ( 'NONE',  ( 976.4259520426954850, 42.35450928689549244, 59.45670952192104863 ) ) ;
#5500 = CARTESIAN_POINT ( 'NONE',  ( 967.9202297398430801, -65.16402668716985147, -109.5897926941423322 ) ) ;
#5501 = CARTESIAN_POINT ( 'NONE',  ( 977.5406705918380794, -109.4338101651087527, 65.42563650107399553 ) ) ;
#5502 = CARTESIAN_POINT ( 'NONE',  ( 977.5074755329791287, 10.70401899479676366, -72.21114075575538038 ) ) ;
#5503 = DIRECTION ( 'NONE',  ( 1.000000000000000000, 0.000000000000000000, 0.000000000000000000 ) ) ;
#5504 = CARTESIAN_POINT ( 'NONE',  ( 977.7932074315651789, 64.46894917794655555, 110.0000208722312749 ) ) ;
#5505 = CIRCLE ( 'NONE', #4494, 70.49999999999987210 ) ;
#5506 = CARTESIAN_POINT ( 'NONE',  ( 969.6337287287656181, -82.85289253915868812, 96.91059785730787723 ) ) ;
#5507 = CARTESIAN_POINT ( 'NONE',  ( 969.6300527781542087, 58.76908873359363383, 43.30352716469983676 ) ) ;
#5508 = CARTESIAN_POINT ( 'NONE',  ( 967.7932074315650652, 116.8791480028337020, 50.94646322828819507 ) ) ;
#5509 = ORIENTED_EDGE ( 'NONE', *, *, #7788, .F. ) ;
#5510 = VERTEX_POINT ( 'NONE', #2638 ) ;
#5511 = CIRCLE ( 'NONE', #5080, 3.000000000000002665 ) ;
#5512 = ORIENTED_EDGE ( 'NONE', *, *, #1582, .T. ) ;
#5513 = AXIS2_PLACEMENT_3D ( 'NONE', #2602, #4138, #6098 ) ;
#5514 = CARTESIAN_POINT ( 'NONE',  ( 975.2932074315651789, -29.76757727979827806, -123.9763741318934649 ) ) ;
#5515 = DIRECTION ( 'NONE',  ( 1.000000000000000000, 0.000000000000000000, 0.000000000000000000 ) ) ;
#5516 = CARTESIAN_POINT ( 'NONE',  ( 976.1647925795699621, -51.15637867417945017, -52.07717096333844609 ) ) ;
#5517 = CARTESIAN_POINT ( 'NONE',  ( 977.4756012051087737, 20.89214510254938872, 69.94668348925499402 ) ) ;
#5518 = PLANE ( 'NONE',  #7663 ) ;
#5519 = FACE_BOUND ( 'NONE', #8616, .T. ) ;
#5520 = VECTOR ( 'NONE', #2382, 1000.000000000000000 ) ;
#5521 = ORIENTED_EDGE ( 'NONE', *, *, #4043, .T. ) ;
#5522 = ORIENTED_EDGE ( 'NONE', *, *, #3868, .F. ) ;
#5523 = CARTESIAN_POINT ( 'NONE',  ( 976.5476831198557193, -74.67420770619574455, 103.3441873452330668 ) ) ;
#5524 = VECTOR ( 'NONE', #5121, 1000.000000000000000 ) ;
#5525 = EDGE_CURVE ( 'NONE', #1504, #5593, #5081, .T. ) ;
#5526 = AXIS2_PLACEMENT_3D ( 'NONE', #7730, #7635, #8368 ) ;
#5527 = CARTESIAN_POINT ( 'NONE',  ( 967.7932074315651789, 84.69423573765904223, -95.30549004550462655 ) ) ;
#5528 = CARTESIAN_POINT ( 'NONE',  ( 975.6498138585351398, -72.22252130287913019, 10.62587837592349871 ) ) ;
#5529 = FACE_OUTER_BOUND ( 'NONE', #4061, .T. ) ;
#5530 = CARTESIAN_POINT ( 'NONE',  ( 967.8701356896224297, 44.80363757302523453, -57.63385645882603114 ) ) ;
#5531 = EDGE_CURVE ( 'NONE', #7881, #3059, #4087, .T. ) ;
#5532 = AXIS2_PLACEMENT_3D ( 'NONE', #8752, #4577, #1168 ) ;
#5533 = CARTESIAN_POINT ( 'NONE',  ( 976.1207935749462195, -22.04004072854882423, -69.59340032497132711 ) ) ;
#5534 = ORIENTED_EDGE ( 'NONE', *, *, #3723, .T. ) ;
#5535 = DIRECTION ( 'NONE',  ( 1.000000000000000000, 0.000000000000000000, 0.000000000000000000 ) ) ;
#5536 = DIRECTION ( 'NONE',  ( 0.000000000000000000, 0.000000000000000000, 1.000000000000000000 ) ) ;
#5537 = DIRECTION ( 'NONE',  ( 0.000000000000000000, 0.000000000000000000, 1.000000000000000000 ) ) ;
#5538 = CARTESIAN_POINT ( 'NONE',  ( 968.2424519787783765, 51.90836074538150768, 51.32783707037690846 ) ) ;
#5539 = EDGE_CURVE ( 'NONE', #4783, #1632, #5355, .T. ) ;
#5540 = CARTESIAN_POINT ( 'NONE',  ( 969.1618290769858959, -21.90912810644277187, -69.63472463436542625 ) ) ;
#5541 = EDGE_CURVE ( 'NONE', #7234, #1408, #1206, .T. ) ;
#5542 = VERTEX_POINT ( 'NONE', #1933 ) ;
#5543 = DIRECTION ( 'NONE',  ( 0.000000000000000000, 0.000000000000000000, 1.000000000000000000 ) ) ;
#5544 = CARTESIAN_POINT ( 'NONE',  ( 975.2932074315651789, -75.31834776957833810, 179.7340247757211955 ) ) ;
#5545 = CARTESIAN_POINT ( 'NONE',  ( 976.4259520426954850, 59.45670952192145364, -42.35450928689491690 ) ) ;
#5546 = DIRECTION ( 'NONE',  ( 1.000000000000000000, 0.000000000000000000, 0.000000000000000000 ) ) ;
#5547 = CARTESIAN_POINT ( 'NONE',  ( 968.1216482860450014, -49.94605374912645601, 117.3101031230551428 ) ) ;
#5548 = CARTESIAN_POINT ( 'NONE',  ( 967.7932074315651789, -72.40137861183848145, -9.329543134858189646 ) ) ;
#5549 = ORIENTED_EDGE ( 'NONE', *, *, #1075, .F. ) ;
#5550 = EDGE_CURVE ( 'NONE', #3272, #5552, #1981, .T. ) ;
#5551 = EDGE_LOOP ( 'NONE', ( #1529, #4681, #3844, #6447 ) ) ;
#5552 = VERTEX_POINT ( 'NONE', #8908 ) ;
#5553 = CARTESIAN_POINT ( 'NONE',  ( 975.6498138585347988, 51.04784909149532979, 52.18351250861392998 ) ) ;
#5554 = CARTESIAN_POINT ( 'NONE',  ( 969.0172219968214904, -42.28656607020194258, -59.50509329599351815 ) ) ;
#5555 = DIRECTION ( 'NONE',  ( 0.000000000000000000, 0.000000000000000000, 1.000000000000000000 ) ) ;
#5556 = FACE_OUTER_BOUND ( 'NONE', #5695, .T. ) ;
#5557 = CARTESIAN_POINT ( 'NONE',  ( 975.2932074315651789, 179.7340247757214513, 75.31834776957768440 ) ) ;
#5558 = EDGE_LOOP ( 'NONE', ( #8366, #7067, #4998, #8441 ) ) ;
#5559 = AXIS2_PLACEMENT_3D ( 'NONE', #2032, #6100, #4767 ) ;
#5560 = ORIENTED_EDGE ( 'NONE', *, *, #6279, .F. ) ;
#5561 = CARTESIAN_POINT ( 'NONE',  ( 975.2932074315651789, -69.30226855186067780, -22.93895319245764242 ) ) ;
#5562 = CARTESIAN_POINT ( 'NONE',  ( 977.7932074315652926, -34.69360734106607680, -64.22991943169728302 ) ) ;
#5563 = CARTESIAN_POINT ( 'NONE',  ( 970.2932074315650652, 59.29285437106607048, -42.58353461763752534 ) ) ;
#5564 = CIRCLE ( 'NONE', #8298, 147.6627378425959591 ) ;
#5565 = CARTESIAN_POINT ( 'NONE',  ( 1038.865541267632807, -65.41400624788184359, 32.40382364169428087 ) ) ;
#5566 = CARTESIAN_POINT ( 'NONE',  ( 970.2932074315650652, -101.1368664649716322, -166.5788324321706853 ) ) ;
#5567 = CARTESIAN_POINT ( 'NONE',  ( 975.6324830688729435, -22.15921463634213850, -69.55552103973550970 ) ) ;
#5568 = CIRCLE ( 'NONE', #2553, 147.6627378425959591 ) ;
#5569 = CIRCLE ( 'NONE', #5848, 7.275000000000003908 ) ;
#5570 = AXIS2_PLACEMENT_3D ( 'NONE', #3109, #4450, #222 ) ;
#5571 = ORIENTED_EDGE ( 'NONE', *, *, #2439, .T. ) ;
#5572 = EDGE_CURVE ( 'NONE', #1976, #6832, #8516, .T. ) ;
#5573 = CARTESIAN_POINT ( 'NONE',  ( 975.9951027213824091, -65.36561503933407380, 32.50135758909657113 ) ) ;
#5574 = AXIS2_PLACEMENT_3D ( 'NONE', #387, #7887, #1114 ) ;
#5575 = CARTESIAN_POINT ( 'NONE',  ( 975.4630272440170984, 22.93895319245778097, -69.30226855186057833 ) ) ;
#5576 = AXIS2_PLACEMENT_3D ( 'NONE', #6548, #7052, #919 ) ;
#5577 = DIRECTION ( 'NONE',  ( 0.000000000000000000, 0.000000000000000000, 1.000000000000000000 ) ) ;
#5578 = DIRECTION ( 'NONE',  ( -1.000000000000000000, -0.000000000000000000, -0.000000000000000000 ) ) ;
#5579 = CARTESIAN_POINT ( 'NONE',  ( 975.4630272440172121, 72.99890046992463510, 0.4006621794153591432 ) ) ;
#5580 = ORIENTED_EDGE ( 'NONE', *, *, #4921, .T. ) ;
#5581 = CIRCLE ( 'NONE', #5722, 72.99999999999974420 ) ;
#5582 = DIRECTION ( 'NONE',  ( -1.000000000000000000, -0.000000000000000000, -0.000000000000000000 ) ) ;
#5583 = EDGE_CURVE ( 'NONE', #1857, #6422, #8798, .T. ) ;
#5584 = CARTESIAN_POINT ( 'NONE',  ( 977.2455835626556109, 11.16632018087649136, -72.14106337098613153 ) ) ;
#5585 = DIRECTION ( 'NONE',  ( 0.000000000000000000, 0.000000000000000000, 1.000000000000000000 ) ) ;
#5586 = CARTESIAN_POINT ( 'NONE',  ( 967.8459545321662745, 12.80246644478177487, 71.86940986352101390 ) ) ;
#5587 = EDGE_CURVE ( 'NONE', #7177, #7872, #1883, .T. ) ;
#5588 = DIRECTION ( 'NONE',  ( 1.000000000000000000, 0.000000000000000000, 0.000000000000000000 ) ) ;
#5589 = CARTESIAN_POINT ( 'NONE',  ( 969.9623921352654179, -48.78900844669398396, 117.7959364952304782 ) ) ;
#5590 = VECTOR ( 'NONE', #4142, 1000.000000000000000 ) ;
#5591 = CARTESIAN_POINT ( 'NONE',  ( 967.7932074315651789, -37.01431338656056624, 122.0089775570692439 ) ) ;
#5592 = EDGE_LOOP ( 'NONE', ( #8527, #8080 ) ) ;
#5593 = VERTEX_POINT ( 'NONE', #4044 ) ;
#5594 = ORIENTED_EDGE ( 'NONE', *, *, #968, .F. ) ;
#5595 = CARTESIAN_POINT ( 'NONE',  ( 967.7932074315651789, 12.49991452610929521, -126.8857838248237329 ) ) ;
#5596 = CARTESIAN_POINT ( 'NONE',  ( 967.8087372738299337, -40.69378907396036738, -60.60563406891793647 ) ) ;
#5597 = DIRECTION ( 'NONE',  ( 1.000000000000000000, 0.000000000000000000, 0.000000000000000000 ) ) ;
#5598 = EDGE_CURVE ( 'NONE', #4522, #6464, #8477, .T. ) ;
#5599 = CARTESIAN_POINT ( 'NONE',  ( 977.7932074315651789, 0.000000000000000000, 0.000000000000000000 ) ) ;
#5600 = LINE ( 'NONE', #2193, #7832 ) ;
#5601 = B_SPLINE_CURVE_WITH_KNOTS ( 'NONE', 3,
 ( #6275, #4302, #2198, #2963, #6945, #4217, #6449, #5069, #4980, #8392, #7618, #3008, #5647, #7793, #2243, #1485, #4256, #120 ),
 .UNSPECIFIED., .F., .F.,
 ( 4, 2, 2, 2, 2, 2, 2, 2, 4 ),
 ( 0.000000000000000000, 0.0005014719534716517539, 0.001002943906943303508, 0.001504415860414955262, 0.002005887813886607016, 0.002507359767358258770, 0.003008831720829910523, 0.003510303674301562277, 0.004011775627773214031 ),
 .UNSPECIFIED. ) ;
#5602 = ORIENTED_EDGE ( 'NONE', *, *, #526, .F. ) ;
#5603 = ORIENTED_EDGE ( 'NONE', *, *, #3506, .F. ) ;
#5604 = CARTESIAN_POINT ( 'NONE',  ( 967.7932074315651789, -75.31834776957833810, 19.57128693312565204 ) ) ;
#5605 = CARTESIAN_POINT ( 'NONE',  ( 977.7932074315651789, -120.4638038423329078, 41.76986909048088847 ) ) ;
#5606 = CARTESIAN_POINT ( 'NONE',  ( 967.7932074315651789, 0.000000000000000000, 127.4999999999997868 ) ) ;
#5607 = CARTESIAN_POINT ( 'NONE',  ( 967.7932074315651789, 0.000000000000000000, 0.000000000000000000 ) ) ;
#5608 = CARTESIAN_POINT ( 'NONE',  ( 975.2932074315651789, 10.00015816147009673, -127.1072257456103927 ) ) ;
#5609 = DIRECTION ( 'NONE',  ( 0.000000000000000000, 0.000000000000000000, -1.000000000000000000 ) ) ;
#5610 = VERTEX_POINT ( 'NONE', #6817 ) ;
#5611 = DIRECTION ( 'NONE',  ( 0.000000000000000000, 0.000000000000000000, -1.000000000000000000 ) ) ;
#5612 = DIRECTION ( 'NONE',  ( -1.000000000000000000, -0.000000000000000000, -0.000000000000000000 ) ) ;
#5613 = VERTEX_POINT ( 'NONE', #621 ) ;
#5614 = B_SPLINE_CURVE_WITH_KNOTS ( 'NONE', 3,
 ( #6851, #751, #1392, #2740, #6978, #2830, #5554, #8842, #7610, #4248, #6268, #837, #111, #2782, #5470, #5596, #74, #6937 ),
 .UNSPECIFIED., .F., .F.,
 ( 4, 2, 2, 2, 2, 2, 2, 2, 4 ),
 ( 0.000000000000000000, 0.0005014719534716513202, 0.001002943906943302640, 0.001504415860414953961, 0.002005887813886605281, 0.002507359767358256601, 0.003008831720829907921, 0.003510303674301559242, 0.004011775627773210562 ),
 .UNSPECIFIED. ) ;
#5615 = CARTESIAN_POINT ( 'NONE',  ( 975.4734716392110840, -65.41400624788184359, 32.40382364169428087 ) ) ;
#5616 = CARTESIAN_POINT ( 'NONE',  ( 977.7932074315651789, -16.09113731973614492, 194.2118649119463214 ) ) ;
#5617 = CARTESIAN_POINT ( 'NONE',  ( 970.2932074315650652, 75.31834776957963129, -22.07128693312512979 ) ) ;
#5618 = CARTESIAN_POINT ( 'NONE',  ( 970.2932074315650652, -33.87455307021119921, 64.66463217473207692 ) ) ;
#5619 = CYLINDRICAL_SURFACE ( 'NONE', #4726, 147.6627378425959591 ) ;
#5620 = ADVANCED_FACE ( 'NONE', ( #3325 ), #1213, .F. ) ;
#5621 = EDGE_LOOP ( 'NONE', ( #317, #7087, #2269, #6225 ) ) ;
#5622 = ADVANCED_FACE ( 'NONE', ( #6723 ), #8751, .F. ) ;
#5623 = DIRECTION ( 'NONE',  ( -1.000000000000000000, -0.000000000000000000, -0.000000000000000000 ) ) ;
#5624 = CARTESIAN_POINT ( 'NONE',  ( 977.7932074315651789, 9.329543134858523601, -72.40137861183856671 ) ) ;
#5625 = DIRECTION ( 'NONE',  ( 0.000000000000000000, 0.000000000000000000, 1.000000000000000000 ) ) ;
#5626 = CARTESIAN_POINT ( 'NONE',  ( 975.2932074315651789, -179.7340247757209113, -75.31834776957897759 ) ) ;
#5627 = CARTESIAN_POINT ( 'NONE',  ( 970.1235730824608936, 22.17684843932686434, 69.54989139674559340 ) ) ;
#5628 = CARTESIAN_POINT ( 'NONE',  ( 968.4107331596591166, -40.20440539502525468, -120.9953266188025225 ) ) ;
#5629 = CARTESIAN_POINT ( 'NONE',  ( 968.0369480910057973, 57.92504905173456109, 44.42649106410694060 ) ) ;
#5630 = ADVANCED_FACE ( 'NONE', ( #2795 ), #7213, .F. ) ;
#5631 = EDGE_CURVE ( 'NONE', #8598, #3007, #8026, .T. ) ;
#5632 = ORIENTED_EDGE ( 'NONE', *, *, #664, .T. ) ;
#5633 = ORIENTED_EDGE ( 'NONE', *, *, #5736, .F. ) ;
#5634 = EDGE_LOOP ( 'NONE', ( #373, #4606, #3837, #6860 ) ) ;
#5635 = DIRECTION ( 'NONE',  ( 0.000000000000000000, 0.000000000000000000, -1.000000000000000000 ) ) ;
#5636 = CARTESIAN_POINT ( 'NONE',  ( 977.7776520252658656, 70.21453587148096176, -19.97363201455826243 ) ) ;
#5637 = VECTOR ( 'NONE', #5050, 1000.000000000000000 ) ;
#5638 = CARTESIAN_POINT ( 'NONE',  ( 1041.321464998407691, 12.23414415701362756, -71.96753237915942236 ) ) ;
#5639 = CARTESIAN_POINT ( 'NONE',  ( 967.7932074315651789, 0.000000000000000000, 0.000000000000000000 ) ) ;
#5640 = DIRECTION ( 'NONE',  ( 0.000000000000000000, 0.000000000000000000, -1.000000000000000000 ) ) ;
#5641 = EDGE_CURVE ( 'NONE', #1024, #3128, #7647, .T. ) ;
#5642 = ORIENTED_EDGE ( 'NONE', *, *, #7829, .T. ) ;
#5643 = CIRCLE ( 'NONE', #1518, 72.99999999999974420 ) ;
#5644 = AXIS2_PLACEMENT_3D ( 'NONE', #8056, #1914, #4650 ) ;
#5645 = VERTEX_POINT ( 'NONE', #4026 ) ;
#5646 = ADVANCED_FACE ( 'NONE', ( #1911 ), #6366, .F. ) ;
#5647 = CARTESIAN_POINT ( 'NONE',  ( 968.0369480910057973, 24.35227926565958612, -68.81853609662408644 ) ) ;
#5648 = FACE_OUTER_BOUND ( 'NONE', #5971, .T. ) ;
#5649 = CIRCLE ( 'NONE', #629, 2.500000000000002220 ) ;
#5650 = AXIS2_PLACEMENT_3D ( 'NONE', #4862, #6049, #2651 ) ;
#5651 = CARTESIAN_POINT ( 'NONE',  ( 967.8459545321660471, 34.38473816048628606, 64.39569087163621930 ) ) ;
#5652 = DIRECTION ( 'NONE',  ( -1.000000000000000000, -0.000000000000000000, -0.000000000000000000 ) ) ;
#5653 = DIRECTION ( 'NONE',  ( 0.000000000000000000, 4.440712207663924042E-15, 1.000000000000000000 ) ) ;
#5654 = ORIENTED_EDGE ( 'NONE', *, *, #2237, .F. ) ;
#5655 = ORIENTED_EDGE ( 'NONE', *, *, #7446, .T. ) ;
#5656 = TOROIDAL_SURFACE ( 'NONE', #1648, 160.1627378425955612, 2.500000000000000000 ) ;
#5657 = EDGE_CURVE ( 'NONE', #6846, #6521, #1641, .T. ) ;
#5658 = VECTOR ( 'NONE', #6229, 1000.000000000000000 ) ;
#5659 = CARTESIAN_POINT ( 'NONE',  ( 975.9514122167591950, 121.2391876727307505, -39.46295670693996271 ) ) ;
#5660 = EDGE_LOOP ( 'NONE', ( #7158, #1519, #5781, #1646 ) ) ;
#5661 = CARTESIAN_POINT ( 'NONE',  ( 970.1281350223659956, 0.0001905234638420756480, 127.4999999998575362 ) ) ;
#5662 = VECTOR ( 'NONE', #8440, 1000.000000000000000 ) ;
#5663 = CARTESIAN_POINT ( 'NONE',  ( 967.7932074315651789, -45.32865070979789124, 57.22161676175448264 ) ) ;
#5664 = AXIS2_PLACEMENT_3D ( 'NONE', #5607, #4394, #7116 ) ;
#5665 = CARTESIAN_POINT ( 'NONE',  ( 969.4877991597930986, 39.27808743326285423, -121.2991581833084354 ) ) ;
#5666 = EDGE_LOOP ( 'NONE', ( #8193, #7130, #3372, #3171 ) ) ;
#5667 = ORIENTED_EDGE ( 'NONE', *, *, #7899, .T. ) ;
#5668 = CARTESIAN_POINT ( 'NONE',  ( 977.7932074315651789, -101.1368664649716322, -166.5788324321706853 ) ) ;
#5669 = DIRECTION ( 'NONE',  ( 0.000000000000000000, -6.202878320542263612E-15, 1.000000000000000000 ) ) ;
#5670 = CARTESIAN_POINT ( 'NONE',  ( 968.7444331958880639, 21.63983569338892465, 69.71891643834962338 ) ) ;
#5671 = CARTESIAN_POINT ( 'NONE',  ( 969.0416369157516101, -39.71328275070165859, -121.1573909598982226 ) ) ;
#5672 = B_SPLINE_CURVE_WITH_KNOTS ( 'NONE', 3,
 ( #2021, #8789, #5992, #2687, #5516, #2115, #4706, #6807, #8113, #2636, #663, #7471, #6086, #4656, #6185, #2066 ),
 .UNSPECIFIED., .F., .F.,
 ( 4, 2, 2, 2, 2, 2, 2, 4 ),
 ( 0.000000000000000000, 0.0005326074553525443449, 0.001065214910705088690, 0.001597822366057633035, 0.002130429821410177380, 0.002663037276762722158, 0.003195644732115266069, 0.004260859642820340881 ),
 .UNSPECIFIED. ) ;
#5673 = DIRECTION ( 'NONE',  ( 0.000000000000000000, 0.000000000000000000, 1.000000000000000000 ) ) ;
#5674 = CARTESIAN_POINT ( 'NONE',  ( 1001.793207431565179, 37.92267161132571829, 30.55243370120960122 ) ) ;
#5675 = ORIENTED_EDGE ( 'NONE', *, *, #4537, .F. ) ;
#5676 = VERTEX_POINT ( 'NONE', #1868 ) ;
#5677 = VERTEX_POINT ( 'NONE', #2457 ) ;
#5678 = CARTESIAN_POINT ( 'NONE',  ( 976.4798883673446426, -64.82143595036436068, -33.57362440865791342 ) ) ;
#5679 = CARTESIAN_POINT ( 'NONE',  ( 975.6233520302653233, -39.39984798134283750, -121.2596469525086036 ) ) ;
#5680 = EDGE_CURVE ( 'NONE', #8676, #6456, #5197, .T. ) ;
#5681 = CARTESIAN_POINT ( 'NONE',  ( 968.2886015245320550, -59.90323238522157823, 41.72077827437181696 ) ) ;
#5682 = DIRECTION ( 'NONE',  ( 1.000000000000000000, 0.000000000000000000, 0.000000000000000000 ) ) ;
#5683 = CARTESIAN_POINT ( 'NONE',  ( 967.8093088641627446, -116.9440382776345189, -50.79731801786267908 ) ) ;
#5684 = ORIENTED_EDGE ( 'NONE', *, *, #6651, .T. ) ;
#5685 = EDGE_LOOP ( 'NONE', ( #7869, #107, #8203, #8605 ) ) ;
#5686 = CARTESIAN_POINT ( 'NONE',  ( 1007.993207431565224, -37.92267161132591013, -30.55243370120933832 ) ) ;
#5687 = CARTESIAN_POINT ( 'NONE',  ( 967.7932074315651789, -50.10422153953664548, 53.09017784785612548 ) ) ;
#5688 = EDGE_CURVE ( 'NONE', #5849, #4673, #6226, .T. ) ;
#5689 = CARTESIAN_POINT ( 'NONE',  ( 969.6464772890307131, 39.47556444237840623, 121.2350230660579342 ) ) ;
#5690 = CARTESIAN_POINT ( 'NONE',  ( 958.7932074315651789, 37.92267161132571829, 27.55243370120959767 ) ) ;
#5691 = DIRECTION ( 'NONE',  ( 1.000000000000000000, 0.000000000000000000, 0.000000000000000000 ) ) ;
#5692 = ADVANCED_FACE ( 'NONE', ( #8687 ), #2057, .F. ) ;
#5693 = CARTESIAN_POINT ( 'NONE',  ( 977.1774328682960231, 65.89385070837232661, 109.1524797621781033 ) ) ;
#5694 = CARTESIAN_POINT ( 'NONE',  ( 1005.926540764898505, 0.000000000000000000, 30.99999999999991473 ) ) ;
#5695 = EDGE_LOOP ( 'NONE', ( #2806, #7157, #5037, #3691 ) ) ;
#5696 = ORIENTED_EDGE ( 'NONE', *, *, #1419, .F. ) ;
#5697 = CARTESIAN_POINT ( 'NONE',  ( 968.9537006561655517, -32.80057639413768555, -65.21606846135240687 ) ) ;
#5698 = ORIENTED_EDGE ( 'NONE', *, *, #1531, .F. ) ;
#5699 = AXIS2_PLACEMENT_3D ( 'NONE', #4140, #6868, #1215 ) ;
#5700 = CARTESIAN_POINT ( 'NONE',  ( 970.2932074315650652, 0.0001905234638420781959, 127.4999999998575078 ) ) ;
#5701 = CARTESIAN_POINT ( 'NONE',  ( 968.1111217781452751, -44.30735022190265937, 58.01619865460694569 ) ) ;
#5702 = ADVANCED_FACE ( 'NONE', ( #6218 ), #6632, .F. ) ;
#5703 = CARTESIAN_POINT ( 'NONE',  ( 976.4798883673449836, 72.02366956123989894, 11.89948896104981735 ) ) ;
#5704 = CARTESIAN_POINT ( 'NONE',  ( 977.7932074315651789, 127.1728735659488621, -147.6625660138610669 ) ) ;
#5705 = ORIENTED_EDGE ( 'NONE', *, *, #4697, .T. ) ;
#5706 = AXIS2_PLACEMENT_3D ( 'NONE', #3669, #6440, #8508 ) ;
#5707 = CIRCLE ( 'NONE', #6145, 157.6627378425955328 ) ;
#5708 = B_SPLINE_CURVE_WITH_KNOTS ( 'NONE', 3,
 ( #1590, #313, #5953, #478, #7043, #7335, #8697, #3646, #5749, #2977, #3064, #5701, #5787, #5127, #2545, #1833, #6335, #5663 ),
 .UNSPECIFIED., .F., .F.,
 ( 4, 2, 2, 2, 2, 2, 2, 2, 4 ),
 ( 0.000000000000000000, 0.0005014719534716489350, 0.001002943906943297870, 0.001504415860414946805, 0.002005887813886595740, 0.002507359767358244458, 0.003008831720829893610, 0.003510303674301542762, 0.004011775627773191480 ),
 .UNSPECIFIED. ) ;
#5709 = ORIENTED_EDGE ( 'NONE', *, *, #1027, .T. ) ;
#5710 = CIRCLE ( 'NONE', #6864, 157.6627378425955328 ) ;
#5711 = CIRCLE ( 'NONE', #4153, 157.6627378425955328 ) ;
#5712 = AXIS2_PLACEMENT_3D ( 'NONE', #1628, #5786, #8533 ) ;
#5713 = CARTESIAN_POINT ( 'NONE',  ( 977.2823495132337257, 75.73090269223612836, 102.5724077351663936 ) ) ;
#5714 = DIRECTION ( 'NONE',  ( 1.000000000000000000, 0.000000000000000000, 0.000000000000000000 ) ) ;
#5715 = CARTESIAN_POINT ( 'NONE',  ( 968.1244542515914873, 73.93122014140058695, -103.8770586910103901 ) ) ;
#5716 = CARTESIAN_POINT ( 'NONE',  ( 967.7932074315651789, 104.5993812805927803, 72.90555147392494462 ) ) ;
#5717 = CARTESIAN_POINT ( 'NONE',  ( 977.2807874479376551, 28.81578755823352012, 124.2011239235129949 ) ) ;
#5718 = CARTESIAN_POINT ( 'NONE',  ( 968.6380338253295577, 124.1200115857053987, -29.16309570550396657 ) ) ;
#5719 = CARTESIAN_POINT ( 'NONE',  ( 976.6287946620486764, -11.03943794880817464, -72.16054482187486485 ) ) ;
#5720 = EDGE_LOOP ( 'NONE', ( #1669, #3420, #1339, #5316, #4226, #1109 ) ) ;
#5721 = DIRECTION ( 'NONE',  ( -1.000000000000000000, -0.000000000000000000, -0.000000000000000000 ) ) ;
#5722 = AXIS2_PLACEMENT_3D ( 'NONE', #5930, #7954, #1813 ) ;
#5723 = ORIENTED_EDGE ( 'NONE', *, *, #7668, .F. ) ;
#5724 = ORIENTED_EDGE ( 'NONE', *, *, #854, .T. ) ;
#5725 = ORIENTED_EDGE ( 'NONE', *, *, #593, .F. ) ;
#5726 = CARTESIAN_POINT ( 'NONE',  ( 977.7932074315649515, -65.82111733297932687, -31.57070562367218258 ) ) ;
#5727 = CARTESIAN_POINT ( 'NONE',  ( 977.5498501895685877, 69.98946287916452036, -20.74849128016817801 ) ) ;
#5728 = B_SPLINE_CURVE_WITH_KNOTS ( 'NONE', 3,
 ( #7061, #7740, #8424, #2401, #2236, #2275, #5021, #6396, #2913, #2359, #1057, #2954, #241, #7151, #8470, #1018 ),
 .UNSPECIFIED., .F., .F.,
 ( 4, 2, 2, 2, 2, 2, 2, 4 ),
 ( 0.000000000000000000, 0.0004891407059790150438, 0.0009782814119580300876, 0.001467422117937045240, 0.001956562823916060175, 0.002445703529895074894, 0.002934844235874090480, 0.003913125647832104738 ),
 .UNSPECIFIED. ) ;
#5729 = CARTESIAN_POINT ( 'NONE',  ( 977.5758751313187531, 33.93087544558846957, 64.63532255275687533 ) ) ;
#5730 = CARTESIAN_POINT ( 'NONE',  ( 969.4877991597930986, 103.0744965356953600, -75.04599984214507913 ) ) ;
#5731 = AXIS2_PLACEMENT_3D ( 'NONE', #3329, #3378, #1405 ) ;
#5732 = DIRECTION ( 'NONE',  ( 0.000000000000000000, 0.000000000000000000, -1.000000000000000000 ) ) ;
#5733 = DIRECTION ( 'NONE',  ( 1.000000000000000000, 0.000000000000000000, 0.000000000000000000 ) ) ;
#5734 = VERTEX_POINT ( 'NONE', #2729 ) ;
#5735 = VERTEX_POINT ( 'NONE', #2823 ) ;
#5736 = EDGE_CURVE ( 'NONE', #950, #2584, #4201, .T. ) ;
#5737 = CARTESIAN_POINT ( 'NONE',  ( 977.7932074315651789, 8.633759933988824789E-15, -70.49999999999987210 ) ) ;
#5738 = CARTESIAN_POINT ( 'NONE',  ( 976.1000973941278289, -66.51185507582442824, -108.7769603895792869 ) ) ;
#5739 = DIRECTION ( 'NONE',  ( 1.000000000000000000, 0.000000000000000000, 0.000000000000000000 ) ) ;
#5740 = DIRECTION ( 'NONE',  ( -1.000000000000000000, -0.000000000000000000, -0.000000000000000000 ) ) ;
#5741 = CARTESIAN_POINT ( 'NONE',  ( 976.8184840389476449, 66.18258190946217212, 108.9776314668908839 ) ) ;
#5742 = CARTESIAN_POINT ( 'NONE',  ( 968.1244542515911462, 120.8690166593641067, -40.58262492360753981 ) ) ;
#5743 = ORIENTED_EDGE ( 'NONE', *, *, #7540, .F. ) ;
#5744 = VERTEX_POINT ( 'NONE', #6732 ) ;
#5745 = EDGE_CURVE ( 'NONE', #3250, #8539, #3332, .T. ) ;
#5746 = CARTESIAN_POINT ( 'NONE',  ( 969.5872790110976212, -32.50259373034533894, -65.36500059115162742 ) ) ;
#5747 = ORIENTED_EDGE ( 'NONE', *, *, #6294, .F. ) ;
#5748 = CARTESIAN_POINT ( 'NONE',  ( 976.1207935749462195, -43.34743265907406595, 58.73674187401655900 ) ) ;
#5749 = CARTESIAN_POINT ( 'NONE',  ( 968.6178405014127293, -43.77477208148594912, 58.41904185916746428 ) ) ;
#5750 = CARTESIAN_POINT ( 'NONE',  ( 967.8724445145012396, 126.9477810806507705, 11.85480852598969825 ) ) ;
#5751 = CARTESIAN_POINT ( 'NONE',  ( 967.7932074315651789, -124.5382375486187243, 27.32173838326823301 ) ) ;
#5752 = ORIENTED_EDGE ( 'NONE', *, *, #812, .F. ) ;
#5753 = ORIENTED_EDGE ( 'NONE', *, *, #8449, .T. ) ;
#5754 = EDGE_CURVE ( 'NONE', #7143, #393, #8380, .T. ) ;
#5755 = CARTESIAN_POINT ( 'NONE',  ( 977.5402670494211179, 76.06454314189771537, 102.3252567703910927 ) ) ;
#5756 = CARTESIAN_POINT ( 'NONE',  ( 975.2932074315651789, -189.6788945569601879, 44.71118576450717796 ) ) ;
#5757 = DIRECTION ( 'NONE',  ( 1.000000000000000000, -0.000000000000000000, -0.000000000000000000 ) ) ;
#5758 = CARTESIAN_POINT ( 'NONE',  ( 967.8459545321659334, 64.39569087163657457, -34.38473816048563236 ) ) ;
#5759 = CARTESIAN_POINT ( 'NONE',  ( 977.7136058903371350, 104.2283117735604776, 73.43524031533011964 ) ) ;
#5760 = DIRECTION ( 'NONE',  ( -0.7071067811865914265, 0.000000000000000000, 0.7071067811865036079 ) ) ;
#5761 = CARTESIAN_POINT ( 'NONE',  ( 968.9537006561653243, 51.88823134623792299, -51.34807537875941819 ) ) ;
#5762 = EDGE_LOOP ( 'NONE', ( #3151, #7529, #1032, #569 ) ) ;
#5763 = EDGE_LOOP ( 'NONE', ( #1300, #834, #1099, #7317 ) ) ;
#5764 = ORIENTED_EDGE ( 'NONE', *, *, #4647, .F. ) ;
#5765 = CARTESIAN_POINT ( 'NONE',  ( 977.5402670494213453, -40.72143611828381182, -120.8223387332683245 ) ) ;
#5766 = CARTESIAN_POINT ( 'NONE',  ( 969.6337287287656181, 108.7448050162140163, -66.56450376252965384 ) ) ;
#5767 = CARTESIAN_POINT ( 'NONE',  ( 969.1851730895938317, 103.0006639765597782, -75.14730300404754360 ) ) ;
#5768 = CARTESIAN_POINT ( 'NONE',  ( 975.2932074315651789, -96.95396024814752423, -82.80205065214637727 ) ) ;
#5769 = DIRECTION ( 'NONE',  ( 0.000000000000000000, 0.000000000000000000, -1.000000000000000000 ) ) ;
#5770 = ORIENTED_EDGE ( 'NONE', *, *, #2914, .T. ) ;
#5771 = ORIENTED_EDGE ( 'NONE', *, *, #2751, .F. ) ;
#5772 = AXIS2_PLACEMENT_3D ( 'NONE', #6923, #8833, #6214 ) ;
#5773 = FACE_OUTER_BOUND ( 'NONE', #3242, .T. ) ;
#5774 = CARTESIAN_POINT ( 'NONE',  ( 970.2932074315650652, 127.1728735659488621, -147.6625660138610669 ) ) ;
#5775 = CARTESIAN_POINT ( 'NONE',  ( 968.2886015245320550, 1.457417918166580950, -72.98559120147594115 ) ) ;
#5776 = CARTESIAN_POINT ( 'NONE',  ( 968.0090611264092786, 33.93448271921112536, 64.63342546917711218 ) ) ;
#5777 = CIRCLE ( 'NONE', #5353, 157.6627378425955328 ) ;
#5778 = CARTESIAN_POINT ( 'NONE',  ( 975.2932074315651789, 66.62145485401426015, 108.7098512239554253 ) ) ;
#5779 = FACE_OUTER_BOUND ( 'NONE', #6629, .T. ) ;
#5780 = ORIENTED_EDGE ( 'NONE', *, *, #4314, .F. ) ;
#5781 = ORIENTED_EDGE ( 'NONE', *, *, #6320, .F. ) ;
#5782 = CARTESIAN_POINT ( 'NONE',  ( 969.0416369157513827, -121.3612702016708624, -39.08580696472618143 ) ) ;
#5783 = ORIENTED_EDGE ( 'NONE', *, *, #1412, .T. ) ;
#5784 = CIRCLE ( 'NONE', #194, 145.1627378425959591 ) ;
#5785 = EDGE_CURVE ( 'NONE', #3686, #7177, #196, .T. ) ;
#5786 = DIRECTION ( 'NONE',  ( -1.000000000000000000, -0.000000000000000000, -0.000000000000000000 ) ) ;
#5787 = CARTESIAN_POINT ( 'NONE',  ( 968.0369480910057973, -44.42649106410713244, 57.92504905173440477 ) ) ;
#5788 = CARTESIAN_POINT ( 'NONE',  ( 968.7637114205683702, 127.0656393838717264, 10.51578474220199233 ) ) ;
#5789 = CARTESIAN_POINT ( 'NONE',  ( 967.7932074315651789, -25.42765660742775324, 68.42831489562415470 ) ) ;
#5790 = VECTOR ( 'NONE', #6380, 1000.000000000000000 ) ;
#5791 = ORIENTED_EDGE ( 'NONE', *, *, #6003, .T. ) ;
#5792 = CIRCLE ( 'NONE', #1932, 72.99999999999974420 ) ;
#5793 = EDGE_LOOP ( 'NONE', ( #7539, #3507, #4433, #1474 ) ) ;
#5794 = CARTESIAN_POINT ( 'NONE',  ( 970.2932074315650652, -103.1497787695724213, -74.94246553048698445 ) ) ;
#5795 = AXIS2_PLACEMENT_3D ( 'NONE', #4748, #2733, #3355 ) ;
#5796 = EDGE_CURVE ( 'NONE', #1695, #1297, #339, .T. ) ;
#5797 = CARTESIAN_POINT ( 'NONE',  ( 977.7932074315651789, 0.000000000000000000, 0.000000000000000000 ) ) ;
#5798 = DIRECTION ( 'NONE',  ( 0.000000000000000000, 0.000000000000000000, 1.000000000000000000 ) ) ;
#5799 = CARTESIAN_POINT ( 'NONE',  ( 968.9537006561657790, 11.04232845700415311, 72.16010240840230949 ) ) ;
#5800 = CARTESIAN_POINT ( 'NONE',  ( 967.8701356896224297, 20.29185191207609051, 70.12323506563238595 ) ) ;
#5801 = CYLINDRICAL_SURFACE ( 'NONE', #780, 157.6627378425955328 ) ;
#5802 = CARTESIAN_POINT ( 'NONE',  ( 967.7932074315651789, 0.000000000000000000, 0.000000000000000000 ) ) ;
#5803 = EDGE_CURVE ( 'NONE', #5229, #2827, #1719, .T. ) ;
#5804 = CARTESIAN_POINT ( 'NONE',  ( 977.7932074315651789, -25.42765660742784917, 68.42831489562423997 ) ) ;
#5805 = EDGE_LOOP ( 'NONE', ( #5057, #8111, #2458, #6527 ) ) ;
#5806 = VERTEX_POINT ( 'NONE', #1603 ) ;
#5807 = ORIENTED_EDGE ( 'NONE', *, *, #1655, .T. ) ;
#5808 = CARTESIAN_POINT ( 'NONE',  ( 967.7932074315651789, 0.000000000000000000, 0.000000000000000000 ) ) ;
#5809 = CARTESIAN_POINT ( 'NONE',  ( 976.5476831198559466, -39.71480581583450231, -121.1568923074757151 ) ) ;
#5810 = CARTESIAN_POINT ( 'NONE',  ( 967.7932074315651789, 0.000000000000000000, 0.000000000000000000 ) ) ;
#5811 = CARTESIAN_POINT ( 'NONE',  ( 976.9464254848243172, -75.44156980205634966, -102.7853727023384209 ) ) ;
#5812 = DIRECTION ( 'NONE',  ( 0.000000000000000000, 0.000000000000000000, -1.000000000000000000 ) ) ;
#5813 = EDGE_CURVE ( 'NONE', #5416, #7120, #8353, .T. ) ;
#5814 = ORIENTED_EDGE ( 'NONE', *, *, #6402, .T. ) ;
#5815 = VERTEX_POINT ( 'NONE', #788 ) ;
#5816 = CARTESIAN_POINT ( 'NONE',  ( 967.7932074315650652, -31.57130024676388302, 65.82083571491747875 ) ) ;
#5817 = CARTESIAN_POINT ( 'NONE',  ( 970.2932074315650652, 39.39948558418090130, -121.2597647024844321 ) ) ;
#5818 = CARTESIAN_POINT ( 'NONE',  ( 977.7932074315651789, 57.22161676175469580, 45.32865070979782729 ) ) ;
#5819 = FACE_BOUND ( 'NONE', #6190, .T. ) ;
#5820 = CARTESIAN_POINT ( 'NONE',  ( 970.2932074315650652, 127.4999999998575078, -0.0001905234625065865828 ) ) ;
#5821 = PLANE ( 'NONE',  #4657 ) ;
#5822 = ORIENTED_EDGE ( 'NONE', *, *, #2254, .F. ) ;
#5823 = AXIS2_PLACEMENT_3D ( 'NONE', #296, #3047, #5769 ) ;
#5824 = ORIENTED_EDGE ( 'NONE', *, *, #329, .T. ) ;
#5825 = CARTESIAN_POINT ( 'NONE',  ( 969.9321275244388971, -32.42448002454461431, -65.40378426833606795 ) ) ;
#5826 = EDGE_LOOP ( 'NONE', ( #4546, #6375, #1338, #5822 ) ) ;
#5827 = CARTESIAN_POINT ( 'NONE',  ( 968.0451641925290005, -11.39414823760941253, 126.9899461483887393 ) ) ;
#5828 = CARTESIAN_POINT ( 'NONE',  ( 967.7932074315651789, 0.000000000000000000, 127.4999999999997868 ) ) ;
#5829 = DIRECTION ( 'NONE',  ( -1.000000000000000000, -0.000000000000000000, -0.000000000000000000 ) ) ;
#5830 = DIRECTION ( 'NONE',  ( -1.000000000000000000, -0.000000000000000000, -0.000000000000000000 ) ) ;
#5831 = TOROIDAL_SURFACE ( 'NONE', #2844, 160.1627378425955612, 2.500000000000000000 ) ;
#5832 = EDGE_LOOP ( 'NONE', ( #2241, #3456, #2354, #923 ) ) ;
#5833 = EDGE_CURVE ( 'NONE', #1281, #833, #8462, .T. ) ;
#5834 = FACE_OUTER_BOUND ( 'NONE', #3756, .T. ) ;
#5835 = DIRECTION ( 'NONE',  ( 0.000000000000000000, 0.000000000000000000, 1.000000000000000000 ) ) ;
#5836 = CARTESIAN_POINT ( 'NONE',  ( 967.7932074315651789, 12.49991452610929521, -126.8857838248237329 ) ) ;
#5837 = CARTESIAN_POINT ( 'NONE',  ( 967.7932074315651789, 194.2118649119463498, 16.09113731973548056 ) ) ;
#5838 = AXIS2_PLACEMENT_3D ( 'NONE', #1439, #7469, #2018 ) ;
#5839 = DIRECTION ( 'NONE',  ( -1.000000000000000000, -0.000000000000000000, -0.000000000000000000 ) ) ;
#5840 = DIRECTION ( 'NONE',  ( 0.000000000000000000, 2.599441292291077738E-15, 1.000000000000000000 ) ) ;
#5841 = ORIENTED_EDGE ( 'NONE', *, *, #4453, .T. ) ;
#5842 = CYLINDRICAL_SURFACE ( 'NONE', #6519, 30.99999999999991473 ) ;
#5843 = ORIENTED_EDGE ( 'NONE', *, *, #8566, .F. ) ;
#5844 = VERTEX_POINT ( 'NONE', #8909 ) ;
#5845 = CARTESIAN_POINT ( 'NONE',  ( 975.2932074315651789, -32.40382364169406060, -65.41400624788195728 ) ) ;
#5846 = EDGE_CURVE ( 'NONE', #8901, #8422, #7579, .T. ) ;
#5847 = AXIS2_PLACEMENT_3D ( 'NONE', #2266, #2945, #5673 ) ;
#5848 = AXIS2_PLACEMENT_3D ( 'NONE', #1025, #6485, #7749 ) ;
#5849 = VERTEX_POINT ( 'NONE', #1351 ) ;
#5850 = CARTESIAN_POINT ( 'NONE',  ( 975.2932074315651789, -74.94246553048658654, 103.1497787695727197 ) ) ;
#5851 = AXIS2_PLACEMENT_3D ( 'NONE', #584, #8713, #7265 ) ;
#5852 = CARTESIAN_POINT ( 'NONE',  ( 977.7932074315651789, -31.24617919969647772, 65.97481553911640617 ) ) ;
#5853 = B_SPLINE_CURVE_WITH_KNOTS ( 'NONE', 3,
 ( #6164, #8191, #3301, #6023, #2665, #4738, #2047, #5453, #2579, #8869, #2717, #1999, #5315, #12, #1324, #4060, #8723, #4109 ),
 .UNSPECIFIED., .F., .F.,
 ( 4, 2, 2, 2, 2, 2, 2, 2, 4 ),
 ( 7.589415207398531038E-19, 0.0005014719534716586928, 0.001002943906943316518, 0.001504415860414974777, 0.002005887813886632603, 0.002507359767358289995, 0.003008831720829947820, 0.003510303674301604778, 0.004011775627773262604 ),
 .UNSPECIFIED. ) ;
#5854 = CARTESIAN_POINT ( 'NONE',  ( 967.7932074315651789, 0.000000000000000000, 127.4999999999997868 ) ) ;
#5855 = CARTESIAN_POINT ( 'NONE',  ( 977.7932074315651789, -72.40137861183860934, -9.329543134858287345 ) ) ;
#5856 = DIRECTION ( 'NONE',  ( -1.000000000000000000, -0.000000000000000000, -0.000000000000000000 ) ) ;
#5857 = CARTESIAN_POINT ( 'NONE',  ( 1042.912997761359293, -16.09113731973614492, 194.2118649119463214 ) ) ;
#5858 = AXIS2_PLACEMENT_3D ( 'NONE', #2855, #2771, #6836 ) ;
#5859 = VERTEX_POINT ( 'NONE', #7481 ) ;
#5860 = EDGE_LOOP ( 'NONE', ( #2332, #3661, #8205, #3812 ) ) ;
#5861 = CARTESIAN_POINT ( 'NONE',  ( 977.7932074315651789, 41.61390661516227851, 120.5178825943671512 ) ) ;
#5862 = LINE ( 'NONE', #6362, #7570 ) ;
#5863 = CIRCLE ( 'NONE', #6156, 127.4999999999997868 ) ;
#5864 = AXIS2_PLACEMENT_3D ( 'NONE', #5342, #3160, #3285 ) ;
#5865 = EDGE_CURVE ( 'NONE', #6521, #5552, #4836, .T. ) ;
#5866 = CARTESIAN_POINT ( 'NONE',  ( 977.1970314762214684, 58.27015402672056865, 43.97276907054006756 ) ) ;
#5867 = CARTESIAN_POINT ( 'NONE',  ( 975.2932074315651789, 75.31834776957963129, -22.07128693312512979 ) ) ;
#5868 = CARTESIAN_POINT ( 'NONE',  ( 969.5872790110976212, 32.50259373034580790, 65.36500059115140004 ) ) ;
#5869 = CARTESIAN_POINT ( 'NONE',  ( 969.9658196246411990, 127.5000028925001629, -0.01637939031057568037 ) ) ;
#5870 = FACE_OUTER_BOUND ( 'NONE', #3594, .T. ) ;
#5871 = ORIENTED_EDGE ( 'NONE', *, *, #8815, .T. ) ;
#5872 = ORIENTED_EDGE ( 'NONE', *, *, #5657, .F. ) ;
#5873 = CARTESIAN_POINT ( 'NONE',  ( 968.6413363216275911, -121.4488783624926924, -38.81279713252691721 ) ) ;
#5874 = ORIENTED_EDGE ( 'NONE', *, *, #7769, .T. ) ;
#5875 = DIRECTION ( 'NONE',  ( 0.000000000000000000, 0.000000000000000000, 1.000000000000000000 ) ) ;
#5876 = DIRECTION ( 'NONE',  ( 0.000000000000000000, 0.000000000000000000, 1.000000000000000000 ) ) ;
#5877 = DIRECTION ( 'NONE',  ( 0.000000000000000000, 0.000000000000000000, -1.000000000000000000 ) ) ;
#5878 = DIRECTION ( 'NONE',  ( 0.000000000000000000, 0.000000000000000000, -1.000000000000000000 ) ) ;
#5879 = ORIENTED_EDGE ( 'NONE', *, *, #6865, .F. ) ;
#5880 = CARTESIAN_POINT ( 'NONE',  ( 975.2932074315651789, 127.1728735659488621, -147.6625660138610669 ) ) ;
#5881 = CARTESIAN_POINT ( 'NONE',  ( 977.2823495132338394, -120.9542926998700665, 40.32775134624213109 ) ) ;
#5882 = DIRECTION ( 'NONE',  ( -1.000000000000000000, -0.000000000000000000, -0.000000000000000000 ) ) ;
#5883 = CARTESIAN_POINT ( 'NONE',  ( 977.7932074315651789, -13.50033361476903515, -71.74079029596705936 ) ) ;
#5884 = CARTESIAN_POINT ( 'NONE',  ( 958.7932074315651789, -37.92267161132591013, -30.55243370120933832 ) ) ;
#5885 = CARTESIAN_POINT ( 'NONE',  ( 969.0416369157516101, -102.9554468973461496, 75.20926914426532051 ) ) ;
#5886 = EDGE_CURVE ( 'NONE', #657, #8400, #2363, .T. ) ;
#5887 = CARTESIAN_POINT ( 'NONE',  ( 977.7406944467918493, 64.39585937669518501, -34.38444728578362941 ) ) ;
#5888 = VERTEX_POINT ( 'NONE', #2796 ) ;
#5889 = CARTESIAN_POINT ( 'NONE',  ( 968.0369480910057973, 60.15192837963619610, -41.36145461811209145 ) ) ;
#5890 = ORIENTED_EDGE ( 'NONE', *, *, #6465, .T. ) ;
#5891 = EDGE_LOOP ( 'NONE', ( #5199, #167, #4812, #3768, #2187 ) ) ;
#5892 = CARTESIAN_POINT ( 'NONE',  ( 1007.993207431565224, 37.92267161132571829, 24.55243370120959412 ) ) ;
#5893 = VERTEX_POINT ( 'NONE', #2076 ) ;
#5894 = CARTESIAN_POINT ( 'NONE',  ( 968.0784268819822955, 65.36968526754580466, 32.49352276404984252 ) ) ;
#5895 = CARTESIAN_POINT ( 'NONE',  ( 970.2932074315650652, 69.30226855186081991, 22.93895319245719122 ) ) ;
#5896 = CARTESIAN_POINT ( 'NONE',  ( 976.1647925795699621, 10.77618664472760557, 72.20028127368213688 ) ) ;
#5897 = DIRECTION ( 'NONE',  ( -1.000000000000000000, -0.000000000000000000, -0.000000000000000000 ) ) ;
#5898 = ADVANCED_FACE ( 'NONE', ( #4721 ), #6792, .F. ) ;
#5899 = FACE_OUTER_BOUND ( 'NONE', #2048, .T. ) ;
#5900 = EDGE_CURVE ( 'NONE', #7143, #7046, #5363, .T. ) ;
#5901 = VERTEX_POINT ( 'NONE', #6767 ) ;
#5902 = EDGE_LOOP ( 'NONE', ( #7102, #2737, #2567, #3532 ) ) ;
#5903 = CARTESIAN_POINT ( 'NONE',  ( 967.8459545321660471, -52.60119213248402303, -50.61847298607530377 ) ) ;
#5904 = CARTESIAN_POINT ( 'NONE',  ( 968.0369480910059110, 1.894296700382283927, -72.97558534144108933 ) ) ;
#5905 = CARTESIAN_POINT ( 'NONE',  ( 976.9470595414693435, -124.1197457503866559, 29.16422661874191036 ) ) ;
#5906 = DIRECTION ( 'NONE',  ( -1.000000000000000000, -0.000000000000000000, -0.000000000000000000 ) ) ;
#5907 = EDGE_CURVE ( 'NONE', #4446, #3181, #1503, .T. ) ;
#5908 = CARTESIAN_POINT ( 'NONE',  ( 976.1000973941278289, -10.12827202245092906, 127.0970970678040004 ) ) ;
#5909 = ORIENTED_EDGE ( 'NONE', *, *, #991, .F. ) ;
#5910 = EDGE_CURVE ( 'NONE', #3703, #4592, #2085, .T. ) ;
#5911 = ORIENTED_EDGE ( 'NONE', *, *, #7174, .T. ) ;
#5912 = DIRECTION ( 'NONE',  ( 0.000000000000000000, 0.000000000000000000, 1.000000000000000000 ) ) ;
#5913 = CARTESIAN_POINT ( 'NONE',  ( 969.0366317484428009, -10.33265250115003120, 127.0806623096800649 ) ) ;
#5914 = VECTOR ( 'NONE', #5623, 1000.000000000000000 ) ;
#5915 = CARTESIAN_POINT ( 'NONE',  ( 975.9411352989147872, 123.9950698664247994, -29.68962223539441680 ) ) ;
#5916 = CARTESIAN_POINT ( 'NONE',  ( 977.5074755329789014, 65.36915218736352529, 32.49459669227771741 ) ) ;
#5917 = CARTESIAN_POINT ( 'NONE',  ( 977.1970314762214684, -69.82505465350931217, 21.29499971033632022 ) ) ;
#5918 = EDGE_CURVE ( 'NONE', #5018, #6422, #2642, .T. ) ;
#5919 = CIRCLE ( 'NONE', #1501, 157.6627378425955328 ) ;
#5920 = CIRCLE ( 'NONE', #3362, 72.99999999999987210 ) ;
#5921 = EDGE_LOOP ( 'NONE', ( #2748, #7171, #5560, #2324 ) ) ;
#5922 = DIRECTION ( 'NONE',  ( 0.000000000000000000, -1.000000000000000000, 0.000000000000000000 ) ) ;
#5923 = CARTESIAN_POINT ( 'NONE',  ( 977.2998916257679412, -1.460509652288524141, 72.98552712481814808 ) ) ;
#5924 = AXIS2_PLACEMENT_3D ( 'NONE', #7095, #6432, #6514 ) ;
#5925 = CARTESIAN_POINT ( 'NONE',  ( 970.2932074315650652, -71.96753237915946499, -12.23414415701335756 ) ) ;
#5926 = CARTESIAN_POINT ( 'NONE',  ( 969.9321275244388971, 65.40378426833613901, -32.42448002454445088 ) ) ;
#5927 = VECTOR ( 'NONE', #575, 1000.000000000000000 ) ;
#5928 = LINE ( 'NONE', #5884, #6701 ) ;
#5929 = CARTESIAN_POINT ( 'NONE',  ( 1041.321464998407691, 101.1368664649727265, 166.5788324321699747 ) ) ;
#5930 = CARTESIAN_POINT ( 'NONE',  ( 967.7932074315651789, 0.000000000000000000, 0.000000000000000000 ) ) ;
#5931 = VERTEX_POINT ( 'NONE', #1618 ) ;
#5932 = CARTESIAN_POINT ( 'NONE',  ( 976.4259520426954850, -23.20613250592728605, 69.21329480833260561 ) ) ;
#5933 = ORIENTED_EDGE ( 'NONE', *, *, #6320, .T. ) ;
#5934 = ORIENTED_EDGE ( 'NONE', *, *, #2284, .T. ) ;
#5935 = CARTESIAN_POINT ( 'NONE',  ( 0.000000000000000000, 0.000000000000000000, 0.000000000000000000 ) ) ;
#5936 = VECTOR ( 'NONE', #4770, 1000.000000000000000 ) ;
#5937 = B_SPLINE_CURVE_WITH_KNOTS ( 'NONE', 3,
 ( #5348, #2575, #500, #2483, #412, #8673, #1948, #5311, #8039, #3165, #7356, #4012, #1811, #1895, #4630, #7270 ),
 .UNSPECIFIED., .F., .F.,
 ( 4, 2, 2, 2, 2, 2, 2, 4 ),
 ( 0.000000000000000000, 0.0004881883398703338846, 0.0009763766797406677692, 0.001464565019611001762, 0.001952753359481335538, 0.002440941699351669748, 0.002929130039222003525, 0.003905506718962797712 ),
 .UNSPECIFIED. ) ;
#5938 = EDGE_LOOP ( 'NONE', ( #6658, #8320, #7384, #5780 ) ) ;
#5939 = AXIS2_PLACEMENT_3D ( 'NONE', #1598, #2859, #824 ) ;
#5940 = CARTESIAN_POINT ( 'NONE',  ( 976.8206886417103760, 102.8465608314907200, -75.35810029273010002 ) ) ;
#5941 = CARTESIAN_POINT ( 'NONE',  ( 970.2932074315650652, 179.7340247757214513, 75.31834776957768440 ) ) ;
#5942 = CARTESIAN_POINT ( 'NONE',  ( 970.2932074315650652, 108.7098512239561501, -66.62145485401308065 ) ) ;
#5943 = CARTESIAN_POINT ( 'NONE',  ( 969.4678067838158313, 69.59314673787355332, -22.04084155401558220 ) ) ;
#5944 = CARTESIAN_POINT ( 'NONE',  ( 977.7932074315651789, 3.037626311421958381, -72.93677279940577307 ) ) ;
#5945 = VERTEX_POINT ( 'NONE', #5563 ) ;
#5946 = FACE_OUTER_BOUND ( 'NONE', #5762, .T. ) ;
#5947 = EDGE_LOOP ( 'NONE', ( #6014, #2195, #5207, #8379 ) ) ;
#5948 = CARTESIAN_POINT ( 'NONE',  ( 1041.321464998407691, 48.78900844669485082, -117.7959364952302934 ) ) ;
#5949 = CARTESIAN_POINT ( 'NONE',  ( 986.7932074315651789, 0.000000000000000000, 77.74999999999988631 ) ) ;
#5950 = CARTESIAN_POINT ( 'NONE',  ( 968.6178405014127293, 1.076683280937258180, -72.99216311112959943 ) ) ;
#5951 = CARTESIAN_POINT ( 'NONE',  ( 977.2807874479377688, -124.2011239235131086, 28.81578755823310445 ) ) ;
#5952 = CARTESIAN_POINT ( 'NONE',  ( 969.9321275244388971, 32.42448002454508327, 65.40378426833582637 ) ) ;
#5953 = CARTESIAN_POINT ( 'NONE',  ( 969.9570765531306051, -43.24645605111447821, 58.81109839562536479 ) ) ;
#5954 = LINE ( 'NONE', #1792, #4871 ) ;
#5955 = PRODUCT_DEFINITION_CONTEXT ( 'detailed design', #8551, 'design' ) ;
#5956 = VERTEX_POINT ( 'NONE', #3679 ) ;
#5957 = CARTESIAN_POINT ( 'NONE',  ( 1005.926540764898505, 3.796405077356784860E-15, -30.99999999999991473 ) ) ;
#5958 = EDGE_CURVE ( 'NONE', #5645, #657, #7936, .T. ) ;
#5959 = CARTESIAN_POINT ( 'NONE',  ( 1036.782757869134684, 147.6625660138624028, 127.1728735659473131 ) ) ;
#5960 = EDGE_CURVE ( 'NONE', #7738, #3683, #3921, .T. ) ;
#5961 = CARTESIAN_POINT ( 'NONE',  ( 967.8595308706295555, 37.64378273246958884, -121.8166079434328424 ) ) ;
#5962 = FACE_OUTER_BOUND ( 'NONE', #1915, .T. ) ;
#5963 = ORIENTED_EDGE ( 'NONE', *, *, #179, .T. ) ;
#5964 = ADVANCED_FACE ( 'NONE', ( #4942 ), #4304, .T. ) ;
#5965 = DIRECTION ( 'NONE',  ( 0.000000000000000000, -1.000000000000000000, 0.000000000000000000 ) ) ;
#5966 = CARTESIAN_POINT ( 'NONE',  ( 976.1207935749461058, -0.5442190424577497687, 72.99800401203883382 ) ) ;
#5967 = CARTESIAN_POINT ( 'NONE',  ( 969.9623921352654179, 10.00015816147008074, -127.1072257456103358 ) ) ;
#5968 = CARTESIAN_POINT ( 'NONE',  ( 1038.865541267632807, 65.41400624788208518, -32.40382364169381901 ) ) ;
#5969 = CARTESIAN_POINT ( 'NONE',  ( 967.7932074315651789, -70.26007323164125751, 19.81289493174902105 ) ) ;
#5970 = CARTESIAN_POINT ( 'NONE',  ( 968.7444331958880639, 72.99370677246845673, 0.9636232611037743867 ) ) ;
#5971 = EDGE_LOOP ( 'NONE', ( #3081, #3457, #7985, #5724 ) ) ;
#5972 = FACE_OUTER_BOUND ( 'NONE', #2781, .T. ) ;
#5973 = B_SPLINE_CURVE_WITH_KNOTS ( 'NONE', 3,
 ( #4168, #3259, #5982, #8734, #7640, #8289, #5671, #6343, #2226, #5628, #1557, #4884, #3579, #5052, #2312, #6217 ),
 .UNSPECIFIED., .F., .F.,
 ( 4, 2, 2, 2, 2, 2, 2, 4 ),
 ( 0.000000000000000000, 0.0004881883398703281926, 0.0009763766797406563851, 0.001464565019610984632, 0.001952753359481312770, 0.002440941699351640692, 0.002929130039221969264, 0.003905506718962753043 ),
 .UNSPECIFIED. ) ;
#5974 = ORIENTED_EDGE ( 'NONE', *, *, #3627, .F. ) ;
#5975 = ORIENTED_EDGE ( 'NONE', *, *, #303, .T. ) ;
#5976 = DIRECTION ( 'NONE',  ( 0.000000000000000000, 0.000000000000000000, -1.000000000000000000 ) ) ;
#5977 = DIRECTION ( 'NONE',  ( 1.000000000000000000, 0.000000000000000000, 0.000000000000000000 ) ) ;
#5978 = DIRECTION ( 'NONE',  ( -1.000000000000000000, -0.000000000000000000, -0.000000000000000000 ) ) ;
#5979 = VECTOR ( 'NONE', #8507, 1000.000000000000000 ) ;
#5980 = DIRECTION ( 'NONE',  ( 0.000000000000000000, 0.000000000000000000, -1.000000000000000000 ) ) ;
#5981 = CARTESIAN_POINT ( 'NONE',  ( 977.7136058903371350, -102.0493834606362640, 76.43427785124178797 ) ) ;
#5982 = CARTESIAN_POINT ( 'NONE',  ( 969.9658196246413127, -39.41524540252582653, -121.2546470685995246 ) ) ;
#5983 = CIRCLE ( 'NONE', #8321, 160.1627378425955612 ) ;
#5984 = ORIENTED_EDGE ( 'NONE', *, *, #2549, .T. ) ;
#5985 = AXIS2_PLACEMENT_3D ( 'NONE', #7970, #7292, #1159 ) ;
#5986 = DIRECTION ( 'NONE',  ( -1.000000000000000000, -0.000000000000000000, -0.000000000000000000 ) ) ;
#5987 = VECTOR ( 'NONE', #7659, 1000.000000000000000 ) ;
#5988 = ORIENTED_EDGE ( 'NONE', *, *, #7617, .T. ) ;
#5989 = DIRECTION ( 'NONE',  ( -1.000000000000000000, -0.000000000000000000, -0.000000000000000000 ) ) ;
#5990 = CARTESIAN_POINT ( 'NONE',  ( 969.4197070095237905, -51.15683165204264782, -52.07672817694561473 ) ) ;
#5991 = CIRCLE ( 'NONE', #7720, 72.99999999999987210 ) ;
#5992 = CARTESIAN_POINT ( 'NONE',  ( 975.6498138585350262, -51.04784909149496741, -52.18351250861433499 ) ) ;
#5993 = AXIS2_PLACEMENT_3D ( 'NONE', #4956, #52, #4190 ) ;
#5994 = CARTESIAN_POINT ( 'NONE',  ( 977.7932074315651789, -124.5382375486188522, 27.32173838326829696 ) ) ;
#5995 = CARTESIAN_POINT ( 'NONE',  ( 970.2932074315650652, 32.40382364169451535, 65.41400624788172991 ) ) ;
#5996 = CARTESIAN_POINT ( 'NONE',  ( 1038.865541267632807, 69.54989139674586340, -22.17684843932606853 ) ) ;
#5997 = ADVANCED_FACE ( 'NONE', ( #806 ), #2328, .F. ) ;
#5998 = ORIENTED_EDGE ( 'NONE', *, *, #2155, .F. ) ;
#5999 = ORIENTED_EDGE ( 'NONE', *, *, #5688, .T. ) ;
#6000 = AXIS2_PLACEMENT_3D ( 'NONE', #7716, #2929, #2050 ) ;
#6001 = AXIS2_PLACEMENT_3D ( 'NONE', #5304, #532, #6013 ) ;
#6002 = DIRECTION ( 'NONE',  ( -1.000000000000000000, -0.000000000000000000, -0.000000000000000000 ) ) ;
#6003 = EDGE_CURVE ( 'NONE', #6139, #8747, #7507, .T. ) ;
#6004 = CARTESIAN_POINT ( 'NONE',  ( 967.8093088641627446, -126.9176241820023705, -12.17342509258297234 ) ) ;
#6005 = CARTESIAN_POINT ( 'NONE',  ( 975.9514122167594223, -0.06653275332166623535, -127.5000437372089408 ) ) ;
#6006 = DIRECTION ( 'NONE',  ( 1.000000000000000000, 0.000000000000000000, 0.000000000000000000 ) ) ;
#6007 = DIRECTION ( 'NONE',  ( 1.000000000000000000, 0.000000000000000000, 0.000000000000000000 ) ) ;
#6008 = AXIS2_PLACEMENT_3D ( 'NONE', #5042, #4317, #1548 ) ;
#6009 = CARTESIAN_POINT ( 'NONE',  ( 968.1244542515917146, 38.21299221192442275, -121.6389570002278049 ) ) ;
#6010 = ADVANCED_FACE ( 'NONE', ( #4259 ), #8478, .F. ) ;
#6011 = CARTESIAN_POINT ( 'NONE',  ( 977.3428997317970470, 65.22814085692451158, 32.77673736413826333 ) ) ;
#6012 = ADVANCED_FACE ( 'NONE', ( #6950 ), #7656, .F. ) ;
#6013 = DIRECTION ( 'NONE',  ( 0.000000000000000000, 0.000000000000000000, 1.000000000000000000 ) ) ;
#6014 = ORIENTED_EDGE ( 'NONE', *, *, #5259, .F. ) ;
#6015 = DIRECTION ( 'NONE',  ( 0.000000000000000000, 0.000000000000000000, 1.000000000000000000 ) ) ;
#6016 = CARTESIAN_POINT ( 'NONE',  ( 977.6709658558772844, -2.209810104817402809, 72.96671531470916250 ) ) ;
#6017 = CARTESIAN_POINT ( 'NONE',  ( 977.2823495132336120, 74.15002083735805627, -103.7209856344873486 ) ) ;
#6018 = CARTESIAN_POINT ( 'NONE',  ( 970.2932074315650652, 147.6625660138624028, 127.1728735659473131 ) ) ;
#6019 = B_SPLINE_CURVE_WITH_KNOTS ( 'NONE', 3,
 ( #7504, #7365, #3969, #2671, #2005, #4113, #3446, #1186, #7321, #8242, #6167, #2770, #5499, #1328, #4065, #3918, #3399, #552 ),
 .UNSPECIFIED., .F., .F.,
 ( 4, 2, 2, 2, 2, 2, 2, 2, 4 ),
 ( 0.000000000000000000, 0.0005014877766709479375, 0.001002975553341895875, 0.001504463330012843813, 0.002005951106683791750, 0.002507438883354739904, 0.003008926660025687625, 0.003510414436696635346, 0.004011902213367583500 ),
 .UNSPECIFIED. ) ;
#6020 = CARTESIAN_POINT ( 'NONE',  ( 977.7932074315651789, 12.49991452610929521, -126.8857838248238750 ) ) ;
#6021 = CARTESIAN_POINT ( 'NONE',  ( 976.6287946620489038, 65.21738243772321653, -32.79796407076434406 ) ) ;
#6022 = ORIENTED_EDGE ( 'NONE', *, *, #8449, .F. ) ;
#6023 = CARTESIAN_POINT ( 'NONE',  ( 969.6300527781542087, -72.99836616906355857, -0.4896857443461929971 ) ) ;
#6024 = ORIENTED_EDGE ( 'NONE', *, *, #5833, .F. ) ;
#6025 = ADVANCED_FACE ( 'NONE', ( #212 ), #4393, .F. ) ;
#6026 = ORIENTED_EDGE ( 'NONE', *, *, #6413, .F. ) ;
#6027 = CARTESIAN_POINT ( 'NONE',  ( 967.7932074315651789, -101.6602862201763031, 76.95086877762832955 ) ) ;
#6028 = DIRECTION ( 'NONE',  ( 0.000000000000000000, 0.000000000000000000, 1.000000000000000000 ) ) ;
#6029 = CARTESIAN_POINT ( 'NONE',  ( 977.0249106011896174, -33.16313068978453060, 65.03250336201705295 ) ) ;
#6030 = CARTESIAN_POINT ( 'NONE',  ( 1042.912997761359293, -16.09113731973614492, 194.2118649119463214 ) ) ;
#6031 = CARTESIAN_POINT ( 'NONE',  ( 969.0172219968214904, 69.65997428135720781, -21.82882913248214862 ) ) ;
#6032 = DIRECTION ( 'NONE',  ( -1.000000000000000000, -0.000000000000000000, -0.000000000000000000 ) ) ;
#6033 = LINE ( 'NONE', #8885, #4099 ) ;
#6034 = ORIENTED_EDGE ( 'NONE', *, *, #864, .T. ) ;
#6035 = CARTESIAN_POINT ( 'NONE',  ( 967.7932074315651789, 0.000000000000000000, 127.4999999999997868 ) ) ;
#6036 = EDGE_CURVE ( 'NONE', #4309, #1543, #1369, .T. ) ;
#6037 = ORIENTED_EDGE ( 'NONE', *, *, #206, .T. ) ;
#6038 = VERTEX_POINT ( 'NONE', #6452 ) ;
#6039 = CARTESIAN_POINT ( 'NONE',  ( 968.0784268819819545, -52.12921440066168799, -51.10352022674821626 ) ) ;
#6040 = CARTESIAN_POINT ( 'NONE',  ( 958.7932074315651789, -54.35287990626783738, 17.66032122852886488 ) ) ;
#6041 = DIRECTION ( 'NONE',  ( -1.000000000000000000, -0.000000000000000000, -0.000000000000000000 ) ) ;
#6042 = DIRECTION ( 'NONE',  ( 1.000000000000000000, 0.000000000000000000, 0.000000000000000000 ) ) ;
#6043 = CARTESIAN_POINT ( 'NONE',  ( 989.0432074315651789, 9.521628863370656191E-15, -77.74999999999987210 ) ) ;
#6044 = VERTEX_POINT ( 'NONE', #6277 ) ;
#6045 = VERTEX_POINT ( 'NONE', #2965 ) ;
#6046 = CARTESIAN_POINT ( 'NONE',  ( 967.7932074315651789, -95.30549004550492498, -84.69423573765868696 ) ) ;
#6047 = DIRECTION ( 'NONE',  ( 0.000000000000000000, 0.000000000000000000, -1.000000000000000000 ) ) ;
#6048 = CARTESIAN_POINT ( 'NONE',  ( 968.0467338867611033, 40.72045645140313042, 120.8226676319584385 ) ) ;
#6049 = DIRECTION ( 'NONE',  ( -1.000000000000000000, -0.000000000000000000, -0.000000000000000000 ) ) ;
#6050 = CARTESIAN_POINT ( 'NONE',  ( 977.7932074315651789, 124.5382375486190512, -27.32173838326740878 ) ) ;
#6051 = B_SPLINE_CURVE_WITH_KNOTS ( 'NONE', 3,
 ( #1903, #1233, #3968, #422, #6693, #8554, #2397, #4466, #7187, #3172, #4267, #4686, #7408, #5659, #130, #8403 ),
 .UNSPECIFIED., .F., .F.,
 ( 4, 2, 2, 2, 2, 2, 2, 4 ),
 ( 0.000000000000000000, 0.0004881885400330898835, 0.0009763770800661797670, 0.001464565620099269596, 0.001952754160132359534, 0.002440942700165449255, 0.002929131240198539193, 0.003905508320265034788 ),
 .UNSPECIFIED. ) ;
#6052 = CARTESIAN_POINT ( 'NONE',  ( 977.7932074315651789, -127.4754850237273303, 2.500143588965386687 ) ) ;
#6053 = CARTESIAN_POINT ( 'NONE',  ( 1043.814912118905113, 96.95396024814812108, 82.80205065214565252 ) ) ;
#6054 = ADVANCED_BREP_SHAPE_REPRESENTATION ( 'Part1 Brake disc', ( #4670, #797 ), #6383 ) ;
#6055 = ORIENTED_EDGE ( 'NONE', *, *, #8637, .T. ) ;
#6056 = CIRCLE ( 'NONE', #6775, 127.4999999999998863 ) ;
#6057 = ADVANCED_FACE ( 'NONE', ( #5648 ), #2162, .F. ) ;
#6058 = CARTESIAN_POINT ( 'NONE',  ( 969.1008202615154232, 33.57063356993695891, -64.82298669456642415 ) ) ;
#6059 = CARTESIAN_POINT ( 'NONE',  ( 975.6324830688729435, -0.4191725780059284423, 72.99880543377692277 ) ) ;
#6060 = DIRECTION ( 'NONE',  ( 0.000000000000000000, 3.552569766131139471E-15, 1.000000000000000000 ) ) ;
#6061 = CIRCLE ( 'NONE', #623, 145.1627378425959876 ) ;
#6062 = CARTESIAN_POINT ( 'NONE',  ( 975.2932074315651789, 108.7098512239561501, -66.62145485401308065 ) ) ;
#6063 = CARTESIAN_POINT ( 'NONE',  ( 969.9623921352654179, -108.7098512239555532, 66.62145485401381961 ) ) ;
#6064 = CIRCLE ( 'NONE', #470, 127.4999999999998863 ) ;
#6065 = ORIENTED_EDGE ( 'NONE', *, *, #5641, .F. ) ;
#6066 = EDGE_LOOP ( 'NONE', ( #6382, #8468, #4417, #1943 ) ) ;
#6067 = CARTESIAN_POINT ( 'NONE',  ( 968.0090611264091649, -10.53700108076240305, 72.23572809575691167 ) ) ;
#6068 = CARTESIAN_POINT ( 'NONE',  ( 970.2932074315650652, -179.7340247757209113, -75.31834776957897759 ) ) ;
#6069 = CARTESIAN_POINT ( 'NONE',  ( 976.8184840389474175, 83.19234399536352953, -96.61931592023022120 ) ) ;
#6070 = EDGE_CURVE ( 'NONE', #7373, #5059, #163, .T. ) ;
#6071 = CIRCLE ( 'NONE', #5222, 2.499999999999998668 ) ;
#6072 = AXIS2_PLACEMENT_3D ( 'NONE', #1310, #8069, #8853 ) ;
#6073 = CARTESIAN_POINT ( 'NONE',  ( 968.3908861589638946, -1.322597455190378302, 72.98812135204417473 ) ) ;
#6074 = DIRECTION ( 'NONE',  ( -1.000000000000000000, -0.000000000000000000, -0.000000000000000000 ) ) ;
#6075 = FACE_OUTER_BOUND ( 'NONE', #8410, .T. ) ;
#6076 = ADVANCED_FACE ( 'NONE', ( #124 ), #2885, .T. ) ;
#6077 = CARTESIAN_POINT ( 'NONE',  ( 967.7932074315651789, -16.09113731973614492, 194.2118649119463214 ) ) ;
#6078 = CARTESIAN_POINT ( 'NONE',  ( 976.4259520426954850, 43.45842787022941422, -58.65466572367351006 ) ) ;
#6079 = VERTEX_POINT ( 'NONE', #2246 ) ;
#6080 = TOROIDAL_SURFACE ( 'NONE', #3649, 160.1627378425955612, 2.500000000000000000 ) ;
#6081 = CARTESIAN_POINT ( 'NONE',  ( 975.4734716392107430, -12.23414415701314439, 71.96753237915950763 ) ) ;
#6082 = CIRCLE ( 'NONE', #5089, 127.4999999999998863 ) ;
#6083 = VERTEX_POINT ( 'NONE', #302 ) ;
#6084 = ORIENTED_EDGE ( 'NONE', *, *, #1276, .T. ) ;
#6085 = LINE ( 'NONE', #7330, #5147 ) ;
#6086 = CARTESIAN_POINT ( 'NONE',  ( 977.5758751313187531, -52.24359330183396111, -50.98662754993245727 ) ) ;
#6087 = CIRCLE ( 'NONE', #1218, 127.4999999999997868 ) ;
#6088 = EDGE_CURVE ( 'NONE', #2443, #7933, #4081, .T. ) ;
#6089 = CIRCLE ( 'NONE', #4101, 157.6627378425955328 ) ;
#6090 = FACE_OUTER_BOUND ( 'NONE', #6702, .T. ) ;
#6091 = CARTESIAN_POINT ( 'NONE',  ( 977.7932074315651789, -44.71118576450651716, -189.6788945569603584 ) ) ;
#6092 = CARTESIAN_POINT ( 'NONE',  ( 977.7932074315651789, 0.000000000000000000, 0.000000000000000000 ) ) ;
#6093 = DIRECTION ( 'NONE',  ( -1.000000000000000000, -0.000000000000000000, -0.000000000000000000 ) ) ;
#6094 = ORIENTED_EDGE ( 'NONE', *, *, #2194, .F. ) ;
#6095 = VERTEX_POINT ( 'NONE', #4438 ) ;
#6096 = DIRECTION ( 'NONE',  ( 1.000000000000000000, 0.000000000000000000, 0.000000000000000000 ) ) ;
#6097 = DIRECTION ( 'NONE',  ( 0.000000000000000000, 0.000000000000000000, 1.000000000000000000 ) ) ;
#6098 = DIRECTION ( 'NONE',  ( 0.000000000000000000, 0.000000000000000000, 1.000000000000000000 ) ) ;
#6099 = CARTESIAN_POINT ( 'NONE',  ( 977.7136058903374760, 127.4866267757255827, -1.853507130728755392 ) ) ;
#6100 = DIRECTION ( 'NONE',  ( -1.000000000000000000, -0.000000000000000000, -0.000000000000000000 ) ) ;
#6101 = CYLINDRICAL_SURFACE ( 'NONE', #983, 30.99999999999991473 ) ;
#6102 = CARTESIAN_POINT ( 'NONE',  ( 970.2932074315650652, 66.62145485401426015, 108.7098512239554253 ) ) ;
#6103 = CARTESIAN_POINT ( 'NONE',  ( 977.7932074315648379, -19.81304114140727179, -70.26003236747069991 ) ) ;
#6104 = CARTESIAN_POINT ( 'NONE',  ( 969.5872790110975075, -10.71290754374451915, -72.20966357379265332 ) ) ;
#6105 = CARTESIAN_POINT ( 'NONE',  ( 977.7932074315651789, 0.000000000000000000, 0.000000000000000000 ) ) ;
#6106 = VERTEX_POINT ( 'NONE', #3053 ) ;
#6107 = CARTESIAN_POINT ( 'NONE',  ( 969.1851730895936043, -121.1812463673286402, 39.64037660334614088 ) ) ;
#6108 = CARTESIAN_POINT ( 'NONE',  ( 977.6656042090995697, 121.7728120787902952, 37.78432393117181221 ) ) ;
#6109 = CARTESIAN_POINT ( 'NONE',  ( 967.7932074315651789, -72.90555147392531410, 104.5993812805925387 ) ) ;
#6110 = CARTESIAN_POINT ( 'NONE',  ( 977.7932074315651789, -45.32865070979802624, 57.22161676175455369 ) ) ;
#6111 = CARTESIAN_POINT ( 'NONE',  ( 967.7932074315651789, -19.64974801233344692, -70.30567120120367974 ) ) ;
#6112 = DIRECTION ( 'NONE',  ( -1.000000000000000000, -0.000000000000000000, -0.000000000000000000 ) ) ;
#6113 = EDGE_CURVE ( 'NONE', #372, #5416, #6638, .T. ) ;
#6114 = ORIENTED_EDGE ( 'NONE', *, *, #7946, .F. ) ;
#6115 = ORIENTED_EDGE ( 'NONE', *, *, #2478, .F. ) ;
#6116 = CARTESIAN_POINT ( 'NONE',  ( 977.7167836271273700, -72.96161036530060073, -2.372854062628409810 ) ) ;
#6117 = CARTESIAN_POINT ( 'NONE',  ( 977.7932074315651789, -72.90555147392535673, 104.5993812805926382 ) ) ;
#6118 = LINE ( 'NONE', #7505, #849 ) ;
#6119 = DIRECTION ( 'NONE',  ( 1.000000000000000000, 0.000000000000000000, 0.000000000000000000 ) ) ;
#6120 = CARTESIAN_POINT ( 'NONE',  ( 977.7167836271273700, -40.96607929439561246, -60.42191134634657601 ) ) ;
#6121 = DIRECTION ( 'NONE',  ( 0.000000000000000000, -1.000000000000000000, 0.000000000000000000 ) ) ;
#6122 = CARTESIAN_POINT ( 'NONE',  ( 977.7932074315651789, 31.24617919969696800, -65.97481553911619301 ) ) ;
#6123 = CARTESIAN_POINT ( 'NONE',  ( 967.7932074315651789, -41.76986909048041241, -120.4638038423329505 ) ) ;
#6124 = EDGE_CURVE ( 'NONE', #1528, #7889, #6082, .T. ) ;
#6125 = ORIENTED_EDGE ( 'NONE', *, *, #1847, .F. ) ;
#6126 = DIRECTION ( 'NONE',  ( 0.000000000000000000, 0.000000000000000000, -1.000000000000000000 ) ) ;
#6127 = ORIENTED_EDGE ( 'NONE', *, *, #8270, .T. ) ;
#6128 = ADVANCED_FACE ( 'NONE', ( #1786 ), #8647, .F. ) ;
#6129 = VERTEX_POINT ( 'NONE', #4524 ) ;
#6130 = CARTESIAN_POINT ( 'NONE',  ( 977.7770235444022546, -41.46044356624201299, -120.5707556359637209 ) ) ;
#6131 = CARTESIAN_POINT ( 'NONE',  ( 977.3428997317970470, -51.32913368933131437, 51.90707954211291764 ) ) ;
#6132 = FACE_OUTER_BOUND ( 'NONE', #3444, .T. ) ;
#6133 = DIRECTION ( 'NONE',  ( 0.000000000000000000, 0.000000000000000000, 1.000000000000000000 ) ) ;
#6134 = CARTESIAN_POINT ( 'NONE',  ( 977.7932074315651789, 13.50033361476953786, 71.74079029596694568 ) ) ;
#6135 = CARTESIAN_POINT ( 'NONE',  ( 0.000000000000000000, 0.000000000000000000, 0.000000000000000000 ) ) ;
#6136 = AXIS2_PLACEMENT_3D ( 'NONE', #1732, #4469, #7190 ) ;
#6137 = B_SPLINE_CURVE_WITH_KNOTS ( 'NONE', 3,
 ( #1609, #7694, #5553, #7103, #7782, #2996, #154, #3668, #1651, #3499, #4892, #8297, #2151, #7609, #1476, #4207 ),
 .UNSPECIFIED., .F., .F.,
 ( 4, 2, 2, 2, 2, 2, 2, 4 ),
 ( 0.000000000000000000, 0.0005326074553525508501, 0.001065214910705101700, 0.001597822366057652550, 0.002130429821410203400, 0.002663037276762754250, 0.003195644732115305101, 0.004260859642820378178 ),
 .UNSPECIFIED. ) ;
#6138 = ORIENTED_EDGE ( 'NONE', *, *, #6292, .T. ) ;
#6139 = VERTEX_POINT ( 'NONE', #7249 ) ;
#6140 = ADVANCED_FACE ( 'NONE', ( #8019 ), #781, .F. ) ;
#6141 = CARTESIAN_POINT ( 'NONE',  ( 975.9622145319366382, -69.27374379157195960, -23.02498038019170679 ) ) ;
#6142 = CARTESIAN_POINT ( 'NONE',  ( 977.4635654086102932, -103.8787448964400255, -73.92884964552402494 ) ) ;
#6143 = CIRCLE ( 'NONE', #7576, 7.274999999999996803 ) ;
#6144 = TOROIDAL_SURFACE ( 'NONE', #123, 160.1627378425955612, 2.500000000000000000 ) ;
#6145 = AXIS2_PLACEMENT_3D ( 'NONE', #7489, #2040, #8360 ) ;
#6146 = CARTESIAN_POINT ( 'NONE',  ( 967.8595308706300102, 41.14754567031891952, 120.6781663539946976 ) ) ;
#6147 = CARTESIAN_POINT ( 'NONE',  ( 967.8724445145014670, 84.20877509304645514, -95.73483067210928255 ) ) ;
#6148 = DIRECTION ( 'NONE',  ( -1.000000000000000000, -0.000000000000000000, -0.000000000000000000 ) ) ;
#6149 = CARTESIAN_POINT ( 'NONE',  ( 967.7932074315651789, 0.000000000000000000, 0.000000000000000000 ) ) ;
#6150 = DIRECTION ( 'NONE',  ( 1.000000000000000000, -0.000000000000000000, -0.000000000000000000 ) ) ;
#6151 = AXIS2_PLACEMENT_3D ( 'NONE', #1228, #5313, #2664 ) ;
#6152 = CARTESIAN_POINT ( 'NONE',  ( 976.9470595414688887, 96.55011103273346862, 83.27268134854789139 ) ) ;
#6153 = DIRECTION ( 'NONE',  ( 0.000000000000000000, 0.000000000000000000, -1.000000000000000000 ) ) ;
#6154 = ORIENTED_EDGE ( 'NONE', *, *, #7274, .T. ) ;
#6155 = B_SPLINE_CURVE_WITH_KNOTS ( 'NONE', 3,
 ( #3308, #8099, #3256, #8048, #1823, #1906, #2449, #5192, #6029, #6650, #8774, #3176, #7322, #5274, #553, #5852 ),
 .UNSPECIFIED., .F., .F.,
 ( 4, 2, 2, 2, 2, 2, 2, 4 ),
 ( 0.000000000000000000, 0.0005326074553525395744, 0.001065214910705079149, 0.001597822366057618940, 0.002130429821410158298, 0.002663037276762698306, 0.003195644732115237880, 0.004260859642820333942 ),
 .UNSPECIFIED. ) ;
#6156 = AXIS2_PLACEMENT_3D ( 'NONE', #572, #8797, #2647 ) ;
#6157 = CIRCLE ( 'NONE', #537, 145.1627378425959876 ) ;
#6158 = CARTESIAN_POINT ( 'NONE',  ( 977.2998916257679412, -44.08139360391047745, 58.18806575294552630 ) ) ;
#6159 = CARTESIAN_POINT ( 'NONE',  ( 967.7932074315651789, 45.32865070979834599, -57.22161676175413447 ) ) ;
#6160 = PLANE ( 'NONE',  #3850 ) ;
#6161 = DIRECTION ( 'NONE',  ( 1.000000000000000000, 0.000000000000000000, 0.000000000000000000 ) ) ;
#6162 = CARTESIAN_POINT ( 'NONE',  ( 977.7932074315651789, -75.31834776957833810, 179.7340247757211955 ) ) ;
#6163 = CARTESIAN_POINT ( 'NONE',  ( 969.6300527781542087, -22.09201688974888000, -69.57689304089358018 ) ) ;
#6164 = CARTESIAN_POINT ( 'NONE',  ( 970.2932074315650652, -72.99890046992466353, -0.4006621794154086591 ) ) ;
#6165 = ORIENTED_EDGE ( 'NONE', *, *, #8339, .F. ) ;
#6166 = VERTEX_POINT ( 'NONE', #3098 ) ;
#6167 = CARTESIAN_POINT ( 'NONE',  ( 976.8447230752969972, 42.12310111499778742, 59.62091990723432389 ) ) ;
#6168 = DIRECTION ( 'NONE',  ( 0.000000000000000000, 0.000000000000000000, -1.000000000000000000 ) ) ;
#6169 = CARTESIAN_POINT ( 'NONE',  ( 1007.993207431565224, 33.59192716851458727, -38.96032122852843571 ) ) ;
#6170 = FACE_OUTER_BOUND ( 'NONE', #7080, .T. ) ;
#6171 = CARTESIAN_POINT ( 'NONE',  ( 976.1207935749461058, 59.37650972836377861, -42.46686775105192879 ) ) ;
#6172 = DIRECTION ( 'NONE',  ( 0.000000000000000000, 0.000000000000000000, 1.000000000000000000 ) ) ;
#6173 = DIRECTION ( 'NONE',  ( 0.000000000000000000, 0.000000000000000000, -1.000000000000000000 ) ) ;
#6174 = CARTESIAN_POINT ( 'NONE',  ( 977.7932074315651789, 16.09113731973758732, -194.2118649119462646 ) ) ;
#6175 = CARTESIAN_POINT ( 'NONE',  ( 968.1216482860450014, 117.3101031230553417, 49.94605374912602258 ) ) ;
#6176 = CARTESIAN_POINT ( 'NONE',  ( 967.8595308706300102, 76.42524569270061363, 102.0564655965693817 ) ) ;
#6177 = ORIENTED_EDGE ( 'NONE', *, *, #8277, .T. ) ;
#6178 = EDGE_CURVE ( 'NONE', #1816, #8891, #4389, .T. ) ;
#6179 = VERTEX_POINT ( 'NONE', #8520 ) ;
#6180 = ORIENTED_EDGE ( 'NONE', *, *, #1480, .T. ) ;
#6181 = CARTESIAN_POINT ( 'NONE',  ( 977.7932074315648379, 68.48737359660111679, 25.26872385754200323 ) ) ;
#6182 = DIRECTION ( 'NONE',  ( 0.000000000000000000, 0.000000000000000000, -1.000000000000000000 ) ) ;
#6183 = ADVANCED_FACE ( 'NONE', ( #1830 ), #2543, .T. ) ;
#6184 = EDGE_CURVE ( 'NONE', #3048, #7206, #611, .T. ) ;
#6185 = CARTESIAN_POINT ( 'NONE',  ( 977.7932074315650652, -52.84371798723438474, -50.36536915206757925 ) ) ;
#6186 = CARTESIAN_POINT ( 'NONE',  ( 975.9622145319366382, 22.09048454904883130, 69.57737989315786820 ) ) ;
#6187 = DIRECTION ( 'NONE',  ( 0.000000000000000000, 0.000000000000000000, 1.000000000000000000 ) ) ;
#6188 = FACE_OUTER_BOUND ( 'NONE', #3546, .T. ) ;
#6189 = DIRECTION ( 'NONE',  ( -1.000000000000000000, -0.000000000000000000, -0.000000000000000000 ) ) ;
#6190 = EDGE_LOOP ( 'NONE', ( #6357, #7633, #8678, #4608, #284, #604, #3042, #8168 ) ) ;
#6191 = EDGE_LOOP ( 'NONE', ( #5984, #2270, #7185, #5105 ) ) ;
#6192 = CARTESIAN_POINT ( 'NONE',  ( 977.7932074315651789, -68.42831489562418312, -25.42765660742801970 ) ) ;
#6193 = CARTESIAN_POINT ( 'NONE',  ( 977.7932074315651789, -35.00870364782783639, -64.05771357844852787 ) ) ;
#6194 = ADVANCED_FACE ( 'NONE', ( #1920 ), #1506, .F. ) ;
#6195 = CARTESIAN_POINT ( 'NONE',  ( 967.7932074315651789, 44.71118576450793114, 189.6788945569600173 ) ) ;
#6196 = CARTESIAN_POINT ( 'NONE',  ( 975.2932074315651789, 127.4999999998575078, -0.0001905234625065865828 ) ) ;
#6197 = EDGE_CURVE ( 'NONE', #432, #6314, #2357, .T. ) ;
#6198 = LINE ( 'NONE', #3427, #8905 ) ;
#6199 = CARTESIAN_POINT ( 'NONE',  ( 969.1851730895936043, -0.2531739499638012703, -127.4997640442733484 ) ) ;
#6200 = CARTESIAN_POINT ( 'NONE',  ( 976.4259520426954850, -69.63495418635343981, 21.90839837989697969 ) ) ;
#6201 = ORIENTED_EDGE ( 'NONE', *, *, #7625, .T. ) ;
#6202 = CARTESIAN_POINT ( 'NONE',  ( 968.4107331596591166, -120.9953266188023946, 40.20440539502571653 ) ) ;
#6203 = SURFACE_STYLE_USAGE ( .BOTH. , #2042 ) ;
#6204 = CARTESIAN_POINT ( 'NONE',  ( 977.7932074315651789, 0.000000000000000000, 0.000000000000000000 ) ) ;
#6205 = ADVANCED_FACE ( 'NONE', ( #8162 ), #2222, .F. ) ;
#6206 = CARTESIAN_POINT ( 'NONE',  ( 967.7932074315651789, -44.71118576450651716, -189.6788945569603584 ) ) ;
#6207 = FACE_BOUND ( 'NONE', #481, .T. ) ;
#6208 = CARTESIAN_POINT ( 'NONE',  ( 977.7932074315650652, 116.9454229753898318, 50.79495492724351635 ) ) ;
#6209 = TOROIDAL_SURFACE ( 'NONE', #3352, 145.1627378425959591, 2.500000000000000000 ) ;
#6210 = ORIENTED_EDGE ( 'NONE', *, *, #6363, .F. ) ;
#6211 = CARTESIAN_POINT ( 'NONE',  ( 975.2932074315651789, 82.80205065214671833, -96.95396024814721159 ) ) ;
#6212 = CARTESIAN_POINT ( 'NONE',  ( 975.2932074315651789, 194.2118649119463498, 16.09113731973548056 ) ) ;
#6213 = CARTESIAN_POINT ( 'NONE',  ( 977.7932074315651789, 3.037626311421958381, -72.93677279940577307 ) ) ;
#6214 = DIRECTION ( 'NONE',  ( 0.000000000000000000, 0.000000000000000000, 1.000000000000000000 ) ) ;
#6215 = CARTESIAN_POINT ( 'NONE',  ( 968.1111217781452751, 20.89288363201812260, 69.94646526849018642 ) ) ;
#6216 = CIRCLE ( 'NONE', #5073, 147.6627378425959591 ) ;
#6217 = CARTESIAN_POINT ( 'NONE',  ( 967.7932074315651789, -41.76986909048041241, -120.4638038423329505 ) ) ;
#6218 = FACE_OUTER_BOUND ( 'NONE', #79, .T. ) ;
#6219 = CARTESIAN_POINT ( 'NONE',  ( 967.7932074315651789, -127.1728735659488621, 147.6625660138610669 ) ) ;
#6220 = CARTESIAN_POINT ( 'NONE',  ( 968.6380338253292166, 117.5568362817407859, 49.36247229011133442 ) ) ;
#6221 = CARTESIAN_POINT ( 'NONE',  ( 969.0416369157516101, 75.20926914426570420, 102.9554468973458938 ) ) ;
#6222 = VERTEX_POINT ( 'NONE', #4805 ) ;
#6223 = ORIENTED_EDGE ( 'NONE', *, *, #4949, .F. ) ;
#6224 = CIRCLE ( 'NONE', #8076, 72.99999999999987210 ) ;
#6225 = ORIENTED_EDGE ( 'NONE', *, *, #2900, .F. ) ;
#6226 = CIRCLE ( 'NONE', #3788, 127.4999999999998863 ) ;
#6227 = DIRECTION ( 'NONE',  ( 1.000000000000000000, -0.000000000000000000, -0.000000000000000000 ) ) ;
#6228 = CARTESIAN_POINT ( 'NONE',  ( 975.2932074315651789, -48.78900844669404790, 117.7959364952305918 ) ) ;
#6229 = DIRECTION ( 'NONE',  ( -1.000000000000000000, -0.000000000000000000, -0.000000000000000000 ) ) ;
#6230 = DIRECTION ( 'NONE',  ( 1.000000000000000000, 0.000000000000000000, 0.000000000000000000 ) ) ;
#6231 = CARTESIAN_POINT ( 'NONE',  ( 970.2932074315650652, 72.22574908703222718, -10.60382802656725865 ) ) ;
#6232 = CIRCLE ( 'NONE', #59, 157.6627378425955328 ) ;
#6233 = AXIS2_PLACEMENT_3D ( 'NONE', #8565, #8608, #5203 ) ;
#6234 = ORIENTED_EDGE ( 'NONE', *, *, #1534, .T. ) ;
#6235 = VERTEX_POINT ( 'NONE', #521 ) ;
#6236 = EDGE_CURVE ( 'NONE', #3835, #6038, #8086, .T. ) ;
#6237 = CARTESIAN_POINT ( 'NONE',  ( 967.7932074315654063, -95.41535238628067361, -84.57060885639597814 ) ) ;
#6238 = CARTESIAN_POINT ( 'NONE',  ( 968.0784268819822955, 72.21131588306334947, 10.70283289752120837 ) ) ;
#6239 = CIRCLE ( 'NONE', #8827, 7.275000000000003908 ) ;
#6240 = AXIS2_PLACEMENT_3D ( 'NONE', #5072, #7798, #7839 ) ;
#6241 = CARTESIAN_POINT ( 'NONE',  ( 969.1823241134992486, 82.99598870262130390, -96.78801477489807326 ) ) ;
#6242 = CARTESIAN_POINT ( 'NONE',  ( 967.7932074315651789, 31.24617919969681523, -65.97481553911610774 ) ) ;
#6243 = DIRECTION ( 'NONE',  ( 1.000000000000000000, 0.000000000000000000, 0.000000000000000000 ) ) ;
#6244 = CARTESIAN_POINT ( 'NONE',  ( 977.7932074315651789, 31.24617919969696800, -65.97481553911619301 ) ) ;
#6245 = ADVANCED_FACE ( 'NONE', ( #3265 ), #5420, .F. ) ;
#6246 = ORIENTED_EDGE ( 'NONE', *, *, #7718, .F. ) ;
#6247 = CARTESIAN_POINT ( 'NONE',  ( 977.7932074315648379, -45.19574682463418469, 57.32689784483978457 ) ) ;
#6248 = DIRECTION ( 'NONE',  ( 0.000000000000000000, 0.000000000000000000, 1.000000000000000000 ) ) ;
#6249 = CARTESIAN_POINT ( 'NONE',  ( 968.6815957473299932, 51.51236203288333115, 51.72513852215988805 ) ) ;
#6250 = CARTESIAN_POINT ( 'NONE',  ( 975.2932074315651789, 75.31834776957963129, -179.7340247757206839 ) ) ;
#6251 = CARTESIAN_POINT ( 'NONE',  ( 975.6324830688729435, 72.99880543377692277, 0.4191725780066374307 ) ) ;
#6252 = ORIENTED_EDGE ( 'NONE', *, *, #1243, .T. ) ;
#6253 = EDGE_CURVE ( 'NONE', #7209, #4446, #5672, .T. ) ;
#6254 = CARTESIAN_POINT ( 'NONE',  ( 967.7932074315652926, -64.61163728030761888, -109.9163940515589957 ) ) ;
#6255 = PRODUCT_DEFINITION_SHAPE ( 'NONE', 'NONE',  #258 ) ;
#6256 = CARTESIAN_POINT ( 'NONE',  ( 977.7932074315650652, -109.8327767126892951, 64.75430920436166105 ) ) ;
#6257 = DIRECTION ( 'NONE',  ( 1.000000000000000000, 0.000000000000000000, 0.000000000000000000 ) ) ;
#6258 = FACE_OUTER_BOUND ( 'NONE', #3496, .T. ) ;
#6259 = CARTESIAN_POINT ( 'NONE',  ( 967.7932074315651789, 72.90555147392606727, -104.5993812805919987 ) ) ;
#6260 = DIRECTION ( 'NONE',  ( -1.000000000000000000, -0.000000000000000000, -0.000000000000000000 ) ) ;
#6261 = CARTESIAN_POINT ( 'NONE',  ( 969.4678067838158313, 58.73724070067272152, 43.34675678940302390 ) ) ;
#6262 = FACE_OUTER_BOUND ( 'NONE', #5185, .T. ) ;
#6263 = AXIS2_PLACEMENT_3D ( 'NONE', #6981, #1527, #841 ) ;
#6264 = ORIENTED_EDGE ( 'NONE', *, *, #2095, .T. ) ;
#6265 = ORIENTED_EDGE ( 'NONE', *, *, #3585, .F. ) ;
#6266 = ORIENTED_EDGE ( 'NONE', *, *, #2074, .F. ) ;
#6267 = CARTESIAN_POINT ( 'NONE',  ( 975.4734716392110840, -64.66463217473194902, -33.87455307021146211 ) ) ;
#6268 = CARTESIAN_POINT ( 'NONE',  ( 968.2886015245320550, -41.72077827437159669, -59.90323238522174165 ) ) ;
#6269 = B_SPLINE_CURVE_WITH_KNOTS ( 'NONE', 3,
 ( #6228, #1440, #8299, #7470, #4080, #7523, #2152, #4893, #27, #8342, #2685, #1477, #3547, #2190, #8208, #4804 ),
 .UNSPECIFIED., .F., .F.,
 ( 4, 2, 2, 2, 2, 2, 2, 4 ),
 ( 0.000000000000000000, 0.0004891407059790108154, 0.0009782814119580216308, 0.001467422117937032446, 0.001956562823916043262, 0.002445703529895054077, 0.002934844235874064892, 0.003913125647832086523 ),
 .UNSPECIFIED. ) ;
#6270 = DIRECTION ( 'NONE',  ( 0.000000000000000000, 0.000000000000000000, 1.000000000000000000 ) ) ;
#6271 = CARTESIAN_POINT ( 'NONE',  ( 970.2932074315650652, -117.7959364952304639, -48.78900844669439607 ) ) ;
#6272 = CARTESIAN_POINT ( 'NONE',  ( 977.7932074315651789, 0.000000000000000000, 0.000000000000000000 ) ) ;
#6273 = ORIENTED_EDGE ( 'NONE', *, *, #6124, .F. ) ;
#6274 = ORIENTED_EDGE ( 'NONE', *, *, #7207, .T. ) ;
#6275 = CARTESIAN_POINT ( 'NONE',  ( 970.2932074315650652, 22.93895319245790532, -69.30226855186060675 ) ) ;
#6276 = CARTESIAN_POINT ( 'NONE',  ( 976.9464254848242035, -103.5116234979668093, -74.44197133722559556 ) ) ;
#6277 = CARTESIAN_POINT ( 'NONE',  ( 967.7932074315651789, 19.64974801233390167, 70.30567120120355185 ) ) ;
#6278 = VECTOR ( 'NONE', #6484, 1000.000000000000000 ) ;
#6279 = EDGE_CURVE ( 'NONE', #7253, #262, #760, .T. ) ;
#6280 = CARTESIAN_POINT ( 'NONE',  ( 967.7932074315651789, -25.42765660742775324, 68.42831489562415470 ) ) ;
#6281 = CARTESIAN_POINT ( 'NONE',  ( 967.8087372738299337, 45.06431081608081257, -57.43026415369534021 ) ) ;
#6282 = ORIENTED_EDGE ( 'NONE', *, *, #8822, .F. ) ;
#6283 = CARTESIAN_POINT ( 'NONE',  ( 977.4756012051087737, -20.89214510254888779, -69.94668348925516455 ) ) ;
#6284 = B_SPLINE_CURVE_WITH_KNOTS ( 'NONE', 3,
 ( #6385, #182, #5586, #6430, #8460, #3035, #1510, #7991, #4500, #5799, #449, #1757, #5136, #1047, #4541, #1849 ),
 .UNSPECIFIED., .F., .F.,
 ( 4, 2, 2, 2, 2, 2, 2, 4 ),
 ( 1.734723475976807094E-18, 0.001060870709216573705, 0.001591306063824904360, 0.002121741418433235448, 0.002652176773041566103, 0.003182612127649896757, 0.003713047482258227412, 0.004243482836866558500 ),
 .UNSPECIFIED. ) ;
#6285 = VECTOR ( 'NONE', #8589, 1000.000000000000000 ) ;
#6286 = ADVANCED_FACE ( 'NONE', ( #6853 ), #1659, .F. ) ;
#6287 = CIRCLE ( 'NONE', #8580, 160.1627378425955612 ) ;
#6288 = TOROIDAL_SURFACE ( 'NONE', #2417, 160.1627378425955612, 2.500000000000000000 ) ;
#6289 = CARTESIAN_POINT ( 'NONE',  ( 968.2424519787780355, -11.01412355763070217, 72.16449165519748021 ) ) ;
#6290 = ORIENTED_EDGE ( 'NONE', *, *, #2237, .T. ) ;
#6291 = B_SPLINE_CURVE_WITH_KNOTS ( 'NONE', 3,
 ( #6673, #6583, #6624, #3899, #1036, #5827, #7172, #7214, #442, #3156, #355, #5913, #7341, #8704, #3108, #528 ),
 .UNSPECIFIED., .F., .F.,
 ( 4, 2, 2, 2, 2, 2, 2, 4 ),
 ( 0.000000000000000000, 0.0004891428882835930844, 0.0009782857765671861688, 0.001467428664850779253, 0.001956571553134372338, 0.002445714441417965422, 0.002934857329701558507, 0.003913143106268744675 ),
 .UNSPECIFIED. ) ;
#6292 = EDGE_CURVE ( 'NONE', #8737, #14, #4513, .T. ) ;
#6293 = EDGE_CURVE ( 'NONE', #8389, #4934, #2915, .T. ) ;
#6294 = EDGE_CURVE ( 'NONE', #6944, #4378, #8777, .T. ) ;
#6295 = CARTESIAN_POINT ( 'NONE',  ( 970.2932074315650652, -121.2596469525085183, 39.39984798134323540 ) ) ;
#6296 = AXIS2_PLACEMENT_3D ( 'NONE', #1379, #5407, #6168 ) ;
#6297 = CARTESIAN_POINT ( 'NONE',  ( 977.7932074315651789, -64.05771357844838576, 35.00870364782807087 ) ) ;
#6298 = AXIS2_PLACEMENT_3D ( 'NONE', #3743, #4373, #7140 ) ;
#6299 = CARTESIAN_POINT ( 'NONE',  ( 967.7932074315651789, -104.5993812805922403, -72.90555147392572621 ) ) ;
#6300 = CARTESIAN_POINT ( 'NONE',  ( 969.9623921352655316, 96.95396024814803582, 82.80205065214559568 ) ) ;
#6301 = ORIENTED_EDGE ( 'NONE', *, *, #8428, .T. ) ;
#6302 = EDGE_CURVE ( 'NONE', #1325, #2693, #7593, .T. ) ;
#6303 = LINE ( 'NONE', #17, #5914 ) ;
#6304 = CARTESIAN_POINT ( 'NONE',  ( 968.3375251523920042, -64.92448295781913714, 33.37410808616819224 ) ) ;
#6305 = CARTESIAN_POINT ( 'NONE',  ( 975.9622145319366382, -42.50989208955738263, -59.34568539449819724 ) ) ;
#6306 = CARTESIAN_POINT ( 'NONE',  ( 1038.865541267632807, 22.17684843932680394, 69.54989139674560761 ) ) ;
#6307 = CARTESIAN_POINT ( 'NONE',  ( 977.1774328682956821, 28.93880487529690626, 124.1724968412870851 ) ) ;
#6308 = DIRECTION ( 'NONE',  ( 1.000000000000000000, 0.000000000000000000, 0.000000000000000000 ) ) ;
#6309 = CARTESIAN_POINT ( 'NONE',  ( 977.5758751313188668, -12.29676709041734028, -71.95706184334510169 ) ) ;
#6310 = EDGE_CURVE ( 'NONE', #1003, #4421, #8522, .T. ) ;
#6311 = DIRECTION ( 'NONE',  ( 0.000000000000000000, 5.263048271975253783E-15, -1.000000000000000000 ) ) ;
#6312 = ORIENTED_EDGE ( 'NONE', *, *, #4157, .T. ) ;
#6313 = ORIENTED_EDGE ( 'NONE', *, *, #466, .T. ) ;
#6314 = VERTEX_POINT ( 'NONE', #4211 ) ;
#6315 = CARTESIAN_POINT ( 'NONE',  ( 977.7932074315651789, 27.32173838326870552, 124.5382375486187669 ) ) ;
#6316 = LINE ( 'NONE', #155, #4420 ) ;
#6317 = CARTESIAN_POINT ( 'NONE',  ( 968.7444331958880639, -59.61955280299108750, 42.12503675661070446 ) ) ;
#6318 = DIRECTION ( 'NONE',  ( 0.000000000000000000, 0.000000000000000000, -1.000000000000000000 ) ) ;
#6319 = CARTESIAN_POINT ( 'NONE',  ( 1036.782757869134684, -127.1728735659488621, 147.6625660138610669 ) ) ;
#6320 = EDGE_CURVE ( 'NONE', #2668, #5901, #1927, .T. ) ;
#6321 = ORIENTED_EDGE ( 'NONE', *, *, #4992, .T. ) ;
#6322 = ORIENTED_EDGE ( 'NONE', *, *, #4827, .T. ) ;
#6323 = DIRECTION ( 'NONE',  ( -1.000000000000000000, -0.000000000000000000, -0.000000000000000000 ) ) ;
#6324 = CARTESIAN_POINT ( 'NONE',  ( 977.5758751313186394, -33.93087544558804325, -64.63532255275710270 ) ) ;
#6325 = DIRECTION ( 'NONE',  ( 0.000000000000000000, 0.000000000000000000, -1.000000000000000000 ) ) ;
#6326 = CARTESIAN_POINT ( 'NONE',  ( 1041.321464998407691, 117.7959364952307624, 48.78900844669363579 ) ) ;
#6327 = CARTESIAN_POINT ( 'NONE',  ( 975.2932074315651789, 166.5788324321696336, -101.1368664649733233 ) ) ;
#6328 = DIRECTION ( 'NONE',  ( 0.000000000000000000, 0.000000000000000000, 1.000000000000000000 ) ) ;
#6329 = B_SPLINE_CURVE_WITH_KNOTS ( 'NONE', 3,
 ( #1941, #4004, #6631, #4729, #2566, #8758, #8077, #6731, #1316, #4052, #630, #3384, #6104, #8860, #6773, #4130 ),
 .UNSPECIFIED., .F., .F.,
 ( 4, 2, 2, 2, 2, 2, 2, 4 ),
 ( 0.000000000000000000, 0.001060870709216570670, 0.001591306063824900674, 0.002121741418433231111, 0.002652176773041561332, 0.003182612127649891119, 0.003713047482258221340, 0.004243482836866551561 ),
 .UNSPECIFIED. ) ;
#6330 = CARTESIAN_POINT ( 'NONE',  ( 1007.993207431565224, 37.92267161132571829, 27.55243370120959767 ) ) ;
#6331 = ORIENTED_EDGE ( 'NONE', *, *, #1694, .F. ) ;
#6332 = CARTESIAN_POINT ( 'NONE',  ( 969.9321275244390108, -12.21142446341839793, 71.97140414119600393 ) ) ;
#6333 = ORIENTED_EDGE ( 'NONE', *, *, #2622, .F. ) ;
#6334 = DIRECTION ( 'NONE',  ( 1.000000000000000000, 0.000000000000000000, 0.000000000000000000 ) ) ;
#6335 = CARTESIAN_POINT ( 'NONE',  ( 967.7932074315651789, -45.19586582432366839, 57.32680357809816485 ) ) ;
#6336 = CARTESIAN_POINT ( 'NONE',  ( 969.5872790110973938, 51.11069958373365552, 52.12195592590961724 ) ) ;
#6337 = DIRECTION ( 'NONE',  ( 0.000000000000000000, 0.000000000000000000, 1.000000000000000000 ) ) ;
#6338 = VERTEX_POINT ( 'NONE', #4249 ) ;
#6339 = ADVANCED_FACE ( 'NONE', ( #839 ), #6898, .T. ) ;
#6340 = B_SPLINE_CURVE_WITH_KNOTS ( 'NONE', 3,
 ( #6192, #6904, #81, #4136, #37, #2695, #8266, #3323, #5386, #3510, #7531, #2836, #4041, #4813, #6141, #7574, #571, #5561 ),
 .UNSPECIFIED., .F., .F.,
 ( 4, 2, 2, 2, 2, 2, 2, 2, 4 ),
 ( 0.000000000000000000, 0.0005014877766709428418, 0.001002975553341885684, 0.001504463330012828417, 0.002005951106683771367, 0.002507438883354714317, 0.003008926660025656834, 0.003510414436696599784, 0.004011902213367542734 ),
 .UNSPECIFIED. ) ;
#6341 = DIRECTION ( 'NONE',  ( 0.000000000000000000, 0.000000000000000000, 1.000000000000000000 ) ) ;
#6342 = FACE_OUTER_BOUND ( 'NONE', #4148, .T. ) ;
#6343 = CARTESIAN_POINT ( 'NONE',  ( 968.7699766253856524, -39.88545675709772098, -121.1008197756088833 ) ) ;
#6344 = DIRECTION ( 'NONE',  ( 0.000000000000000000, 0.000000000000000000, -1.000000000000000000 ) ) ;
#6345 = CARTESIAN_POINT ( 'NONE',  ( 977.5402670494213453, -127.4924883621986709, 1.392231204483665330 ) ) ;
#6346 = ORIENTED_EDGE ( 'NONE', *, *, #865, .F. ) ;
#6347 = ORIENTED_EDGE ( 'NONE', *, *, #6622, .F. ) ;
#6348 = EDGE_CURVE ( 'NONE', #6668, #7350, #2469, .T. ) ;
#6349 = ORIENTED_EDGE ( 'NONE', *, *, #7899, .F. ) ;
#6350 = CARTESIAN_POINT ( 'NONE',  ( 977.0249106011897311, -65.03250336201695347, -33.16313068978477929 ) ) ;
#6351 = CARTESIAN_POINT ( 'NONE',  ( 976.8447230752969972, 69.71961848559551811, -21.63757233037453531 ) ) ;
#6352 = ADVANCED_FACE ( 'NONE', ( #5235 ), #3177, .T. ) ;
#6353 = PRESENTATION_LAYER_ASSIGNMENT (  '', '', ( #7197 ) ) ;
#6354 = CARTESIAN_POINT ( 'NONE',  ( 977.5406705918380794, 109.4338101651091790, -65.42563650107319972 ) ) ;
#6355 = CARTESIAN_POINT ( 'NONE',  ( 977.4632779943992773, -28.54861536244686349, -124.2628076189820376 ) ) ;
#6356 = CARTESIAN_POINT ( 'NONE',  ( 968.0090611264092786, 71.95637231849744353, -12.30078404256788538 ) ) ;
#6357 = ORIENTED_EDGE ( 'NONE', *, *, #3082, .T. ) ;
#6358 = AXIS2_PLACEMENT_3D ( 'NONE', #4518, #3801, #5112 ) ;
#6359 = CIRCLE ( 'NONE', #2932, 147.6627378425959591 ) ;
#6360 = ORIENTED_EDGE ( 'NONE', *, *, #5246, .T. ) ;
#6361 = DIRECTION ( 'NONE',  ( 0.000000000000000000, 0.000000000000000000, -1.000000000000000000 ) ) ;
#6362 = CARTESIAN_POINT ( 'NONE',  ( 1043.814912118905340, -103.1497787695724213, -74.94246553048698445 ) ) ;
#6363 = EDGE_CURVE ( 'NONE', #5735, #756, #7263, .T. ) ;
#6364 = DIRECTION ( 'NONE',  ( -1.000000000000000000, -0.000000000000000000, -0.000000000000000000 ) ) ;
#6365 = VECTOR ( 'NONE', #8547, 1000.000000000000000 ) ;
#6366 = TOROIDAL_SURFACE ( 'NONE', #4641, 145.1627378425959591, 2.500000000000000000 ) ;
#6367 = CARTESIAN_POINT ( 'NONE',  ( 975.2932074315651789, -179.7340247757209113, -75.31834776957897759 ) ) ;
#6368 = CARTESIAN_POINT ( 'NONE',  ( 970.2932074315650652, -189.6788945569601879, 44.71118576450717796 ) ) ;
#6369 = DIRECTION ( 'NONE',  ( -1.000000000000000000, -0.000000000000000000, -0.000000000000000000 ) ) ;
#6370 = VERTEX_POINT ( 'NONE', #2450 ) ;
#6371 = ORIENTED_EDGE ( 'NONE', *, *, #933, .F. ) ;
#6372 = CIRCLE ( 'NONE', #3928, 127.4999999999998863 ) ;
#6373 = AXIS2_PLACEMENT_3D ( 'NONE', #6030, #7323, #4067 ) ;
#6374 = CARTESIAN_POINT ( 'NONE',  ( 1001.793207431565179, 33.59192716851458727, -38.96032122852843571 ) ) ;
#6375 = ORIENTED_EDGE ( 'NONE', *, *, #7976, .T. ) ;
#6376 = CARTESIAN_POINT ( 'NONE',  ( 975.9622145319366382, -43.30482172372096983, 58.76813520850659955 ) ) ;
#6377 = AXIS2_PLACEMENT_3D ( 'NONE', #8375, #5014, #6311 ) ;
#6378 = CARTESIAN_POINT ( 'NONE',  ( 976.9020747459414906, 72.12514523546576584, -11.26840024042313004 ) ) ;
#6379 = DIRECTION ( 'NONE',  ( 1.000000000000000000, 0.000000000000000000, 0.000000000000000000 ) ) ;
#6380 = DIRECTION ( 'NONE',  ( -1.000000000000000000, -0.000000000000000000, -0.000000000000000000 ) ) ;
#6381 = ORIENTED_EDGE ( 'NONE', *, *, #962, .F. ) ;
#6382 = ORIENTED_EDGE ( 'NONE', *, *, #7319, .F. ) ;
#6383 =( GEOMETRIC_REPRESENTATION_CONTEXT ( 3 ) GLOBAL_UNCERTAINTY_ASSIGNED_CONTEXT ( ( #6669 ) ) GLOBAL_UNIT_ASSIGNED_CONTEXT ( ( #1748, #5253, #2603 ) ) REPRESENTATION_CONTEXT ( 'NONE', 'WORKASPACE' ) );
#6384 = CARTESIAN_POINT ( 'NONE',  ( 968.3024195543164296, 49.69511166749744291, -117.4166276819744468 ) ) ;
#6385 = CARTESIAN_POINT ( 'NONE',  ( 967.7932074315651789, 13.50033361476962668, 71.74079029596680357 ) ) ;
#6386 = CARTESIAN_POINT ( 'NONE',  ( 975.2932074315651789, -75.31834776957833810, 179.7340247757211955 ) ) ;
#6387 = DIRECTION ( 'NONE',  ( 0.000000000000000000, 0.000000000000000000, -1.000000000000000000 ) ) ;
#6388 = EDGE_CURVE ( 'NONE', #3914, #7143, #2675, .T. ) ;
#6389 = CARTESIAN_POINT ( 'NONE',  ( 970.2932074315650652, -69.30226855186067780, -22.93895319245764242 ) ) ;
#6390 = CARTESIAN_POINT ( 'NONE',  ( 967.7932074315651789, 50.10422153953698654, -53.09017784785581995 ) ) ;
#6391 = ORIENTED_EDGE ( 'NONE', *, *, #5427, .F. ) ;
#6392 = B_SPLINE_CURVE_WITH_KNOTS ( 'NONE', 3,
 ( #2434, #6466, #7137, #363, #2387, #5755, #4324, #5713, #8495, #2345, #408, #5048, #7770, #3783, #7815, #8584 ),
 .UNSPECIFIED., .F., .F.,
 ( 4, 2, 2, 2, 2, 2, 2, 4 ),
 ( 0.000000000000000000, 0.0004881885400330853841, 0.0009763770800661707681, 0.001464565620099256152, 0.001952754160132341536, 0.002440942700165427137, 0.002929131240198512304, 0.003905508320265012670 ),
 .UNSPECIFIED. ) ;
#6393 = ORIENTED_EDGE ( 'NONE', *, *, #3243, .T. ) ;
#6394 = EDGE_LOOP ( 'NONE', ( #7149, #5752, #2780, #2317 ) ) ;
#6395 = CYLINDRICAL_SURFACE ( 'NONE', #6850, 7.275000000000003908 ) ;
#6396 = CARTESIAN_POINT ( 'NONE',  ( 976.8184840389475312, 49.26361025842530239, -117.5982781023690364 ) ) ;
#6397 = CARTESIAN_POINT ( 'NONE',  ( 977.7272465782218660, 109.6653851972127285, -65.03725213169734332 ) ) ;
#6398 = CARTESIAN_POINT ( 'NONE',  ( 970.1281350223661093, 103.1495547958089674, -74.94277380392576049 ) ) ;
#6399 = CARTESIAN_POINT ( 'NONE',  ( 975.2932074315651789, -74.94277380392607313, -103.1495547958086689 ) ) ;
#6400 = EDGE_CURVE ( 'NONE', #1043, #3834, #7830, .T. ) ;
#6401 = DIRECTION ( 'NONE',  ( 0.000000000000000000, 7.105427357601001859E-15, 1.000000000000000000 ) ) ;
#6402 = EDGE_CURVE ( 'NONE', #6222, #3103, #7285, .T. ) ;
#6403 = CARTESIAN_POINT ( 'NONE',  ( 0.000000000000000000, 8.633759933988824789E-15, -70.49999999999987210 ) ) ;
#6404 = ORIENTED_EDGE ( 'NONE', *, *, #3940, .F. ) ;
#6405 = ORIENTED_EDGE ( 'NONE', *, *, #4427, .T. ) ;
#6406 = CARTESIAN_POINT ( 'NONE',  ( 975.2932074315651789, 10.60382802656801360, 72.22574908703211349 ) ) ;
#6407 = CARTESIAN_POINT ( 'NONE',  ( 967.8459545321660471, -50.61847298607510481, 52.60119213248421488 ) ) ;
#6408 = DIRECTION ( 'NONE',  ( 1.000000000000000000, 0.000000000000000000, 0.000000000000000000 ) ) ;
#6409 = DIRECTION ( 'NONE',  ( 0.000000000000000000, 0.000000000000000000, 1.000000000000000000 ) ) ;
#6410 = CARTESIAN_POINT ( 'NONE',  ( 975.6212234913449493, 66.60755744379868304, 108.7183715433185398 ) ) ;
#6411 = DIRECTION ( 'NONE',  ( -1.000000000000000000, -0.000000000000000000, -0.000000000000000000 ) ) ;
#6412 = ORIENTED_EDGE ( 'NONE', *, *, #3023, .F. ) ;
#6413 = EDGE_CURVE ( 'NONE', #7238, #3018, #5792, .T. ) ;
#6414 = ORIENTED_EDGE ( 'NONE', *, *, #2453, .F. ) ;
#6415 = DIRECTION ( 'NONE',  ( 1.000000000000000000, 0.000000000000000000, 0.000000000000000000 ) ) ;
#6416 = ORIENTED_EDGE ( 'NONE', *, *, #2456, .F. ) ;
#6417 = TOROIDAL_SURFACE ( 'NONE', #1696, 145.1627378425959591, 2.500000000000000000 ) ;
#6418 = CARTESIAN_POINT ( 'NONE',  ( 967.7932074315651789, 2.500143588966718955, 127.4754850237271881 ) ) ;
#6419 = CARTESIAN_POINT ( 'NONE',  ( 975.6498138585351398, 72.22252130287913019, -10.62587837592349871 ) ) ;
#6420 = CARTESIAN_POINT ( 'NONE',  ( 977.5074755329791287, 72.21114075575545144, 10.70401899479604957 ) ) ;
#6421 = CARTESIAN_POINT ( 'NONE',  ( 977.7932074315651789, 0.000000000000000000, 0.000000000000000000 ) ) ;
#6422 = VERTEX_POINT ( 'NONE', #6169 ) ;
#6423 = CIRCLE ( 'NONE', #255, 127.4999999999998863 ) ;
#6424 = CIRCLE ( 'NONE', #8889, 147.6627378425959591 ) ;
#6425 = VERTEX_POINT ( 'NONE', #3257 ) ;
#6426 = CIRCLE ( 'NONE', #1708, 160.1627378425955612 ) ;
#6427 = CIRCLE ( 'NONE', #7577, 160.1627378425955612 ) ;
#6428 = AXIS2_PLACEMENT_3D ( 'NONE', #2933, #6041, #4131 ) ;
#6429 = CARTESIAN_POINT ( 'NONE',  ( 977.7932074315651789, -60.79256065741288495, 40.41366809279696781 ) ) ;
#6430 = CARTESIAN_POINT ( 'NONE',  ( 968.0090611264091649, 12.30078404256865632, 71.95637231849725879 ) ) ;
#6431 = CARTESIAN_POINT ( 'NONE',  ( 970.2932074315650652, -166.5788324321703158, 101.1368664649722291 ) ) ;
#6432 = DIRECTION ( 'NONE',  ( 1.000000000000000000, 0.000000000000000000, 0.000000000000000000 ) ) ;
#6433 = DIRECTION ( 'NONE',  ( 1.000000000000000000, 0.000000000000000000, 0.000000000000000000 ) ) ;
#6434 = LINE ( 'NONE', #8501, #7662 ) ;
#6435 = CIRCLE ( 'NONE', #3152, 157.6627378425955328 ) ;
#6436 = ORIENTED_EDGE ( 'NONE', *, *, #8373, .F. ) ;
#6437 = ORIENTED_EDGE ( 'NONE', *, *, #1480, .F. ) ;
#6438 = VERTEX_POINT ( 'NONE', #1238 ) ;
#6439 = CARTESIAN_POINT ( 'NONE',  ( 967.7932074315650652, 65.82083571491757823, 31.57130024676365565 ) ) ;
#6440 = DIRECTION ( 'NONE',  ( 1.000000000000000000, 0.000000000000000000, 0.000000000000000000 ) ) ;
#6441 = DIRECTION ( 'NONE',  ( 0.000000000000000000, 0.000000000000000000, -1.000000000000000000 ) ) ;
#6442 = CARTESIAN_POINT ( 'NONE',  ( 977.7932074315649515, -72.35548711148135226, -9.685681462791361440 ) ) ;
#6444 = TOROIDAL_SURFACE ( 'NONE', #6727, 145.1627378425959591, 2.500000000000000000 ) ;
#6443 = CARTESIAN_POINT ( 'NONE',  ( 977.7136058903372486, -76.43427785124141849, -102.0493834606365766 ) ) ;
#6445 = CARTESIAN_POINT ( 'NONE',  ( 967.7932074315651789, -16.09113731973614492, 194.2118649119463214 ) ) ;
#6446 = DIRECTION ( 'NONE',  ( 0.000000000000000000, 0.000000000000000000, 1.000000000000000000 ) ) ;
#6447 = ORIENTED_EDGE ( 'NONE', *, *, #5271, .T. ) ;
#6448 = VERTEX_POINT ( 'NONE', #1330 ) ;
#6449 = CARTESIAN_POINT ( 'NONE',  ( 969.0172219968214904, 23.28521182216961449, -69.18676686022507738 ) ) ;
#6450 = CARTESIAN_POINT ( 'NONE',  ( 976.8184840389477586, -66.18258190946137631, -108.9776314668913813 ) ) ;
#6451 = ADVANCED_FACE ( 'NONE', ( #7460 ), #6748, .T. ) ;
#6452 = CARTESIAN_POINT ( 'NONE',  ( 1007.993207431565224, 9.246083333562500530E-15, -75.49999999999987210 ) ) ;
#6453 = CARTESIAN_POINT ( 'NONE',  ( 977.7932074315651789, -122.0089775570692439, -37.01431338656095704 ) ) ;
#6454 = CARTESIAN_POINT ( 'NONE',  ( 968.1111217781452751, -24.21080281500551479, 68.86840797542858184 ) ) ;
#6455 = CARTESIAN_POINT ( 'NONE',  ( 975.4586042561199974, -96.95396024814755265, -82.80205065214639149 ) ) ;
#6456 = VERTEX_POINT ( 'NONE', #6793 ) ;
#6457 = ORIENTED_EDGE ( 'NONE', *, *, #2839, .F. ) ;
#6458 = ADVANCED_FACE ( 'NONE', ( #5408 ), #3309, .T. ) ;
#6459 = EDGE_CURVE ( 'NONE', #2342, #5426, #7943, .T. ) ;
#6460 = CARTESIAN_POINT ( 'NONE',  ( 970.2932074315650652, 127.1072257456103642, 10.00015816147054082 ) ) ;
#6461 = CARTESIAN_POINT ( 'NONE',  ( 977.5758751313187531, 71.95706184334515854, -12.29676709041710225 ) ) ;
#6462 = DIRECTION ( 'NONE',  ( 0.000000000000000000, 0.000000000000000000, 1.000000000000000000 ) ) ;
#6463 = FACE_OUTER_BOUND ( 'NONE', #297, .T. ) ;
#6464 = VERTEX_POINT ( 'NONE', #6652 ) ;
#6465 = EDGE_CURVE ( 'NONE', #5844, #6139, #3086, .T. ) ;
#6466 = CARTESIAN_POINT ( 'NONE',  ( 977.7932074315651789, 76.81925090259223055, 101.7599132250498855 ) ) ;
#6467 = DIRECTION ( 'NONE',  ( 0.000000000000000000, 0.000000000000000000, -1.000000000000000000 ) ) ;
#6468 = CARTESIAN_POINT ( 'NONE',  ( 967.7932074315651789, 0.000000000000000000, 127.4999999999997868 ) ) ;
#6469 = CARTESIAN_POINT ( 'NONE',  ( 967.7932074315651789, 0.000000000000000000, 127.4999999999997868 ) ) ;
#6470 = CARTESIAN_POINT ( 'NONE',  ( 977.5402670494215727, 103.9619227099467764, 73.81186573284243480 ) ) ;
#6471 = CARTESIAN_POINT ( 'NONE',  ( 969.6337287287653908, 123.9920183086730390, -29.70261225730683918 ) ) ;
#6472 = CARTESIAN_POINT ( 'NONE',  ( 975.2932074315651789, 66.62145485401426015, 108.7098512239554253 ) ) ;
#6473 = ORIENTED_EDGE ( 'NONE', *, *, #2554, .F. ) ;
#6474 = EDGE_LOOP ( 'NONE', ( #2551, #13, #7386, #2343 ) ) ;
#6475 = ORIENTED_EDGE ( 'NONE', *, *, #356, .F. ) ;
#6476 = CARTESIAN_POINT ( 'NONE',  ( 977.4635654086100658, 102.4108117249203787, -75.94928632326357842 ) ) ;
#6477 = FACE_OUTER_BOUND ( 'NONE', #2881, .T. ) ;
#6478 = CARTESIAN_POINT ( 'NONE',  ( 976.6287946620489038, 11.03943794880867202, 72.16054482187479380 ) ) ;
#6479 = CARTESIAN_POINT ( 'NONE',  ( 976.4022747810960254, -75.14777630926768381, -103.0003184979134261 ) ) ;
#6480 = CARTESIAN_POINT ( 'NONE',  ( 977.7932074315650652, 2.868222141723064667, -72.94382804113628538 ) ) ;
#6481 = ORIENTED_EDGE ( 'NONE', *, *, #1545, .T. ) ;
#6482 = EDGE_LOOP ( 'NONE', ( #5269, #3331, #7037, #6707, #6733, #1541, #4548, #4465 ) ) ;
#6483 = CIRCLE ( 'NONE', #4489, 160.1627378425955612 ) ;
#6484 = DIRECTION ( 'NONE',  ( -1.000000000000000000, -0.000000000000000000, -0.000000000000000000 ) ) ;
#6485 = DIRECTION ( 'NONE',  ( -1.000000000000000000, -0.000000000000000000, -0.000000000000000000 ) ) ;
#6486 = CARTESIAN_POINT ( 'NONE',  ( 977.7776520252658656, 57.43007642098702803, 45.06454643930267423 ) ) ;
#6487 = CARTESIAN_POINT ( 'NONE',  ( 977.4632779943995047, 127.0029602320337005, 11.24797265135171287 ) ) ;
#6488 = AXIS2_PLACEMENT_3D ( 'NONE', #8715, #6736, #2572 ) ;
#6489 = TOROIDAL_SURFACE ( 'NONE', #8371, 160.1627378425955612, 2.500000000000000000 ) ;
#6490 = CARTESIAN_POINT ( 'NONE',  ( 977.5406705918380794, -11.39312792005809349, 126.9900364399542667 ) ) ;
#6491 = CARTESIAN_POINT ( 'NONE',  ( 967.8595308706300102, 120.6781663539951381, -41.14754567031761212 ) ) ;
#6492 = EDGE_CURVE ( 'NONE', #7313, #4934, #3967, .T. ) ;
#6493 = ORIENTED_EDGE ( 'NONE', *, *, #3673, .F. ) ;
#6494 = ORIENTED_EDGE ( 'NONE', *, *, #5572, .F. ) ;
#6495 = CARTESIAN_POINT ( 'NONE',  ( 967.8595308706296692, -121.8166079434329845, -37.64378273246913409 ) ) ;
#6496 = VERTEX_POINT ( 'NONE', #1290 ) ;
#6497 = AXIS2_PLACEMENT_3D ( 'NONE', #3885, #1022, #7156 ) ;
#6498 = AXIS2_PLACEMENT_3D ( 'NONE', #8351, #5739, #8435 ) ;
#6499 = DIRECTION ( 'NONE',  ( -1.000000000000000000, -0.000000000000000000, -0.000000000000000000 ) ) ;
#6500 = CARTESIAN_POINT ( 'NONE',  ( 967.7932074315651789, 2.170062276054536721, 127.4819588228123308 ) ) ;
#6501 = CARTESIAN_POINT ( 'NONE',  ( 975.2932074315651789, 123.9763741318935786, -29.76757727979783041 ) ) ;
#6502 = CARTESIAN_POINT ( 'NONE',  ( 968.4077548216919240, -124.1728150115830260, 28.93744009519834037 ) ) ;
#6503 = EDGE_CURVE ( 'NONE', #2827, #5466, #4093, .T. ) ;
#6504 = AXIS2_PLACEMENT_3D ( 'NONE', #54, #8408, #6337 ) ;
#6505 = VERTEX_POINT ( 'NONE', #18 ) ;
#6506 = VECTOR ( 'NONE', #2941, 1000.000000000000000 ) ;
#6507 = ORIENTED_EDGE ( 'NONE', *, *, #1318, .T. ) ;
#6508 = CIRCLE ( 'NONE', #8253, 145.1627378425959307 ) ;
#6509 = AXIS2_PLACEMENT_3D ( 'NONE', #5204, #7927, #7974 ) ;
#6510 = CARTESIAN_POINT ( 'NONE',  ( 967.7932074315651789, 51.09798870964507245, -116.8128655150147779 ) ) ;
#6511 = CARTESIAN_POINT ( 'NONE',  ( 975.4630272440168710, -59.29285437106569390, 42.58353461763797299 ) ) ;
#6512 = CARTESIAN_POINT ( 'NONE',  ( 975.2932074315651789, 44.71118576450793114, 189.6788945569600173 ) ) ;
#6513 = CARTESIAN_POINT ( 'NONE',  ( 967.7932074315651789, 37.01431338656133363, -122.0089775570690165 ) ) ;
#6514 = DIRECTION ( 'NONE',  ( 0.000000000000000000, 0.000000000000000000, -1.000000000000000000 ) ) ;
#6515 = CARTESIAN_POINT ( 'NONE',  ( 977.7932074315651789, -95.30549004550502445, -84.69423573765878643 ) ) ;
#6516 = ORIENTED_EDGE ( 'NONE', *, *, #206, .F. ) ;
#6517 = CARTESIAN_POINT ( 'NONE',  ( 975.9622145319366382, -23.02498038019152915, 69.27374379157203066 ) ) ;
#6518 = EDGE_LOOP ( 'NONE', ( #8722, #5988, #881, #7221 ) ) ;
#6519 = AXIS2_PLACEMENT_3D ( 'NONE', #455, #326, #3080 ) ;
#6520 = EDGE_CURVE ( 'NONE', #2186, #6572, #7169, .T. ) ;
#6521 = VERTEX_POINT ( 'NONE', #2053 ) ;
#6522 = CARTESIAN_POINT ( 'NONE',  ( 967.7932074315651789, 41.76986909048127927, 120.4638038423326662 ) ) ;
#6523 = ORIENTED_EDGE ( 'NONE', *, *, #7160, .F. ) ;
#6524 = CARTESIAN_POINT ( 'NONE',  ( 968.0090611264090512, 65.44414751109185602, 32.34335112270468926 ) ) ;
#6525 = CARTESIAN_POINT ( 'NONE',  ( 969.1823241134993623, 29.51933064587371192, 124.0357330087225449 ) ) ;
#6526 = CARTESIAN_POINT ( 'NONE',  ( 977.5498501895685877, 1.894945621539105840, -72.97557115643955683 ) ) ;
#6527 = ORIENTED_EDGE ( 'NONE', *, *, #2155, .T. ) ;
#6528 = ORIENTED_EDGE ( 'NONE', *, *, #8566, .T. ) ;
#6529 = LINE ( 'NONE', #5948, #6278 ) ;
#6530 = CARTESIAN_POINT ( 'NONE',  ( 967.7932074315651789, 147.6625660138624028, 127.1728735659473131 ) ) ;
#6531 = CARTESIAN_POINT ( 'NONE',  ( 976.4259520426954850, 58.65466572367397191, 43.45842787022878895 ) ) ;
#6532 = CARTESIAN_POINT ( 'NONE',  ( 976.1000973941278289, 127.0970970678039436, 10.12827202245225955 ) ) ;
#6533 = CARTESIAN_POINT ( 'NONE',  ( 977.7932074315650652, -12.17074976471202064, 126.9182108726651421 ) ) ;
#6534 = CARTESIAN_POINT ( 'NONE',  ( 977.5406705918381931, -96.04038502732471727, -83.86010471390403609 ) ) ;
#6535 = VERTEX_POINT ( 'NONE', #4789 ) ;
#6536 = CARTESIAN_POINT ( 'NONE',  ( 968.3072454628945707, -121.5568538697726950, -38.47336625738113014 ) ) ;
#6537 = ORIENTED_EDGE ( 'NONE', *, *, #3981, .F. ) ;
#6538 = ADVANCED_FACE ( 'NONE', ( #4601 ), #8330, .F. ) ;
#6539 = FACE_OUTER_BOUND ( 'NONE', #6976, .T. ) ;
#6540 = CARTESIAN_POINT ( 'NONE',  ( 970.2932074315650652, 44.71118576450793114, 189.6788945569600173 ) ) ;
#6541 = CARTESIAN_POINT ( 'NONE',  ( 977.7776520252658656, -70.21453587148083386, 19.97363201455872073 ) ) ;
#6542 = EDGE_CURVE ( 'NONE', #4063, #57, #5371, .T. ) ;
#6543 = ORIENTED_EDGE ( 'NONE', *, *, #4549, .F. ) ;
#6544 = EDGE_CURVE ( 'NONE', #169, #6166, #4369, .T. ) ;
#6545 = CARTESIAN_POINT ( 'NONE',  ( 967.7932074315651789, 0.000000000000000000, 0.000000000000000000 ) ) ;
#6546 = CARTESIAN_POINT ( 'NONE',  ( 1007.993207431565224, -54.35287990626783738, 17.66032122852886488 ) ) ;
#6547 = CARTESIAN_POINT ( 'NONE',  ( 967.9202297398430801, 11.69645893558341854, -126.9624585663001710 ) ) ;
#6548 = CARTESIAN_POINT ( 'NONE',  ( 1036.782757869134684, 127.1728735659488621, -147.6625660138610669 ) ) ;
#6549 = AXIS2_PLACEMENT_3D ( 'NONE', #884, #3624, #198 ) ;
#6550 = TOROIDAL_SURFACE ( 'NONE', #836, 160.1627378425955612, 2.500000000000000000 ) ;
#6551 = DIRECTION ( 'NONE',  ( -1.000000000000000000, -0.000000000000000000, -0.000000000000000000 ) ) ;
#6552 = CARTESIAN_POINT ( 'NONE',  ( 977.7932074315651789, -57.22161676175436185, -45.32865070979824651 ) ) ;
#6553 = CARTESIAN_POINT ( 'NONE',  ( 975.2932074315651789, -75.31834776957833810, 179.7340247757211955 ) ) ;
#6554 = ORIENTED_EDGE ( 'NONE', *, *, #6675, .F. ) ;
#6555 = CARTESIAN_POINT ( 'NONE',  ( 977.2998916257679412, -23.94279544690353490, 68.96203886428915553 ) ) ;
#6556 = ORIENTED_EDGE ( 'NONE', *, *, #6003, .F. ) ;
#6557 = ORIENTED_EDGE ( 'NONE', *, *, #8229, .F. ) ;
#6558 = CYLINDRICAL_SURFACE ( 'NONE', #7426, 7.275000000000003908 ) ;
#6559 = AXIS2_PLACEMENT_3D ( 'NONE', #7907, #8463, #5840 ) ;
#6560 = AXIS2_PLACEMENT_3D ( 'NONE', #7818, #4409, #8498 ) ;
#6561 = ORIENTED_EDGE ( 'NONE', *, *, #4050, .F. ) ;
#6562 = DIRECTION ( 'NONE',  ( 1.000000000000000000, 0.000000000000000000, 0.000000000000000000 ) ) ;
#6563 = CIRCLE ( 'NONE', #3438, 72.99999999999987210 ) ;
#6564 = DIRECTION ( 'NONE',  ( -1.000000000000000000, -0.000000000000000000, -0.000000000000000000 ) ) ;
#6565 = EDGE_CURVE ( 'NONE', #8389, #36, #2568, .T. ) ;
#6566 = CARTESIAN_POINT ( 'NONE',  ( 975.9951027213825228, 10.71154202862448912, 72.20986596008717129 ) ) ;
#6567 = CARTESIAN_POINT ( 'NONE',  ( 1001.793207431565179, 0.000000000000000000, 0.000000000000000000 ) ) ;
#6568 = EDGE_CURVE ( 'NONE', #7008, #372, #4239, .T. ) ;
#6569 = DIRECTION ( 'NONE',  ( -1.000000000000000000, -0.000000000000000000, -0.000000000000000000 ) ) ;
#6570 = AXIS2_PLACEMENT_3D ( 'NONE', #6592, #5263, #451 ) ;
#6571 = ORIENTED_EDGE ( 'NONE', *, *, #974, .F. ) ;
#6572 = VERTEX_POINT ( 'NONE', #6967 ) ;
#6573 = AXIS2_PLACEMENT_3D ( 'NONE', #7039, #5612, #6834 ) ;
#6574 = CLOSED_SHELL ( 'NONE', ( #2137, #2398, #3684, #703, #7879, #2082, #5622, #6286, #6538, #4445, #5997, #7890, #6128, #1733, #3524, #1698, #7518, #2858, #5388, #689, #5692, #5620, #7041, #3004, #2366, #5373, #141, #6339, #7289, #6458, #4983, #5170, #6352, #6076, #7152, #7385, #5213, #1869, #458, #7164, #2792, #8401, #4341, #6183, #3115, #3991, #8433, #927, #2842, #7099, #8708, #1783, #7837, #362, #2344, #5898, #8001, #3383, #4392, #7596, #6245, #2020, #5257, #93, #5630, #1533, #6734, #573, #6025, #5964, #3954, #309, #4705, #7007, #568, #6827, #6010, #4379, #1437, #4653, #4993, #3465, #6057, #8226, #6890, #4704, #3183, #253, #3832, #7712, #7370, #6451, #8034, #4488, #3145, #7701, #8852, #1919, #1035, #7048, #493, #6958, #3386, #7331, #606, #2694, #6910, #4367, #1441, #34, #1483, #7567, #4734, #7237, #5319, #3057, #3398, #8504, #7316, #7934, #1739, #2098, #2337, #2465, #1686, #1044, #7825, #3761, #6852, #7264, #3423, #8052, #4581, #5646, #8693, #3291, #6661, #1804, #7650, #5702, #4182, #6012, #1126, #1355, #8558, #4535, #3568, #8110, #5092, #2413, #6194, #8882, #1327, #1161, #863, #6140, #1855, #811, #4412, #1977, #2583, #4527, #5118, #4038, #3336, #7307, #3501, #4210, #49, #6797, #6597, #3879, #4, #6662, #2667, #6205, #4603, #3328, #872, #4878, #2402, #4703 ) ) ;
#6575 = CARTESIAN_POINT ( 'NONE',  ( 970.2932074315650652, 44.71118576450793114, 189.6788945569600173 ) ) ;
#6576 = EDGE_CURVE ( 'NONE', #8747, #1433, #418, .T. ) ;
#6577 = CARTESIAN_POINT ( 'NONE',  ( 970.2932074315650652, -0.0001905234629517504538, -127.4999999998575078 ) ) ;
#6578 = DIRECTION ( 'NONE',  ( 0.000000000000000000, 0.000000000000000000, 1.000000000000000000 ) ) ;
#6579 = CARTESIAN_POINT ( 'NONE',  ( 975.4586042561198838, -10.00015816146921388, 127.1072257456105064 ) ) ;
#6580 = ORIENTED_EDGE ( 'NONE', *, *, #6520, .T. ) ;
#6581 = ORIENTED_EDGE ( 'NONE', *, *, #7814, .T. ) ;
#6582 = CARTESIAN_POINT ( 'NONE',  ( 977.7932074315651789, 8.939921633775661082E-15, -72.99999999999987210 ) ) ;
#6583 = CARTESIAN_POINT ( 'NONE',  ( 967.7932074315652926, -12.33532281451497425, 126.9019982679600531 ) ) ;
#6584 = CARTESIAN_POINT ( 'NONE',  ( 975.4586042561198838, 123.9763741318935644, -29.76757727979786239 ) ) ;
#6585 = CARTESIAN_POINT ( 'NONE',  ( 968.3024195543162023, -124.2021009660956850, 28.81157224901518887 ) ) ;
#6586 = CYLINDRICAL_SURFACE ( 'NONE', #4297, 7.275000000000003908 ) ;
#6587 = ORIENTED_EDGE ( 'NONE', *, *, #7208, .T. ) ;
#6588 = DIRECTION ( 'NONE',  ( -1.000000000000000000, -0.000000000000000000, -0.000000000000000000 ) ) ;
#6589 = CARTESIAN_POINT ( 'NONE',  ( 975.2932074315651789, -69.30226855186067780, -22.93895319245764242 ) ) ;
#6590 = CARTESIAN_POINT ( 'NONE',  ( 967.7932074315651789, 60.79256065741301995, -40.41366809279652728 ) ) ;
#6591 = CARTESIAN_POINT ( 'NONE',  ( 977.7776520252658656, 25.11206094264808542, -68.54495910505166023 ) ) ;
#6592 = CARTESIAN_POINT ( 'NONE',  ( 967.7932074315651789, 0.000000000000000000, 0.000000000000000000 ) ) ;
#6593 = FACE_OUTER_BOUND ( 'NONE', #996, .T. ) ;
#6594 = CARTESIAN_POINT ( 'NONE',  ( 975.2932074315651789, 65.41400624788208518, -32.40382364169381901 ) ) ;
#6595 = ORIENTED_EDGE ( 'NONE', *, *, #1181, .F. ) ;
#6596 = DIRECTION ( 'NONE',  ( 0.000000000000000000, 0.000000000000000000, -1.000000000000000000 ) ) ;
#6597 = ADVANCED_FACE ( 'NONE', ( #874 ), #8816, .F. ) ;
#6598 = VERTEX_POINT ( 'NONE', #4841 ) ;
#6599 = ORIENTED_EDGE ( 'NONE', *, *, #526, .T. ) ;
#6600 = CARTESIAN_POINT ( 'NONE',  ( 968.6413363216277048, -38.81279713252656194, 121.4488783624927919 ) ) ;
#6601 = ORIENTED_EDGE ( 'NONE', *, *, #4311, .F. ) ;
#6602 = DIRECTION ( 'NONE',  ( -1.000000000000000000, -0.000000000000000000, -0.000000000000000000 ) ) ;
#6603 = CARTESIAN_POINT ( 'NONE',  ( 968.0369480910057973, 68.81853609662431381, 24.35227926565890400 ) ) ;
#6604 = CARTESIAN_POINT ( 'NONE',  ( 968.0451641925290005, 28.40557254560032163, 124.2956012302444009 ) ) ;
#6605 = CARTESIAN_POINT ( 'NONE',  ( 977.7932074315654063, -101.7599132250501555, 76.81925090259188948 ) ) ;
#6606 = CARTESIAN_POINT ( 'NONE',  ( 969.1851730895938317, 121.3377164734729519, 39.15881113360590149 ) ) ;
#6607 = EDGE_CURVE ( 'NONE', #36, #7959, #2811, .T. ) ;
#6608 = EDGE_LOOP ( 'NONE', ( #2488, #6706, #6557, #5843 ) ) ;
#6609 = CARTESIAN_POINT ( 'NONE',  ( 976.4798883673448699, -11.89948896105009801, 72.02366956123985631 ) ) ;
#6610 = ORIENTED_EDGE ( 'NONE', *, *, #4266, .F. ) ;
#6611 = EDGE_CURVE ( 'NONE', #549, #3094, #1495, .T. ) ;
#6612 = DIRECTION ( 'NONE',  ( 1.000000000000000000, -0.000000000000000000, -0.000000000000000000 ) ) ;
#6613 = CARTESIAN_POINT ( 'NONE',  ( 958.7932074315651789, -33.59192716851524807, -46.23532122852795823 ) ) ;
#6614 = CARTESIAN_POINT ( 'NONE',  ( 977.7932074315652926, -124.4673599985515722, 27.64481318338940596 ) ) ;
#6615 = FACE_BOUND ( 'NONE', #7291, .T. ) ;
#6616 = DIRECTION ( 'NONE',  ( -1.000000000000000000, -0.000000000000000000, -0.000000000000000000 ) ) ;
#6617 = CARTESIAN_POINT ( 'NONE',  ( 977.4632779943993910, -11.24797265135037350, 127.0029602320338000 ) ) ;
#6618 = ORIENTED_EDGE ( 'NONE', *, *, #1265, .F. ) ;
#6619 = COLOUR_RGB ( '',0.7921568627450980005, 0.8196078431372548767, 0.9333333333333333481 ) ;
#6620 = ORIENTED_EDGE ( 'NONE', *, *, #3082, .F. ) ;
#6621 = B_SPLINE_CURVE_WITH_KNOTS ( 'NONE', 3,
 ( #6429, #8459, #409, #5179, #7859, #4457, #5135, #3162, #7179, #1046, #2435, #1136, #7902, #3073, #3784, #1808, #6511, #4498 ),
 .UNSPECIFIED., .F., .F.,
 ( 4, 2, 2, 2, 2, 2, 2, 2, 4 ),
 ( 0.000000000000000000, 0.0005014877766709438175, 0.001002975553341887635, 0.001504463330012831453, 0.002005951106683775270, 0.002507438883354719088, 0.003008926660025662905, 0.003510414436696606723, 0.004011902213367550540 ),
 .UNSPECIFIED. ) ;
#6622 = EDGE_CURVE ( 'NONE', #6166, #4289, #352, .T. ) ;
#6623 = DIRECTION ( 'NONE',  ( 0.000000000000000000, 0.000000000000000000, 1.000000000000000000 ) ) ;
#6624 = CARTESIAN_POINT ( 'NONE',  ( 967.8093088641629720, -12.17342509258163830, 126.9176241820024984 ) ) ;
#6625 = AXIS2_PLACEMENT_3D ( 'NONE', #1239, #1959, #1189 ) ;
#6626 = B_SPLINE_CURVE_WITH_KNOTS ( 'NONE', 3,
 ( #599, #6605, #4643, #5981, #1291, #429, #7324, #3884, #7368, #6653, #8051, #2008, #2537, #4557, #511, #5365 ),
 .UNSPECIFIED., .F., .F.,
 ( 4, 2, 2, 2, 2, 2, 2, 4 ),
 ( 0.000000000000000000, 0.0004881885400330904798, 0.0009763770800661809596, 0.001464565620099271331, 0.001952754160132361919, 0.002440942700165452724, 0.002929131240198542662, 0.003905508320265009201 ),
 .UNSPECIFIED. ) ;
#6627 = CARTESIAN_POINT ( 'NONE',  ( 976.8184840389474175, -117.5982781023691786, -49.26361025842489028 ) ) ;
#6628 = CARTESIAN_POINT ( 'NONE',  ( 1043.814912118905340, -189.6788945569601879, 44.71118576450717796 ) ) ;
#6629 = EDGE_LOOP ( 'NONE', ( #7563, #5334, #2919, #5874, #2127, #1928, #7834, #8294, #8590, #454, #831, #5343, #8255, #483, #8870, #6543, #5295, #1101, #6645, #800, #2396, #3497, #1634, #5372, #250, #3371, #1559, #2166, #2599, #1762, #8000, #467, #1661, #7766, #5351, #2718, #3976, #7455, #1179, #1182, #8537, #4837, #1455, #1034, #6507, #5498, #8442, #6371, #8264, #1926, #216, #7057, #4018, #6347, #4563, #2501, #7724, #226, #4712, #7756, #2580, #6094, #5090, #4474, #5060, #749, #3509, #2121, #1023, #1782, #416, #4924, #8466, #3333, #238, #4858, #5317, #1004, #4188, #6718, #3130, #4333, #967, #5512 ) ) ;
#6630 = CIRCLE ( 'NONE', #2797, 72.99999999999987210 ) ;
#6631 = CARTESIAN_POINT ( 'NONE',  ( 967.8459545321662745, -12.80246644478127749, -71.86940986352109917 ) ) ;
#6632 = TOROIDAL_SURFACE ( 'NONE', #3517, 160.1627378425955612, 2.500000000000000000 ) ;
#6633 = ORIENTED_EDGE ( 'NONE', *, *, #2245, .F. ) ;
#6634 = DIRECTION ( 'NONE',  ( 1.000000000000000000, 0.000000000000000000, 0.000000000000000000 ) ) ;
#6635 = CARTESIAN_POINT ( 'NONE',  ( 968.6178405014127293, 42.03266193781157511, 59.68475896701643535 ) ) ;
#6636 = AXIS2_PLACEMENT_3D ( 'NONE', #8029, #8179, #1842 ) ;
#6637 = CARTESIAN_POINT ( 'NONE',  ( 969.1823241134993623, 10.25459764202049406, -127.0869669635395809 ) ) ;
#6638 = CIRCLE ( 'NONE', #6233, 147.6627378425959876 ) ;
#6639 = CARTESIAN_POINT ( 'NONE',  ( 1042.912997761359293, 16.09113731973758732, -194.2118649119462646 ) ) ;
#6640 = CARTESIAN_POINT ( 'NONE',  ( 975.6212234913448356, 10.01640952057875644, -127.1059501360028747 ) ) ;
#6641 = CARTESIAN_POINT ( 'NONE',  ( 975.2932074315651789, -58.82184773064289374, -43.23181964193783955 ) ) ;
#6642 = VERTEX_POINT ( 'NONE', #1465 ) ;
#6643 = CARTESIAN_POINT ( 'NONE',  ( 968.3908861589637809, 59.82603384018549519, -41.83133750529833605 ) ) ;
#6644 = ORIENTED_EDGE ( 'NONE', *, *, #5088, .T. ) ;
#6645 = ORIENTED_EDGE ( 'NONE', *, *, #8538, .T. ) ;
#6646 = CARTESIAN_POINT ( 'NONE',  ( 968.7699766253857661, -38.91326355973180284, 121.4167044939766527 ) ) ;
#6647 = AXIS2_PLACEMENT_3D ( 'NONE', #1581, #856, #5653 ) ;
#6648 = AXIS2_PLACEMENT_3D ( 'NONE', #6212, #231, #6341 ) ;
#6649 = CARTESIAN_POINT ( 'NONE',  ( 970.1235730824608936, -69.30226855186069201, -22.93895319245763886 ) ) ;
#6650 = CARTESIAN_POINT ( 'NONE',  ( 977.2455835626554972, -32.91261614497508958, 65.15964571091535618 ) ) ;
#6651 = EDGE_CURVE ( 'NONE', #5488, #7281, #2367, .T. ) ;
#6652 = CARTESIAN_POINT ( 'NONE',  ( 970.2932074315650652, -127.1072257456103642, -10.00015816147054082 ) ) ;
#6653 = CARTESIAN_POINT ( 'NONE',  ( 976.9464254848245446, -102.7853727023381367, 75.44156980205671914 ) ) ;
#6654 = CARTESIAN_POINT ( 'NONE',  ( 970.2932074315650652, 43.23181964193804561, -58.82184773064273742 ) ) ;
#6655 = EDGE_LOOP ( 'NONE', ( #7328, #311, #2393, #6753 ) ) ;
#6656 = EDGE_CURVE ( 'NONE', #2868, #7853, #3779, .T. ) ;
#6657 = CARTESIAN_POINT ( 'NONE',  ( 977.3428997317971607, -11.01592561678630666, 72.16421727347918136 ) ) ;
#6658 = ORIENTED_EDGE ( 'NONE', *, *, #6348, .F. ) ;
#6659 = CARTESIAN_POINT ( 'NONE',  ( 977.1768636741710452, 40.20568363238937337, 120.9949019562782127 ) ) ;
#6660 = CARTESIAN_POINT ( 'NONE',  ( 968.5562076621530423, -51.60588307146756648, -51.63189334414729359 ) ) ;
#6661 = ADVANCED_FACE ( 'NONE', ( #5221 ), #7637, .F. ) ;
#6662 = ADVANCED_FACE ( 'NONE', ( #1756 ), #1058, .F. ) ;
#6663 = DIRECTION ( 'NONE',  ( 1.000000000000000000, -0.000000000000000000, -0.000000000000000000 ) ) ;
#6664 = CARTESIAN_POINT ( 'NONE',  ( 977.7272465782216386, -124.3955953799698051, 27.96563472116890026 ) ) ;
#6665 = CARTESIAN_POINT ( 'NONE',  ( 975.4586042561198838, 127.1072257456103927, 10.00015816147054082 ) ) ;
#6666 = CARTESIAN_POINT ( 'NONE',  ( 977.7932074315651789, -57.22161676175436185, -45.32865070979824651 ) ) ;
#6667 = CARTESIAN_POINT ( 'NONE',  ( 968.6413363216274774, 127.4985610765642150, -0.6166037332536543625 ) ) ;
#6668 = VERTEX_POINT ( 'NONE', #8585 ) ;
#6669 = UNCERTAINTY_MEASURE_WITH_UNIT (LENGTH_MEASURE( 1.000000000000000082E-05 ), #1748, 'distance_accuracy_value', 'NONE');
#6670 = VERTEX_POINT ( 'NONE', #6589 ) ;
#6671 = CARTESIAN_POINT ( 'NONE',  ( 958.7932074315651789, 37.92267161132571829, 27.55243370120959767 ) ) ;
#6672 = CARTESIAN_POINT ( 'NONE',  ( 967.7932074315651789, 41.45794362086436280, 120.5719615263532489 ) ) ;
#6673 = CARTESIAN_POINT ( 'NONE',  ( 967.7932074315651789, -12.49991452610840348, 126.8857838248238181 ) ) ;
#6674 = LINE ( 'NONE', #675, #1834 ) ;
#6675 = EDGE_CURVE ( 'NONE', #7812, #192, #6621, .T. ) ;
#6677 = DIRECTION ( 'NONE',  ( -1.000000000000000000, -0.000000000000000000, -0.000000000000000000 ) ) ;
#6676 = CIRCLE ( 'NONE', #4976, 2.500000000000000000 ) ;
#6678 = CARTESIAN_POINT ( 'NONE',  ( 969.6464772890307131, -0.07981035650159315487, -127.4999789654059867 ) ) ;
#6679 = CARTESIAN_POINT ( 'NONE',  ( 958.7932074315651789, 0.000000000000000000, 57.15000000000000568 ) ) ;
#6680 = CARTESIAN_POINT ( 'NONE',  ( 975.9951027213820680, -10.71154202862398108, -72.20986596008722813 ) ) ;
#6681 = ORIENTED_EDGE ( 'NONE', *, *, #3891, .F. ) ;
#6682 = DIRECTION ( 'NONE',  ( 1.000000000000000000, 0.000000000000000000, 0.000000000000000000 ) ) ;
#6683 = CARTESIAN_POINT ( 'NONE',  ( 977.5402670494215727, 121.6827849378381643, 38.07325499985434902 ) ) ;
#6684 = CARTESIAN_POINT ( 'NONE',  ( 975.2932074315651789, 74.94246553048735393, -103.1497787695721513 ) ) ;
#6685 = EDGE_CURVE ( 'NONE', #1976, #4752, #7928, .T. ) ;
#6686 = CARTESIAN_POINT ( 'NONE',  ( 1036.782757869134684, -127.1728735659488621, 147.6625660138610669 ) ) ;
#6687 = CARTESIAN_POINT ( 'NONE',  ( 976.8184840389477586, 10.51261110963684331, -127.0659014684651424 ) ) ;
#6688 = ORIENTED_EDGE ( 'NONE', *, *, #6184, .F. ) ;
#6689 = CARTESIAN_POINT ( 'NONE',  ( 977.6656042090995697, -1.694840896623969639, -127.4888246508187848 ) ) ;
#6690 = CIRCLE ( 'NONE', #7840, 75.49999999999988631 ) ;
#6691 = ORIENTED_EDGE ( 'NONE', *, *, #6938, .T. ) ;
#6692 = ORIENTED_EDGE ( 'NONE', *, *, #423, .T. ) ;
#6693 = CARTESIAN_POINT ( 'NONE',  ( 977.6656042090995697, 120.7253427991530828, -41.00810288880823862 ) ) ;
#6694 = CARTESIAN_POINT ( 'NONE',  ( 969.9570765531306051, -69.29656822591853427, -22.95619497197913361 ) ) ;
#6695 = CARTESIAN_POINT ( 'NONE',  ( 1043.814912118905340, 43.23181964193804561, -58.82184773064273742 ) ) ;
#6696 = CIRCLE ( 'NONE', #2409, 127.4999999999997868 ) ;
#6697 = CARTESIAN_POINT ( 'NONE',  ( 967.7932074315651789, 0.000000000000000000, 127.4999999999997868 ) ) ;
#6698 = CARTESIAN_POINT ( 'NONE',  ( 975.2932074315651789, -147.6625660138615217, -127.1728735659483362 ) ) ;
#6699 = CARTESIAN_POINT ( 'NONE',  ( 970.2932074315650652, -82.80205065214599358, 96.95396024814783686 ) ) ;
#6700 = CARTESIAN_POINT ( 'NONE',  ( 967.7932074315651789, 116.8128655150152895, 51.09798870964390716 ) ) ;
#6701 = VECTOR ( 'NONE', #7905, 1000.000000000000000 ) ;
#6702 = EDGE_LOOP ( 'NONE', ( #8347, #5001, #2719, #6393, #7900, #955, #1130, #1769, #4244, #2113, #558, #5807, #4015, #4125, #6847, #5403, #6127, #4953, #349, #5770, #7908, #911, #5841, #5354, #4343, #925, #8065, #6581, #4174, #6114, #4560, #8420, #1390, #5113, #904, #440, #680, #3931, #4263, #7969, #8240, #7088, #1562, #6138, #7608, #8167, #7891, #5824, #2150, #7835, #4313, #6717, #3314, #594, #1196, #4175, #2789, #1898, #6523, #3804, #8295, #5114, #6999, #2196, #96, #503, #4618, #5632, #5314, #2520, #5675, #7404, #8256, #6644, #7040, #6618, #5753, #5999, #1374, #1077, #3642, #3822, #1688, #6742, #1326 ) ) ;
#6703 = VECTOR ( 'NONE', #2635, 1000.000000000000000 ) ;
#6704 = FACE_OUTER_BOUND ( 'NONE', #8613, .T. ) ;
#6705 = CIRCLE ( 'NONE', #5006, 147.6627378425959876 ) ;
#6706 = ORIENTED_EDGE ( 'NONE', *, *, #466, .F. ) ;
#6707 = ORIENTED_EDGE ( 'NONE', *, *, #8061, .T. ) ;
#6708 = CARTESIAN_POINT ( 'NONE',  ( 977.6709658558772844, 68.71260119597752691, 24.64960935592512570 ) ) ;
#6709 = CARTESIAN_POINT ( 'NONE',  ( 969.9321275244391245, -51.04839385017390185, -52.18297985740815648 ) ) ;
#6710 = AXIS2_PLACEMENT_3D ( 'NONE', #829, #7602, #6344 ) ;
#6711 = CARTESIAN_POINT ( 'NONE',  ( 977.5758751313187531, -50.98662754993225121, 52.24359330183415295 ) ) ;
#6712 = EDGE_CURVE ( 'NONE', #6670, #1144, #3870, .T. ) ;
#6713 = AXIS2_PLACEMENT_3D ( 'NONE', #4615, #6616, #223 ) ;
#6714 = DIRECTION ( 'NONE',  ( -1.000000000000000000, -0.000000000000000000, -0.000000000000000000 ) ) ;
#6715 = DIRECTION ( 'NONE',  ( 1.000000000000000000, 0.000000000000000000, 0.000000000000000000 ) ) ;
#6716 = CARTESIAN_POINT ( 'NONE',  ( 977.6709658558772844, -57.73241892333967229, -44.67653309934843975 ) ) ;
#6717 = ORIENTED_EDGE ( 'NONE', *, *, #3067, .T. ) ;
#6718 = ORIENTED_EDGE ( 'NONE', *, *, #4157, .F. ) ;
#6719 = EDGE_CURVE ( 'NONE', #6832, #8090, #4077, .T. ) ;
#6720 = AXIS2_PLACEMENT_3D ( 'NONE', #368, #1897, #1280 ) ;
#6721 = CARTESIAN_POINT ( 'NONE',  ( 975.2932074315651789, -101.1368664649716322, -166.5788324321706853 ) ) ;
#6722 = CARTESIAN_POINT ( 'NONE',  ( 975.6498138585349125, -32.42379732997843433, -65.40412251004696031 ) ) ;
#6723 = FACE_OUTER_BOUND ( 'NONE', #1388, .T. ) ;
#6724 = CARTESIAN_POINT ( 'NONE',  ( 1043.814912118905340, 74.94246553048735393, -103.1497787695721513 ) ) ;
#6725 = DIRECTION ( 'NONE',  ( 0.000000000000000000, 1.785677092277317966E-15, 1.000000000000000000 ) ) ;
#6726 = B_SPLINE_CURVE_WITH_KNOTS ( 'NONE', 3,
 ( #1985, #8805, #2654, #8074, #8858, #5393, #4725, #1313, #6821, #677, #6011, #5916, #2518, #5255, #7983, #4622 ),
 .UNSPECIFIED., .F., .F.,
 ( 4, 2, 2, 2, 2, 2, 2, 4 ),
 ( 0.000000000000000000, 0.0005326074553525467301, 0.001065214910705093460, 0.001597822366057639974, 0.002130429821410186920, 0.002663037276762733434, 0.003195644732115279947, 0.004260859642820355626 ),
 .UNSPECIFIED. ) ;
#6727 = AXIS2_PLACEMENT_3D ( 'NONE', #2124, #2653, #5392 ) ;
#6728 = DIRECTION ( 'NONE',  ( -1.000000000000000000, -0.000000000000000000, -0.000000000000000000 ) ) ;
#6729 = CARTESIAN_POINT ( 'NONE',  ( 968.1216482860445467, 65.54831323448574665, 109.3603548456486578 ) ) ;
#6730 = EDGE_CURVE ( 'NONE', #2149, #1951, #7919, .T. ) ;
#6731 = CARTESIAN_POINT ( 'NONE',  ( 968.5562076621536107, -11.40157095891590977, -72.10425616810836402 ) ) ;
#6732 = CARTESIAN_POINT ( 'NONE',  ( 975.2932074315651789, -0.0001905234629517504538, -127.4999999998575078 ) ) ;
#6733 = ORIENTED_EDGE ( 'NONE', *, *, #864, .F. ) ;
#6734 = ADVANCED_FACE ( 'NONE', ( #3694 ), #8395, .F. ) ;
#6735 = CARTESIAN_POINT ( 'NONE',  ( 970.2932074315650652, 179.7340247757214513, 75.31834776957768440 ) ) ;
#6736 = DIRECTION ( 'NONE',  ( 1.000000000000000000, 0.000000000000000000, 0.000000000000000000 ) ) ;
#6737 = CARTESIAN_POINT ( 'NONE',  ( 975.2932074315651789, -12.23414415701314084, 71.96753237915949342 ) ) ;
#6738 = CARTESIAN_POINT ( 'NONE',  ( 968.3024195543163160, -28.81157224901473413, -124.2021009660958129 ) ) ;
#6739 = CARTESIAN_POINT ( 'NONE',  ( 969.4678067838158313, 72.99801030505580002, 0.5433790494569735730 ) ) ;
#6740 = EDGE_LOOP ( 'NONE', ( #8837, #1615, #4989, #7515 ) ) ;
#6741 = CARTESIAN_POINT ( 'NONE',  ( 968.4077548216921514, -109.1532041003554383, 65.89265104539487083 ) ) ;
#6742 = ORIENTED_EDGE ( 'NONE', *, *, #5300, .F. ) ;
#6743 = ORIENTED_EDGE ( 'NONE', *, *, #4992, .F. ) ;
#6744 = CARTESIAN_POINT ( 'NONE',  ( 975.2932074315651789, -10.00015816146921033, 127.1072257456104779 ) ) ;
#6745 = EDGE_CURVE ( 'NONE', #3605, #1024, #4071, .T. ) ;
#6746 = CARTESIAN_POINT ( 'NONE',  ( 967.9165188163373159, -68.71365423851700882, -24.64666584154050000 ) ) ;
#6747 = DIRECTION ( 'NONE',  ( 0.000000000000000000, 0.000000000000000000, 1.000000000000000000 ) ) ;
#6748 = CYLINDRICAL_SURFACE ( 'NONE', #6373, 157.6627378425955328 ) ;
#6749 = CARTESIAN_POINT ( 'NONE',  ( 1001.793207431565179, 37.92267161132571829, 24.55243370120959412 ) ) ;
#6750 = CARTESIAN_POINT ( 'NONE',  ( 967.7932074315651789, -53.09017784785594074, -50.10422153953683733 ) ) ;
#6751 = FACE_OUTER_BOUND ( 'NONE', #8421, .T. ) ;
#6752 = CARTESIAN_POINT ( 'NONE',  ( 970.2932074315650652, -127.1728735659488621, 147.6625660138610669 ) ) ;
#6753 = ORIENTED_EDGE ( 'NONE', *, *, #1544, .T. ) ;
#6754 = DIRECTION ( 'NONE',  ( 1.000000000000000000, -0.000000000000000000, -0.000000000000000000 ) ) ;
#6755 = ORIENTED_EDGE ( 'NONE', *, *, #1193, .T. ) ;
#6756 = ORIENTED_EDGE ( 'NONE', *, *, #1788, .T. ) ;
#6757 = CARTESIAN_POINT ( 'NONE',  ( 958.7932074315651789, 0.000000000000000000, 49.87500000000000000 ) ) ;
#6758 = CARTESIAN_POINT ( 'NONE',  ( 977.5074755329792424, -51.10437686235153620, 52.12837554920765371 ) ) ;
#6759 = CARTESIAN_POINT ( 'NONE',  ( 975.4586042561197701, -108.7098512239555959, 66.62145485401387646 ) ) ;
#6760 = CARTESIAN_POINT ( 'NONE',  ( 967.7932074315651789, 0.000000000000000000, 0.000000000000000000 ) ) ;
#6761 = FACE_BOUND ( 'NONE', #4040, .T. ) ;
#6762 = ORIENTED_EDGE ( 'NONE', *, *, #2205, .F. ) ;
#6763 = VERTEX_POINT ( 'NONE', #7490 ) ;
#6764 = CARTESIAN_POINT ( 'NONE',  ( 975.2932074315651789, -74.94246553048658654, 103.1497787695727197 ) ) ;
#6765 = CARTESIAN_POINT ( 'NONE',  ( 975.6212234913448356, -127.1059501360028463, -10.01640952057920053 ) ) ;
#6766 = CARTESIAN_POINT ( 'NONE',  ( 968.3024195543166570, -127.0264829209611435, -10.97912640346316415 ) ) ;
#6767 = CARTESIAN_POINT ( 'NONE',  ( 967.7932074315651789, -60.79256065741276416, 40.41366809279693229 ) ) ;
#6768 = CARTESIAN_POINT ( 'NONE',  ( 970.2932074315650652, -127.1728735659488621, 147.6625660138610669 ) ) ;
#6769 = EDGE_CURVE ( 'NONE', #276, #8604, #97, .T. ) ;
#6770 = LINE ( 'NONE', #5565, #7852 ) ;
#6771 = CARTESIAN_POINT ( 'NONE',  ( 970.2932074315650652, -75.31834776957833810, 179.7340247757211955 ) ) ;
#6772 = DIRECTION ( 'NONE',  ( -1.000000000000000000, -0.000000000000000000, -0.000000000000000000 ) ) ;
#6773 = CARTESIAN_POINT ( 'NONE',  ( 970.1122724273471931, -10.60382802656742030, -72.22574908703236929 ) ) ;
#6774 = VERTEX_POINT ( 'NONE', #8036 ) ;
#6775 = AXIS2_PLACEMENT_3D ( 'NONE', #8148, #2009, #7462 ) ;
#6776 = EDGE_CURVE ( 'NONE', #8306, #7246, #2462, .T. ) ;
#6777 = DIRECTION ( 'NONE',  ( 0.000000000000000000, 8.924748436866033910E-15, 1.000000000000000000 ) ) ;
#6778 = CARTESIAN_POINT ( 'NONE',  ( 969.6300527781542087, 42.51119898654286544, 59.34474885116169673 ) ) ;
#6779 = CARTESIAN_POINT ( 'NONE',  ( 970.2932074315650652, 103.1497787695729755, 74.94246553048621706 ) ) ;
#6780 = CARTESIAN_POINT ( 'NONE',  ( 970.2932074315650652, 51.03190722805700830, 52.19908471100745118 ) ) ;
#6781 = CARTESIAN_POINT ( 'NONE',  ( 975.2932074315651789, 72.99890046992466353, 0.4006621794154086591 ) ) ;
#6782 = AXIS2_PLACEMENT_3D ( 'NONE', #6546, #321, #7949 ) ;
#6783 = DIRECTION ( 'NONE',  ( 0.000000000000000000, 0.000000000000000000, 1.000000000000000000 ) ) ;
#6784 = CARTESIAN_POINT ( 'NONE',  ( 1036.782757869134684, 72.99890046992466353, 0.4006621794154086591 ) ) ;
#6785 = AXIS2_PLACEMENT_3D ( 'NONE', #4624, #8666, #1221 ) ;
#6786 = ORIENTED_EDGE ( 'NONE', *, *, #39, .F. ) ;
#6787 = ORIENTED_EDGE ( 'NONE', *, *, #7501, .F. ) ;
#6788 = CARTESIAN_POINT ( 'NONE',  ( 969.1008202615156506, -11.89616529808272460, 72.02422018662615244 ) ) ;
#6789 = DIRECTION ( 'NONE',  ( -1.000000000000000000, -0.000000000000000000, -0.000000000000000000 ) ) ;
#6790 = CARTESIAN_POINT ( 'NONE',  ( 977.7932074315648379, 84.44699599223649500, -95.52520227060878710 ) ) ;
#6791 = CIRCLE ( 'NONE', #4943, 160.1627378425955612 ) ;
#6792 = TOROIDAL_SURFACE ( 'NONE', #5650, 77.74999999999987210, 2.249999999999988010 ) ;
#6793 = CARTESIAN_POINT ( 'NONE',  ( 1007.993207431565224, -37.92267161132591013, -24.55243370120933122 ) ) ;
#6794 = DIRECTION ( 'NONE',  ( 0.000000000000000000, 0.000000000000000000, 1.000000000000000000 ) ) ;
#6795 = DIRECTION ( 'NONE',  ( 1.000000000000000000, 0.000000000000000000, 0.000000000000000000 ) ) ;
#6796 = CARTESIAN_POINT ( 'NONE',  ( 975.2932074315651789, 59.29285437106607048, -42.58353461763752534 ) ) ;
#6797 = ADVANCED_FACE ( 'NONE', ( #1848 ), #8529, .F. ) ;
#6798 = DIRECTION ( 'NONE',  ( 1.000000000000000000, 0.000000000000000000, 0.000000000000000000 ) ) ;
#6799 = ORIENTED_EDGE ( 'NONE', *, *, #6113, .F. ) ;
#6800 = AXIS2_PLACEMENT_3D ( 'NONE', #7723, #5578, #2170 ) ;
#6801 = LINE ( 'NONE', #8689, #8072 ) ;
#6802 = AXIS2_PLACEMENT_3D ( 'NONE', #7651, #5597, #6270 ) ;
#6803 = EDGE_LOOP ( 'NONE', ( #6516, #2298, #1747, #6528 ) ) ;
#6804 = VERTEX_POINT ( 'NONE', #7398 ) ;
#6805 = CYLINDRICAL_SURFACE ( 'NONE', #5838, 157.6627378425955328 ) ;
#6806 = CARTESIAN_POINT ( 'NONE',  ( 976.5476831198559466, 0.3314861558815290210, 127.4996018484888225 ) ) ;
#6807 = CARTESIAN_POINT ( 'NONE',  ( 976.9020747459412632, -51.51042398278080015, -51.72706873900315117 ) ) ;
#6808 = AXIS2_PLACEMENT_3D ( 'NONE', #1815, #4463, #4415 ) ;
#6809 = AXIS2_PLACEMENT_3D ( 'NONE', #853, #5691, #7752 ) ;
#6810 = DIRECTION ( 'NONE',  ( -1.000000000000000000, 0.000000000000000000, -0.000000000000000000 ) ) ;
#6811 = FACE_BOUND ( 'NONE', #1687, .T. ) ;
#6812 = CARTESIAN_POINT ( 'NONE',  ( 975.4630272440168710, -58.82184773064288663, -43.23181964193776849 ) ) ;
#6813 = VERTEX_POINT ( 'NONE', #585 ) ;
#6814 = ORIENTED_EDGE ( 'NONE', *, *, #176, .F. ) ;
#6815 = CARTESIAN_POINT ( 'NONE',  ( 976.4022747810959117, -74.73718411886551394, 103.2986311859074107 ) ) ;
#6816 = CARTESIAN_POINT ( 'NONE',  ( 968.3375251523923453, 72.14181860534702651, 11.16143298150331020 ) ) ;
#6817 = CARTESIAN_POINT ( 'NONE',  ( 970.2932074315650652, 48.78900844669485082, -117.7959364952302934 ) ) ;
#6818 = CARTESIAN_POINT ( 'NONE',  ( 967.7932074315654063, 84.57060885639629078, -95.41535238628033255 ) ) ;
#6819 = CARTESIAN_POINT ( 'NONE',  ( 975.2932074315651789, 127.1072257456103642, 10.00015816147054082 ) ) ;
#6820 = DIRECTION ( 'NONE',  ( -1.000000000000000000, -0.000000000000000000, -0.000000000000000000 ) ) ;
#6821 = CARTESIAN_POINT ( 'NONE',  ( 977.0249106011897311, 65.03250336201719506, 33.16313068978427481 ) ) ;
#6822 = CARTESIAN_POINT ( 'NONE',  ( 976.5466784714078585, 96.73816593572266243, 83.05411223852043179 ) ) ;
#6823 = ORIENTED_EDGE ( 'NONE', *, *, #7200, .T. ) ;
#6824 = CARTESIAN_POINT ( 'NONE',  ( 977.5498501895685877, -44.42700771461633735, 57.92465614954123510 ) ) ;
#6825 = CARTESIAN_POINT ( 'NONE',  ( 967.7932074315651789, 101.1368664649727265, 166.5788324321699747 ) ) ;
#6827 = ADVANCED_FACE ( 'NONE', ( #2661 ), #5398, .T. ) ;
#6826 = DIRECTION ( 'NONE',  ( 0.000000000000000000, 0.000000000000000000, 1.000000000000000000 ) ) ;
#6828 = CARTESIAN_POINT ( 'NONE',  ( 968.5562076621532697, 51.60588307146793596, 51.63189334414692411 ) ) ;
#6829 = CARTESIAN_POINT ( 'NONE',  ( 967.7932074315651789, 179.7340247757214513, 75.31834776957768440 ) ) ;
#6830 = CARTESIAN_POINT ( 'NONE',  ( 968.3908861589637809, -21.29670495708802846, -69.82453351437405331 ) ) ;
#6831 = CARTESIAN_POINT ( 'NONE',  ( 968.7637114205683702, -108.9792848504188214, 66.17986033732422868 ) ) ;
#6832 = VERTEX_POINT ( 'NONE', #5032 ) ;
#6833 = ORIENTED_EDGE ( 'NONE', *, *, #6719, .T. ) ;
#6834 = DIRECTION ( 'NONE',  ( 0.000000000000000000, 0.000000000000000000, -1.000000000000000000 ) ) ;
#6835 = CARTESIAN_POINT ( 'NONE',  ( 968.7444331958880639, -69.12336451063789866, -23.47275605684033195 ) ) ;
#6836 = DIRECTION ( 'NONE',  ( 0.000000000000000000, 0.000000000000000000, -1.000000000000000000 ) ) ;
#6837 = CARTESIAN_POINT ( 'NONE',  ( 970.2932074315650652, -0.4006621794146440485, 72.99890046992466353 ) ) ;
#6838 = CARTESIAN_POINT ( 'NONE',  ( 1001.793207431565179, 0.000000000000000000, 0.000000000000000000 ) ) ;
#6839 = CARTESIAN_POINT ( 'NONE',  ( 975.4630272440168710, 59.29285437106596390, -42.58353461763758929 ) ) ;
#6840 = CARTESIAN_POINT ( 'NONE',  ( 967.9165188163373159, 20.44930107203805392, 70.07746072440247076 ) ) ;
#6841 = CIRCLE ( 'NONE', #2981, 147.6627378425959876 ) ;
#6842 = PLANE ( 'NONE',  #3643 ) ;
#6843 = B_SPLINE_CURVE_WITH_KNOTS ( 'NONE', 3,
 ( #7687, #234, #1601, #2989, #8333, #2179, #3659, #828, #2943, #6307, #5717, #4920, #148, #2904, #4285, #7015 ),
 .UNSPECIFIED., .F., .F.,
 ( 4, 2, 2, 2, 2, 2, 2, 4 ),
 ( 0.000000000000000000, 0.0004891407059790108154, 0.0009782814119580216308, 0.001467422117937032446, 0.001956562823916043262, 0.002445703529895054077, 0.002934844235874064892, 0.003913125647832095197 ),
 .UNSPECIFIED. ) ;
#6844 = DIRECTION ( 'NONE',  ( 0.000000000000000000, 0.000000000000000000, -1.000000000000000000 ) ) ;
#6845 = CARTESIAN_POINT ( 'NONE',  ( 967.9202297398430801, 117.1340689592297508, 50.35755083287602218 ) ) ;
#6846 = VERTEX_POINT ( 'NONE', #6159 ) ;
#6847 = ORIENTED_EDGE ( 'NONE', *, *, #2197, .T. ) ;
#6848 = EDGE_CURVE ( 'NONE', #8090, #4752, #7804, .T. ) ;
#6849 = ORIENTED_EDGE ( 'NONE', *, *, #650, .T. ) ;
#6850 = AXIS2_PLACEMENT_3D ( 'NONE', #197, #6227, #5635 ) ;
#6851 = CARTESIAN_POINT ( 'NONE',  ( 970.2932074315650652, -42.58353461763771719, -59.29285437106591417 ) ) ;
#6852 = ADVANCED_FACE ( 'NONE', ( #257 ), #1078, .F. ) ;
#6853 = FACE_OUTER_BOUND ( 'NONE', #8120, .T. ) ;
#6854 = CARTESIAN_POINT ( 'NONE',  ( 970.2932074315650652, -22.93895319245742925, 69.30226855186074886 ) ) ;
#6855 = CARTESIAN_POINT ( 'NONE',  ( 970.2932074315650652, 66.62145485401426015, 108.7098512239554253 ) ) ;
#6856 = CARTESIAN_POINT ( 'NONE',  ( 967.7932074315651789, 0.000000000000000000, 127.4999999999997868 ) ) ;
#6857 = DIRECTION ( 'NONE',  ( -0.000000000000000000, 1.000000000000000000, 1.224646799147353207E-16 ) ) ;
#6858 = TOROIDAL_SURFACE ( 'NONE', #5985, 145.1627378425959591, 2.500000000000000000 ) ;
#6859 = CIRCLE ( 'NONE', #3994, 127.4999999999998863 ) ;
#6860 = ORIENTED_EDGE ( 'NONE', *, *, #1901, .F. ) ;
#6861 = ORIENTED_EDGE ( 'NONE', *, *, #722, .F. ) ;
#6862 = DIRECTION ( 'NONE',  ( 0.000000000000000000, 0.000000000000000000, 1.000000000000000000 ) ) ;
#6863 = CARTESIAN_POINT ( 'NONE',  ( 968.5562076621531560, 72.09850187017144663, 11.43790216623083822 ) ) ;
#6864 = AXIS2_PLACEMENT_3D ( 'NONE', #3660, #235, #2990 ) ;
#6865 = EDGE_CURVE ( 'NONE', #6464, #2584, #6949, .T. ) ;
#6866 = CARTESIAN_POINT ( 'NONE',  ( 975.2932074315651789, 127.1728735659488621, -147.6625660138610669 ) ) ;
#6867 = CARTESIAN_POINT ( 'NONE',  ( 968.6178405014127293, -58.41904185916728665, -43.77477208148618359 ) ) ;
#6868 = DIRECTION ( 'NONE',  ( -1.000000000000000000, -0.000000000000000000, -0.000000000000000000 ) ) ;
#6869 = DIRECTION ( 'NONE',  ( -1.000000000000000000, -0.000000000000000000, -0.000000000000000000 ) ) ;
#6870 = DIRECTION ( 'NONE',  ( -1.000000000000000000, -0.000000000000000000, -0.000000000000000000 ) ) ;
#6871 = TOROIDAL_SURFACE ( 'NONE', #127, 160.1627378425955612, 2.500000000000000000 ) ;
#6872 = CARTESIAN_POINT ( 'NONE',  ( 0.000000000000000000, 8.939921633775654771E-15, -72.99999999999981526 ) ) ;
#6873 = CIRCLE ( 'NONE', #3013, 157.6627378425955328 ) ;
#6874 = ORIENTED_EDGE ( 'NONE', *, *, #5344, .T. ) ;
#6875 = AXIS2_PLACEMENT_3D ( 'NONE', #7536, #6869, #726 ) ;
#6876 = CARTESIAN_POINT ( 'NONE',  ( 970.1122724273468521, 33.87455307021183870, -64.66463217473192060 ) ) ;
#6877 = CARTESIAN_POINT ( 'NONE',  ( 977.7932074315651789, 72.90555147392615254, -104.5993812805920697 ) ) ;
#6878 = DIRECTION ( 'NONE',  ( 0.000000000000000000, 0.000000000000000000, 1.000000000000000000 ) ) ;
#6879 = CARTESIAN_POINT ( 'NONE',  ( 969.0416369157512690, -74.67550635970322048, 103.3432482601970435 ) ) ;
#6880 = CARTESIAN_POINT ( 'NONE',  ( 1001.793207431565179, 0.000000000000000000, 35.13333333333272179 ) ) ;
#6881 = CARTESIAN_POINT ( 'NONE',  ( 976.5466784714077448, 117.6685952220380074, 49.09541737075196011 ) ) ;
#6882 = ORIENTED_EDGE ( 'NONE', *, *, #6388, .F. ) ;
#6883 = CARTESIAN_POINT ( 'NONE',  ( 977.4635654086101795, -73.92884964552361282, 103.8787448964403382 ) ) ;
#6884 = CARTESIAN_POINT ( 'NONE',  ( 967.7932074315651789, -124.5382375486187243, 27.32173838326823301 ) ) ;
#6885 = B_SPLINE_CURVE_WITH_KNOTS ( 'NONE', 3,
 ( #5286, #5861, #1873, #4609, #7329, #341, #1199, #3932, #6659, #2411, #7882, #517, #3263, #8518, #5115, #3095 ),
 .UNSPECIFIED., .F., .F.,
 ( 4, 2, 2, 2, 2, 2, 2, 4 ),
 ( 0.000000000000000000, 0.0004881885400330896125, 0.0009763770800661792249, 0.001464565620099268946, 0.001952754160132358450, 0.002440942700165448388, 0.002929131240198537892, 0.003905508320265017007 ),
 .UNSPECIFIED. ) ;
#6886 = CARTESIAN_POINT ( 'NONE',  ( 977.7932074315651789, 0.000000000000000000, 0.000000000000000000 ) ) ;
#6887 = CARTESIAN_POINT ( 'NONE',  ( 977.7932074315651789, 50.10422153953712865, -53.09017784785584126 ) ) ;
#6888 = CARTESIAN_POINT ( 'NONE',  ( 970.1122724273470794, -64.66463217473202008, -33.87455307021166817 ) ) ;
#6889 = DIRECTION ( 'NONE',  ( -1.000000000000000000, -0.000000000000000000, -0.000000000000000000 ) ) ;
#6890 = ADVANCED_FACE ( 'NONE', ( #7667 ), #2200, .F. ) ;
#6891 = CARTESIAN_POINT ( 'NONE',  ( 975.2932074315651789, -44.71118576450651716, -189.6788945569603584 ) ) ;
#6892 = CARTESIAN_POINT ( 'NONE',  ( 968.4077548216919240, 117.4669181108019984, 49.57606858872686928 ) ) ;
#6893 = EDGE_LOOP ( 'NONE', ( #288, #6911, #2643, #6437 ) ) ;
#6894 = ORIENTED_EDGE ( 'NONE', *, *, #8826, .F. ) ;
#6895 = ORIENTED_EDGE ( 'NONE', *, *, #4486, .F. ) ;
#6896 = DIRECTION ( 'NONE',  ( 0.000000000000000000, 0.000000000000000000, 1.000000000000000000 ) ) ;
#6897 = CARTESIAN_POINT ( 'NONE',  ( 975.2932074315651789, -189.6788945569601879, 44.71118576450717796 ) ) ;
#6898 = PLANE ( 'NONE',  #345 ) ;
#6899 = DIRECTION ( 'NONE',  ( -1.000000000000000000, -0.000000000000000000, -0.000000000000000000 ) ) ;
#6900 = EDGE_CURVE ( 'NONE', #1528, #7738, #2038, .T. ) ;
#6901 = CARTESIAN_POINT ( 'NONE',  ( 969.9321275244392382, 72.22241058011883297, -10.62663217947621064 ) ) ;
#6902 = VERTEX_POINT ( 'NONE', #2886 ) ;
#6903 = EDGE_LOOP ( 'NONE', ( #8849, #2632 ) ) ;
#6904 = CARTESIAN_POINT ( 'NONE',  ( 977.7932074315648379, -68.48737359660094626, -25.26872385754246864 ) ) ;
#6905 = CARTESIAN_POINT ( 'NONE',  ( 977.5074755329787877, -33.78491031254619514, -64.71170456000744764 ) ) ;
#6906 = CARTESIAN_POINT ( 'NONE',  ( 968.3024195543166570, 83.54659315531490904, -96.31321483572622810 ) ) ;
#6907 = CARTESIAN_POINT ( 'NONE',  ( 986.7932074315651789, 1.561424668912874086E-14, -127.4999999999998863 ) ) ;
#6908 = CARTESIAN_POINT ( 'NONE',  ( 975.2932074315651789, -96.95396024814752423, -82.80205065214637727 ) ) ;
#6909 = FACE_OUTER_BOUND ( 'NONE', #8839, .T. ) ;
#6910 = ADVANCED_FACE ( 'NONE', ( #7 ), #4659, .F. ) ;
#6911 = ORIENTED_EDGE ( 'NONE', *, *, #2172, .F. ) ;
#6912 = CARTESIAN_POINT ( 'NONE',  ( 977.5074755329791287, -64.71170456000733395, 33.78491031254647936 ) ) ;
#6913 = DIRECTION ( 'NONE',  ( -1.000000000000000000, -0.000000000000000000, -0.000000000000000000 ) ) ;
#6914 = CARTESIAN_POINT ( 'NONE',  ( 970.2932074315650652, -74.94246553048658654, 103.1497787695727197 ) ) ;
#6915 = DIRECTION ( 'NONE',  ( -1.000000000000000000, 0.000000000000000000, -0.000000000000000000 ) ) ;
#6916 = CARTESIAN_POINT ( 'NONE',  ( 975.6212234913449493, 117.7897013722550241, 48.80407022262563999 ) ) ;
#6917 = AXIS2_PLACEMENT_3D ( 'NONE', #5223, #5882, #7950 ) ;
#6918 = EDGE_LOOP ( 'NONE', ( #1595, #7710, #3030, #2531, #3748 ) ) ;
#6919 = CARTESIAN_POINT ( 'NONE',  ( 1001.793207431565179, 0.000000000000000000, 0.000000000000000000 ) ) ;
#6920 = CARTESIAN_POINT ( 'NONE',  ( 977.7272465782219797, -109.6653851972122879, 65.03725213169808228 ) ) ;
#6921 = CARTESIAN_POINT ( 'NONE',  ( 970.1122724273471931, -65.41400624788199991, 32.40382364169431639 ) ) ;
#6922 = CARTESIAN_POINT ( 'NONE',  ( 977.5758751313187531, 50.98662754993259227, -52.24359330183384031 ) ) ;
#6923 = CARTESIAN_POINT ( 'NONE',  ( 1001.793207431565179, 0.000000000000000000, 0.000000000000000000 ) ) ;
#6924 = AXIS2_PLACEMENT_3D ( 'NONE', #4745, #698, #6794 ) ;
#6925 = DIRECTION ( 'NONE',  ( -1.000000000000000000, -0.000000000000000000, -0.000000000000000000 ) ) ;
#6926 = CARTESIAN_POINT ( 'NONE',  ( 968.2886015245320550, 58.18993486777198143, 44.07893000177761422 ) ) ;
#6927 = CARTESIAN_POINT ( 'NONE',  ( 970.2932074315650652, 74.94277380392682630, 103.1495547958081147 ) ) ;
#6928 = CARTESIAN_POINT ( 'NONE',  ( 969.1008202615154232, 51.95897432760751400, -51.27642761653678605 ) ) ;
#6929 = CARTESIAN_POINT ( 'NONE',  ( 968.0467338867611033, 76.06371305861102883, 102.3258723053490513 ) ) ;
#6930 = ORIENTED_EDGE ( 'NONE', *, *, #1594, .F. ) ;
#6931 = EDGE_CURVE ( 'NONE', #2533, #2843, #6061, .T. ) ;
#6932 = ORIENTED_EDGE ( 'NONE', *, *, #8390, .F. ) ;
#6933 = CIRCLE ( 'NONE', #4800, 72.99999999999974420 ) ;
#6934 = ORIENTED_EDGE ( 'NONE', *, *, #4690, .T. ) ;
#6935 = VECTOR ( 'NONE', #7349, 1000.000000000000000 ) ;
#6936 = CARTESIAN_POINT ( 'NONE',  ( 977.7932074315651789, -64.46894917794577395, -110.0000208722317439 ) ) ;
#6937 = CARTESIAN_POINT ( 'NONE',  ( 967.7932074315651789, -40.41366809279669781, -60.79256065741290627 ) ) ;
#6938 = EDGE_CURVE ( 'NONE', #169, #298, #7224, .T. ) ;
#6939 = CARTESIAN_POINT ( 'NONE',  ( 970.1235730824608936, -59.29285437106575074, 42.58353461763794456 ) ) ;
#6940 = DIRECTION ( 'NONE',  ( -1.000000000000000000, -0.000000000000000000, -0.000000000000000000 ) ) ;
#6941 = DIRECTION ( 'NONE',  ( -1.000000000000000000, -0.000000000000000000, -0.000000000000000000 ) ) ;
#6942 = AXIS2_PLACEMENT_3D ( 'NONE', #8818, #544, #1997 ) ;
#6943 = ORIENTED_EDGE ( 'NONE', *, *, #7019, .T. ) ;
#6944 = VERTEX_POINT ( 'NONE', #3635 ) ;
#6945 = CARTESIAN_POINT ( 'NONE',  ( 969.4678067838158313, 23.07440992562385063, -69.25732001653466341 ) ) ;
#6946 = EDGE_CURVE ( 'NONE', #1827, #7018, #3936, .T. ) ;
#6947 = EDGE_CURVE ( 'NONE', #1494, #4877, #988, .T. ) ;
#6948 = CIRCLE ( 'NONE', #2510, 147.6627378425959591 ) ;
#6949 = CIRCLE ( 'NONE', #6809, 157.6627378425955328 ) ;
#6950 = FACE_OUTER_BOUND ( 'NONE', #8871, .T. ) ;
#6951 = CARTESIAN_POINT ( 'NONE',  ( 967.7932074315651789, -57.22161676175429079, -45.32865070979813282 ) ) ;
#6952 = DIRECTION ( 'NONE',  ( 1.000000000000000000, 0.000000000000000000, 0.000000000000000000 ) ) ;
#6953 = VERTEX_POINT ( 'NONE', #3725 ) ;
#6954 = VECTOR ( 'NONE', #6112, 1000.000000000000000 ) ;
#6955 = CARTESIAN_POINT ( 'NONE',  ( 977.2998916257679412, -21.16474100306114536, -69.86468347030090342 ) ) ;
#6956 = ORIENTED_EDGE ( 'NONE', *, *, #147, .F. ) ;
#6957 = EDGE_CURVE ( 'NONE', #6083, #2939, #8788, .T. ) ;
#6958 = ADVANCED_FACE ( 'NONE', ( #3809 ), #1791, .T. ) ;
#6959 = CARTESIAN_POINT ( 'NONE',  ( 970.1281350223659956, -121.2596469525085041, 39.39984798134322119 ) ) ;
#6960 = CARTESIAN_POINT ( 'NONE',  ( 967.7932074315652926, -104.4106017662831789, -73.17639806922584000 ) ) ;
#6961 = CARTESIAN_POINT ( 'NONE',  ( 970.1122724273470794, -72.22574908703241192, 10.60382802656716805 ) ) ;
#6962 = CARTESIAN_POINT ( 'NONE',  ( 968.0451641925287731, 96.03971225230502284, 83.86087709609128638 ) ) ;
#6963 = CARTESIAN_POINT ( 'NONE',  ( 970.2932074315650652, -65.41400624788184359, 32.40382364169428087 ) ) ;
#6964 = VERTEX_POINT ( 'NONE', #7885 ) ;
#6965 = EDGE_CURVE ( 'NONE', #8782, #6804, #7295, .T. ) ;
#6966 = DIRECTION ( 'NONE',  ( -1.000000000000000000, -0.000000000000000000, -0.000000000000000000 ) ) ;
#6967 = CARTESIAN_POINT ( 'NONE',  ( 967.7932074315651789, -3.037626311421404157, 72.93677279940567360 ) ) ;
#6968 = CARTESIAN_POINT ( 'NONE',  ( 975.4630272440168710, -42.58353461763769587, -59.29285437106587864 ) ) ;
#6969 = LINE ( 'NONE', #959, #5637 ) ;
#6970 = DIRECTION ( 'NONE',  ( 0.000000000000000000, -5.372178670734894045E-15, -1.000000000000000000 ) ) ;
#6971 = CARTESIAN_POINT ( 'NONE',  ( 968.4077548216919240, -49.57606858872729561, 117.4669181108018137 ) ) ;
#6972 = CARTESIAN_POINT ( 'NONE',  ( 977.7406944467916219, -12.80213773557373358, -71.86948023612895042 ) ) ;
#6973 = CARTESIAN_POINT ( 'NONE',  ( 967.7932074315651789, 0.000000000000000000, 0.000000000000000000 ) ) ;
#6974 = EDGE_LOOP ( 'NONE', ( #7615, #5684, #1814, #7792 ) ) ;
#6975 = EDGE_LOOP ( 'NONE', ( #7689, #2982, #1242, #4683 ) ) ;
#6976 = EDGE_LOOP ( 'NONE', ( #3674, #6223, #5909, #8055, #5998 ) ) ;
#6977 = CARTESIAN_POINT ( 'NONE',  ( 1001.793207431565179, 33.59192716851458727, -53.51032122852844708 ) ) ;
#6978 = CARTESIAN_POINT ( 'NONE',  ( 969.4678067838158313, -42.46755101860807002, -59.37602108402298740 ) ) ;
#6979 = CARTESIAN_POINT ( 'NONE',  ( 977.3428997317968197, 33.50499162383055562, 64.85707677790858838 ) ) ;
#6980 = CARTESIAN_POINT ( 'NONE',  ( 986.7932074315651789, 0.000000000000000000, 77.74999999999987210 ) ) ;
#6981 = CARTESIAN_POINT ( 'NONE',  ( 977.7932074315651789, 166.5788324321696336, -101.1368664649733233 ) ) ;
#6982 = ORIENTED_EDGE ( 'NONE', *, *, #299, .F. ) ;
#6983 = ORIENTED_EDGE ( 'NONE', *, *, #427, .T. ) ;
#6984 = FACE_BOUND ( 'NONE', #7186, .T. ) ;
#6985 = CARTESIAN_POINT ( 'NONE',  ( 970.2932074315650652, 22.17684843932680394, 69.54989139674560761 ) ) ;
#6986 = DIRECTION ( 'NONE',  ( -1.000000000000000000, -0.000000000000000000, -0.000000000000000000 ) ) ;
#6987 = AXIS2_PLACEMENT_3D ( 'NONE', #2872, #8341, #2912 ) ;
#6988 = B_SPLINE_CURVE_WITH_KNOTS ( 'NONE', 3,
 ( #4179, #7745, #3629, #6356, #201, #2278, #1613, #8473, #2323, #4252, #5065, #2877, #1445, #6901, #755, #6231 ),
 .UNSPECIFIED., .F., .F.,
 ( 4, 2, 2, 2, 2, 2, 2, 4 ),
 ( 4.885025661874570676E-17, 0.001060870709216604280, 0.001591306063824929947, 0.002121741418433255831, 0.002652176773041581281, 0.003182612127649907599, 0.003713047482258233049, 0.004243482836866558500 ),
 .UNSPECIFIED. ) ;
#6989 = DIRECTION ( 'NONE',  ( -1.000000000000000000, -0.000000000000000000, -0.000000000000000000 ) ) ;
#6990 = DIRECTION ( 'NONE',  ( -1.000000000000000000, -0.000000000000000000, -0.000000000000000000 ) ) ;
#6991 = CARTESIAN_POINT ( 'NONE',  ( 977.7932074315651789, 120.4638038423332063, -41.76986909048005714 ) ) ;
#6992 = ORIENTED_EDGE ( 'NONE', *, *, #2351, .F. ) ;
#6993 = CARTESIAN_POINT ( 'NONE',  ( 977.7932074315648379, 95.52520227060971081, 84.44699599223544340 ) ) ;
#6994 = VERTEX_POINT ( 'NONE', #476 ) ;
#6995 = CIRCLE ( 'NONE', #3142, 145.1627378425959591 ) ;
#6996 = AXIS2_PLACEMENT_3D ( 'NONE', #6671, #2552, #1211 ) ;
#6997 = CIRCLE ( 'NONE', #7854, 160.1627378425955897 ) ;
#6998 = CARTESIAN_POINT ( 'NONE',  ( 976.9692569047347206, -72.99215546751690908, -1.077269805863033447 ) ) ;
#6999 = ORIENTED_EDGE ( 'NONE', *, *, #4600, .F. ) ;
#7000 = CARTESIAN_POINT ( 'NONE',  ( 977.7932074315651789, 0.000000000000000000, 0.000000000000000000 ) ) ;
#7001 = AXIS2_PLACEMENT_3D ( 'NONE', #7682, #1551, #6783 ) ;
#7002 = DIRECTION ( 'NONE',  ( 0.000000000000000000, 0.000000000000000000, 1.000000000000000000 ) ) ;
#7003 = AXIS2_PLACEMENT_3D ( 'NONE', #6386, #3076, #8546 ) ;
#7004 = B_SPLINE_CURVE_WITH_KNOTS ( 'NONE', 3,
 ( #6501, #6584, #443, #5915, #2517, #1841, #530, #3281, #765, #5437, #4905, #2700, #84, #4863, #8804, #6050 ),
 .UNSPECIFIED., .F., .F.,
 ( 4, 2, 2, 2, 2, 2, 2, 4 ),
 ( 0.000000000000000000, 0.0004891407059790086470, 0.0009782814119580172940, 0.001467422117937025724, 0.001956562823916034588, 0.002445703529895043235, 0.002934844235874051448, 0.003913125647832087391 ),
 .UNSPECIFIED. ) ;
#7005 = CARTESIAN_POINT ( 'NONE',  ( 969.9623921352653042, 127.1072257456102932, 10.00015816147052305 ) ) ;
#7006 = DIRECTION ( 'NONE',  ( 0.000000000000000000, 0.000000000000000000, 1.000000000000000000 ) ) ;
#7007 = ADVANCED_FACE ( 'NONE', ( #4439 ), #3762, .T. ) ;
#7008 = VERTEX_POINT ( 'NONE', #2418 ) ;
#7009 = EDGE_CURVE ( 'NONE', #2768, #8422, #70, .T. ) ;
#7010 = ORIENTED_EDGE ( 'NONE', *, *, #3107, .F. ) ;
#7011 = CIRCLE ( 'NONE', #6573, 160.1627378425955612 ) ;
#7012 = CARTESIAN_POINT ( 'NONE',  ( 969.9321275244390108, -65.40378426833594006, 32.42448002454486300 ) ) ;
#7013 = CARTESIAN_POINT ( 'NONE',  ( 968.7699766253857661, 74.52853796843427858, -103.4492882495305111 ) ) ;
#7014 = CARTESIAN_POINT ( 'NONE',  ( 969.4678067838158313, 22.04084155401628919, 69.59314673787334016 ) ) ;
#7015 = CARTESIAN_POINT ( 'NONE',  ( 977.7932074315651789, 27.32173838326870552, 124.5382375486187669 ) ) ;
#7016 = CARTESIAN_POINT ( 'NONE',  ( 969.9570765531306051, 58.81109839562549979, 43.24645605111427216 ) ) ;
#7017 = CARTESIAN_POINT ( 'NONE',  ( 977.4635654086102932, -127.4939575161465086, 1.248698538959504889 ) ) ;
#7018 = VERTEX_POINT ( 'NONE', #522 ) ;
#7019 = EDGE_CURVE ( 'NONE', #3394, #6448, #3117, .T. ) ;
#7020 = EDGE_LOOP ( 'NONE', ( #2962, #3204, #3750, #6065 ) ) ;
#7021 = VERTEX_POINT ( 'NONE', #8610 ) ;
#7022 = CARTESIAN_POINT ( 'NONE',  ( 976.6287946620489038, -64.86792590415926441, -33.48381113475437587 ) ) ;
#7023 = CARTESIAN_POINT ( 'NONE',  ( 1007.993207431565224, 3.796405077356784860E-15, -30.99999999999991473 ) ) ;
#7024 = CARTESIAN_POINT ( 'NONE',  ( 975.4586042561197701, 108.7098512239561074, -66.62145485401312328 ) ) ;
#7025 = CARTESIAN_POINT ( 'NONE',  ( 976.9470595414690024, -29.16422661874148048, -124.1197457503867412 ) ) ;
#7026 = DIRECTION ( 'NONE',  ( 0.000000000000000000, 0.000000000000000000, 1.000000000000000000 ) ) ;
#7027 = ORIENTED_EDGE ( 'NONE', *, *, #142, .F. ) ;
#7028 = ORIENTED_EDGE ( 'NONE', *, *, #8145, .F. ) ;
#7029 = FACE_OUTER_BOUND ( 'NONE', #8119, .T. ) ;
#7030 = CARTESIAN_POINT ( 'NONE',  ( 975.9411352989149009, -66.55309250074792260, -108.7517213576267210 ) ) ;
#7031 = DIRECTION ( 'NONE',  ( 0.000000000000000000, 0.000000000000000000, 1.000000000000000000 ) ) ;
#7032 = DIRECTION ( 'NONE',  ( 0.000000000000000000, 0.000000000000000000, 1.000000000000000000 ) ) ;
#7033 = CARTESIAN_POINT ( 'NONE',  ( 970.2932074315650652, 52.19908471100801961, -51.03190722805644697 ) ) ;
#7034 = CARTESIAN_POINT ( 'NONE',  ( 968.5562076621532697, 33.12497887918919304, 65.05194349241735097 ) ) ;
#7035 = CARTESIAN_POINT ( 'NONE',  ( 975.9411352989145598, 66.55309250074877525, 108.7517213576262094 ) ) ;
#7036 = DIRECTION ( 'NONE',  ( 0.000000000000000000, 0.000000000000000000, 1.000000000000000000 ) ) ;
#7037 = ORIENTED_EDGE ( 'NONE', *, *, #1132, .T. ) ;
#7038 = EDGE_LOOP ( 'NONE', ( #690, #7550, #1185, #4700, #2834, #1881, #2993, #6580, #8359, #2017, #6571, #6360, #5911, #768, #35, #8570, #8581, #1902, #4925, #644, #5148, #746, #3419, #3965, #193, #6290, #6814, #2692, #3728, #261, #7476, #5933, #1473, #1550, #4111, #3847, #4135, #4889, #3182, #7058, #6265, #6692, #4662, #870, #7502, #6756, #153, #381, #2835, #3058, #3927, #308, #3195, #7644, #2295, #3225, #1805, #6934, #108, #7616, #7360, #3253, #546, #469, #2188, #7276, #3161, #2383, #3777, #5045, #7736, #5571, #4696, #5077, #2486, #6264, #8016, #3093, #5534, #5783, #6026, #6874, #1446, #2257 ) ) ;
#7039 = CARTESIAN_POINT ( 'NONE',  ( 967.7932074315651789, 127.1728735659488621, -147.6625660138610669 ) ) ;
#7040 = ORIENTED_EDGE ( 'NONE', *, *, #1962, .T. ) ;
#7041 = ADVANCED_FACE ( 'NONE', ( #3099, #1741, #6615, #5819, #8021, #7334, #4479, #3147, #3894, #5248, #1877 ), #4614, .T. ) ;
#7042 = CARTESIAN_POINT ( 'NONE',  ( 976.8447230752969972, -43.68611028497817728, 58.48532727358121974 ) ) ;
#7043 = CARTESIAN_POINT ( 'NONE',  ( 969.4678067838158313, -43.34675678940320154, 58.73724070067260072 ) ) ;
#7044 = CARTESIAN_POINT ( 'NONE',  ( 967.9202297398430801, 126.9624585663001142, 11.69645893558385374 ) ) ;
#7045 = DIRECTION ( 'NONE',  ( 0.000000000000000000, 0.000000000000000000, 1.000000000000000000 ) ) ;
#7046 = VERTEX_POINT ( 'NONE', #4525 ) ;
#7047 = DIRECTION ( 'NONE',  ( 0.000000000000000000, 0.000000000000000000, 1.000000000000000000 ) ) ;
#7048 = ADVANCED_FACE ( 'NONE', ( #7251 ), #1113, .T. ) ;
#7049 = DIRECTION ( 'NONE',  ( 1.000000000000000000, 0.000000000000000000, 0.000000000000000000 ) ) ;
#7050 = CARTESIAN_POINT ( 'NONE',  ( 968.2424519787780355, -64.85623953358630445, 33.50661079783956353 ) ) ;
#7051 = DIRECTION ( 'NONE',  ( 1.000000000000000000, 0.000000000000000000, 0.000000000000000000 ) ) ;
#7052 = DIRECTION ( 'NONE',  ( -1.000000000000000000, -0.000000000000000000, -0.000000000000000000 ) ) ;
#7053 = CARTESIAN_POINT ( 'NONE',  ( 970.2932074315650652, -194.2118649119462646, -16.09113731973690875 ) ) ;
#7054 = DIRECTION ( 'NONE',  ( 0.000000000000000000, 0.000000000000000000, 1.000000000000000000 ) ) ;
#7055 = ORIENTED_EDGE ( 'NONE', *, *, #28, .F. ) ;
#7056 = CARTESIAN_POINT ( 'NONE',  ( 977.7136058903374760, -127.4866267757255827, 1.853507130728765828 ) ) ;
#7057 = ORIENTED_EDGE ( 'NONE', *, *, #6184, .T. ) ;
#7058 = ORIENTED_EDGE ( 'NONE', *, *, #7757, .T. ) ;
#7059 = ORIENTED_EDGE ( 'NONE', *, *, #8646, .F. ) ;
#7060 = FACE_OUTER_BOUND ( 'NONE', #8526, .T. ) ;
#7061 = CARTESIAN_POINT ( 'NONE',  ( 975.2932074315651789, 48.78900844669485082, -117.7959364952302934 ) ) ;
#7062 = AXIS2_PLACEMENT_3D ( 'NONE', #2903, #3657, #7685 ) ;
#7063 = CARTESIAN_POINT ( 'NONE',  ( 975.4734716392110840, 32.40382364169451535, 65.41400624788174412 ) ) ;
#7064 = EDGE_CURVE ( 'NONE', #8377, #354, #5643, .T. ) ;
#7065 = CARTESIAN_POINT ( 'NONE',  ( 975.2932074315651789, -33.87455307021119921, 64.66463217473207692 ) ) ;
#7066 = CARTESIAN_POINT ( 'NONE',  ( 958.7932074315651789, 1.561424668912874086E-14, -127.4999999999998863 ) ) ;
#7067 = ORIENTED_EDGE ( 'NONE', *, *, #5541, .F. ) ;
#7068 = CIRCLE ( 'NONE', #3074, 147.6627378425959591 ) ;
#7069 = CIRCLE ( 'NONE', #5218, 127.4999999999998863 ) ;
#7070 = ORIENTED_EDGE ( 'NONE', *, *, #4129, .F. ) ;
#7071 = DIRECTION ( 'NONE',  ( 1.000000000000000000, 0.000000000000000000, 0.000000000000000000 ) ) ;
#7072 = DIRECTION ( 'NONE',  ( 0.000000000000000000, 0.000000000000000000, 1.000000000000000000 ) ) ;
#7073 = DIRECTION ( 'NONE',  ( 0.000000000000000000, 0.000000000000000000, -1.000000000000000000 ) ) ;
#7074 = AXIS2_PLACEMENT_3D ( 'NONE', #2256, #4912, #4997 ) ;
#7075 = AXIS2_PLACEMENT_3D ( 'NONE', #3983, #6714, #565 ) ;
#7076 = CARTESIAN_POINT ( 'NONE',  ( 976.9464254848243172, -121.4492382780073712, -38.81167114991245626 ) ) ;
#7077 = CARTESIAN_POINT ( 'NONE',  ( 969.0172219968214904, -23.28521182216918106, 69.18676686022521949 ) ) ;
#7078 = CARTESIAN_POINT ( 'NONE',  ( 969.1851730895936043, 121.1812463673288960, -39.64037660334531665 ) ) ;
#7079 = ORIENTED_EDGE ( 'NONE', *, *, #8215, .F. ) ;
#7080 = EDGE_LOOP ( 'NONE', ( #880, #668, #1041, #4364 ) ) ;
#7081 = AXIS2_PLACEMENT_3D ( 'NONE', #6628, #490, #3240 ) ;
#7082 = AXIS2_PLACEMENT_3D ( 'NONE', #5330, #2743, #3414 ) ;
#7083 = CARTESIAN_POINT ( 'NONE',  ( 970.1122724273474205, -32.40382364169404639, -65.41400624788215623 ) ) ;
#7084 = ORIENTED_EDGE ( 'NONE', *, *, #3358, .F. ) ;
#7085 = CARTESIAN_POINT ( 'NONE',  ( 970.1122724273468521, 51.03190722805702251, 52.19908471100765013 ) ) ;
#7086 = CARTESIAN_POINT ( 'NONE',  ( 968.0451641925291142, -124.2956012302444435, 28.40557254559987754 ) ) ;
#7087 = ORIENTED_EDGE ( 'NONE', *, *, #6931, .F. ) ;
#7088 = ORIENTED_EDGE ( 'NONE', *, *, #28, .T. ) ;
#7089 = DIRECTION ( 'NONE',  ( 0.000000000000000000, 0.000000000000000000, 1.000000000000000000 ) ) ;
#7090 = EDGE_CURVE ( 'NONE', #6314, #3595, #2657, .T. ) ;
#7091 = CARTESIAN_POINT ( 'NONE',  ( 1043.814912118905340, 33.87455307021167528, -64.66463217473180691 ) ) ;
#7092 = CARTESIAN_POINT ( 'NONE',  ( 975.2932074315651789, -121.2596469525085183, 39.39984798134323540 ) ) ;
#7093 = CARTESIAN_POINT ( 'NONE',  ( 975.2932074315651789, 75.31834776957963129, -179.7340247757206839 ) ) ;
#7094 = CARTESIAN_POINT ( 'NONE',  ( 1042.912997761359293, -66.62145485401345013, -108.7098512239559085 ) ) ;
#7095 = CARTESIAN_POINT ( 'NONE',  ( 1007.993207431565224, -54.35287990626783738, 17.66032122852886488 ) ) ;
#7096 = CARTESIAN_POINT ( 'NONE',  ( 968.7637114205684838, 124.0961605277704791, -29.26433636770677182 ) ) ;
#7097 = ORIENTED_EDGE ( 'NONE', *, *, #3023, .T. ) ;
#7098 = CARTESIAN_POINT ( 'NONE',  ( 975.2932074315651789, -39.39984798134282329, -121.2596469525086746 ) ) ;
#7099 = ADVANCED_FACE ( 'NONE', ( #6811, #3984, #5422, #2690, #8791, #717, #3464, #666, #614 ), #5518, .T. ) ;
#7100 = EDGE_LOOP ( 'NONE', ( #140, #7781, #7700, #980 ) ) ;
#7101 = ORIENTED_EDGE ( 'NONE', *, *, #4383, .T. ) ;
#7102 = ORIENTED_EDGE ( 'NONE', *, *, #7196, .T. ) ;
#7103 = CARTESIAN_POINT ( 'NONE',  ( 975.9951027213822954, 51.10971381847431161, 52.12292228951099560 ) ) ;
#7104 = CARTESIAN_POINT ( 'NONE',  ( 975.6324830688729435, 69.55552103973558076, -22.15921463634195021 ) ) ;
#7105 = CARTESIAN_POINT ( 'NONE',  ( 977.7406944467918493, 12.80213773557424517, 71.86948023612887937 ) ) ;
#7106 = DIRECTION ( 'NONE',  ( 0.000000000000000000, 0.000000000000000000, 1.000000000000000000 ) ) ;
#7107 = CARTESIAN_POINT ( 'NONE',  ( 967.7932074315651789, 126.8857838248237044, 12.49991452610975351 ) ) ;
#7108 = B_SPLINE_CURVE_WITH_KNOTS ( 'NONE', 3,
 ( #4350, #125, #8524, #4945, #4224, #5120, #7077, #1667, #259, #4395, #3726, #6454, #305, #3055, #1489, #1537, #3556, #6280 ),
 .UNSPECIFIED., .F., .F.,
 ( 4, 2, 2, 2, 2, 2, 2, 2, 4 ),
 ( 0.000000000000000000, 0.0005014719534716518623, 0.001002943906943303725, 0.001504415860414955695, 0.002005887813886607449, 0.002507359767358259203, 0.003008831720829911391, 0.003510303674301563145, 0.004011775627773214899 ),
 .UNSPECIFIED. ) ;
#7109 = EDGE_CURVE ( 'NONE', #6044, #5735, #5094, .T. ) ;
#7110 = EDGE_LOOP ( 'NONE', ( #6610, #5594 ) ) ;
#7111 = ORIENTED_EDGE ( 'NONE', *, *, #6622, .T. ) ;
#7112 = EDGE_CURVE ( 'NONE', #1677, #4309, #8828, .T. ) ;
#7113 = CYLINDRICAL_SURFACE ( 'NONE', #2140, 147.6627378425959591 ) ;
#7114 = CARTESIAN_POINT ( 'NONE',  ( 970.2932074315650652, -52.19908471100762881, 51.03190722805682356 ) ) ;
#7115 = DIRECTION ( 'NONE',  ( 0.000000000000000000, 0.000000000000000000, -1.000000000000000000 ) ) ;
#7116 = DIRECTION ( 'NONE',  ( 0.000000000000000000, 0.000000000000000000, 1.000000000000000000 ) ) ;
#7117 = CARTESIAN_POINT ( 'NONE',  ( 1038.865541267632807, -123.9763741318933370, 29.76757727979870793 ) ) ;
#7118 = CARTESIAN_POINT ( 'NONE',  ( 977.7272465782216386, -95.74257016239548079, -84.20036302768411929 ) ) ;
#7119 = ORIENTED_EDGE ( 'NONE', *, *, #5412, .T. ) ;
#7120 = VERTEX_POINT ( 'NONE', #3417 ) ;
#7121 = EDGE_CURVE ( 'NONE', #5552, #7361, #6089, .T. ) ;
#7122 = CARTESIAN_POINT ( 'NONE',  ( 968.0467338867611033, -121.6824751887227336, -38.07424088881082014 ) ) ;
#7123 = ORIENTED_EDGE ( 'NONE', *, *, #307, .T. ) ;
#7124 = AXIS2_PLACEMENT_3D ( 'NONE', #3307, #2101, #6028 ) ;
#7125 = CARTESIAN_POINT ( 'NONE',  ( 968.3072454628944570, 0.9727879456199456376, 127.4963619775274850 ) ) ;
#7126 = CARTESIAN_POINT ( 'NONE',  ( 976.1647925795699621, 72.20028127368226478, -10.77618664472685417 ) ) ;
#7127 = CARTESIAN_POINT ( 'NONE',  ( 967.7932074315651789, 126.8857838248237044, 12.49991452610975351 ) ) ;
#7128 = CARTESIAN_POINT ( 'NONE',  ( 967.9202297398430801, -124.3628781294370640, 28.10956385634716881 ) ) ;
#7129 = CIRCLE ( 'NONE', #1858, 160.1627378425955612 ) ;
#7130 = ORIENTED_EDGE ( 'NONE', *, *, #1962, .F. ) ;
#7131 = AXIS2_PLACEMENT_3D ( 'NONE', #5949, #8112, #8691 ) ;
#7132 = CIRCLE ( 'NONE', #4147, 157.6627378425955328 ) ;
#7133 = EDGE_LOOP ( 'NONE', ( #5521, #151, #71, #5266 ) ) ;
#7134 = CIRCLE ( 'NONE', #3434, 147.6627378425959876 ) ;
#7135 = CIRCLE ( 'NONE', #4003, 127.4999999999998863 ) ;
#7136 = AXIS2_PLACEMENT_3D ( 'NONE', #951, #7807, #4613 ) ;
#7137 = CARTESIAN_POINT ( 'NONE',  ( 977.7770235444022546, 76.68963753830450969, 101.8576211659211452 ) ) ;
#7138 = CARTESIAN_POINT ( 'NONE',  ( 977.7932074315651789, 122.0089775570694854, 37.01431338656013992 ) ) ;
#7139 = DIRECTION ( 'NONE',  ( 0.000000000000000000, 0.000000000000000000, 1.000000000000000000 ) ) ;
#7140 = DIRECTION ( 'NONE',  ( 0.000000000000000000, 0.000000000000000000, 1.000000000000000000 ) ) ;
#7141 = CARTESIAN_POINT ( 'NONE',  ( 975.2932074315651789, 103.1497787695729755, 74.94246553048621706 ) ) ;
#7142 = CARTESIAN_POINT ( 'NONE',  ( 969.0366317484429146, 124.0538572045516048, -29.44314781828168393 ) ) ;
#7143 = VERTEX_POINT ( 'NONE', #6134 ) ;
#7144 = DIRECTION ( 'NONE',  ( -1.000000000000000000, -0.000000000000000000, -0.000000000000000000 ) ) ;
#7145 = TOROIDAL_SURFACE ( 'NONE', #8317, 145.1627378425959591, 2.500000000000000000 ) ;
#7146 = ORIENTED_EDGE ( 'NONE', *, *, #2245, .T. ) ;
#7147 = VECTOR ( 'NONE', #6772, 1000.000000000000000 ) ;
#7148 = VERTEX_POINT ( 'NONE', #8262 ) ;
#7149 = ORIENTED_EDGE ( 'NONE', *, *, #7976, .F. ) ;
#7150 = CARTESIAN_POINT ( 'NONE',  ( 975.2932074315651789, -71.96753237915946499, -12.23414415701335756 ) ) ;
#7151 = CARTESIAN_POINT ( 'NONE',  ( 977.7272465782217523, 50.49322266658082015, -117.0759383478864066 ) ) ;
#7152 = ADVANCED_FACE ( 'NONE', ( #6188 ), #566, .T. ) ;
#7153 = CARTESIAN_POINT ( 'NONE',  ( 0.000000000000000000, 0.000000000000000000, 127.4999999999998295 ) ) ;
#7155 = AXIS2_PLACEMENT_3D ( 'NONE', #398, #1169, #2430 ) ;
#7154 = CARTESIAN_POINT ( 'NONE',  ( 977.5402670494211179, -76.06454314189700483, -102.3252567703916469 ) ) ;
#7156 = DIRECTION ( 'NONE',  ( 0.000000000000000000, 0.000000000000000000, 1.000000000000000000 ) ) ;
#7157 = ORIENTED_EDGE ( 'NONE', *, *, #4172, .T. ) ;
#7158 = ORIENTED_EDGE ( 'NONE', *, *, #8780, .F. ) ;
#7159 = CARTESIAN_POINT ( 'NONE',  ( 977.7932074315649515, -64.75430920436126314, -109.8327767126895083 ) ) ;
#7160 = EDGE_CURVE ( 'NONE', #262, #7812, #479, .T. ) ;
#7161 = EDGE_CURVE ( 'NONE', #8628, #6438, #3856, .T. ) ;
#7162 = CARTESIAN_POINT ( 'NONE',  ( 976.8447230752969972, 58.48532727358136185, 43.68611028497799254 ) ) ;
#7163 = CARTESIAN_POINT ( 'NONE',  ( 976.8184840389475312, 127.0659014684651140, 10.51261110963729450 ) ) ;
#7164 = ADVANCED_FACE ( 'NONE', ( #5556 ), #1344, .T. ) ;
#7165 = DIRECTION ( 'NONE',  ( 0.000000000000000000, 0.000000000000000000, 1.000000000000000000 ) ) ;
#7166 = CARTESIAN_POINT ( 'NONE',  ( 976.5466784714077448, -96.73816593572205136, -83.05411223852114233 ) ) ;
#7167 = ORIENTED_EDGE ( 'NONE', *, *, #2763, .F. ) ;
#7168 = ORIENTED_EDGE ( 'NONE', *, *, #6492, .F. ) ;
#7169 = B_SPLINE_CURVE_WITH_KNOTS ( 'NONE', 3,
 ( #6837, #8878, #697, #3349, #7367, #8009, #4022, #3448, #2773, #6073, #4744, #8831, #2673, #2725, #5460, #8197, #1864, #7508 ),
 .UNSPECIFIED., .F., .F.,
 ( 4, 2, 2, 2, 2, 2, 2, 2, 4 ),
 ( 7.589415207398531038E-19, 0.0005014719534716569581, 0.001002943906943313049, 0.001504415860414969573, 0.002005887813886625664, 0.002507359767358281321, 0.003008831720829937412, 0.003510303674301592635, 0.004011775627773248726 ),
 .UNSPECIFIED. ) ;
#7170 = CARTESIAN_POINT ( 'NONE',  ( 969.4877991597930986, -121.2991581833085348, -39.27808743326243501 ) ) ;
#7171 = ORIENTED_EDGE ( 'NONE', *, *, #2921, .F. ) ;
#7172 = CARTESIAN_POINT ( 'NONE',  ( 968.1216482860448878, -11.25070440443291986, 127.0027174128826317 ) ) ;
#7173 = DIRECTION ( 'NONE',  ( 0.000000000000000000, 0.000000000000000000, 1.000000000000000000 ) ) ;
#7174 = EDGE_CURVE ( 'NONE', #1436, #1543, #2493, .T. ) ;
#7175 = CARTESIAN_POINT ( 'NONE',  ( 975.4734716392106293, 71.96753237915953605, 12.23414415701288327 ) ) ;
#7176 = DIRECTION ( 'NONE',  ( 0.000000000000000000, 0.000000000000000000, 1.000000000000000000 ) ) ;
#7177 = VERTEX_POINT ( 'NONE', #7065 ) ;
#7178 = CARTESIAN_POINT ( 'NONE',  ( 970.2932074315650652, 48.78900844669485082, -117.7959364952302934 ) ) ;
#7179 = CARTESIAN_POINT ( 'NONE',  ( 977.1970314762214684, -59.82705642318173744, 41.82987676011266842 ) ) ;
#7180 = CARTESIAN_POINT ( 'NONE',  ( 976.4030299189489597, -82.99553280163731017, 96.78840587692263853 ) ) ;
#7181 = CARTESIAN_POINT ( 'NONE',  ( 1036.782757869134684, -10.60382802656750911, -72.22574908703218455 ) ) ;
#7182 = DIRECTION ( 'NONE',  ( 0.000000000000000000, 0.000000000000000000, 1.000000000000000000 ) ) ;
#7183 = CARTESIAN_POINT ( 'NONE',  ( 1005.926540764898505, 0.000000000000000000, 30.99999999999991473 ) ) ;
#7184 = DIRECTION ( 'NONE',  ( 1.000000000000000000, 0.000000000000000000, 0.000000000000000000 ) ) ;
#7185 = ORIENTED_EDGE ( 'NONE', *, *, #4636, .T. ) ;
#7186 = EDGE_LOOP ( 'NONE', ( #361, #2283 ) ) ;
#7187 = CARTESIAN_POINT ( 'NONE',  ( 977.1768636741708178, 120.9949019562786248, -40.20568363238803755 ) ) ;
#7188 = EDGE_LOOP ( 'NONE', ( #737, #2447, #2230, #4076 ) ) ;
#7189 = CARTESIAN_POINT ( 'NONE',  ( 969.5872790110972801, 64.71573405268199508, 33.77685105961877099 ) ) ;
#7190 = DIRECTION ( 'NONE',  ( 0.000000000000000000, 0.000000000000000000, -1.000000000000000000 ) ) ;
#7191 = CARTESIAN_POINT ( 'NONE',  ( 967.7932074315654063, 27.48328494159121149, 124.5027967644058435 ) ) ;
#7192 = CARTESIAN_POINT ( 'NONE',  ( 976.6287946620491311, -72.04013030678210328, -11.79970527586421269 ) ) ;
#7193 = FACE_OUTER_BOUND ( 'NONE', #5551, .T. ) ;
#7194 = VERTEX_POINT ( 'NONE', #6271 ) ;
#7195 = VERTEX_POINT ( 'NONE', #3549 ) ;
#7196 = EDGE_CURVE ( 'NONE', #5039, #8562, #5511, .T. ) ;
#7197 = STYLED_ITEM ( 'NONE', ( #1274 ), #4670 ) ;
#7198 = CARTESIAN_POINT ( 'NONE',  ( 968.0784268819819545, -51.10352022674803152, 52.12921440066187273 ) ) ;
#7199 = DIRECTION ( 'NONE',  ( 1.000000000000000000, -0.000000000000000000, -0.000000000000000000 ) ) ;
#7200 = EDGE_CURVE ( 'NONE', #4158, #2158, #4931, .T. ) ;
#7201 = CARTESIAN_POINT ( 'NONE',  ( 977.7932074315650652, 126.9182108726650000, 12.17074976471334757 ) ) ;
#7202 = AXIS2_PLACEMENT_3D ( 'NONE', #1007, #3741, #1320 ) ;
#7203 = AXIS2_PLACEMENT_3D ( 'NONE', #2573, #3199, #7310 ) ;
#7204 = CARTESIAN_POINT ( 'NONE',  ( 970.1281350223662230, 127.4999999998575078, -0.0001905234625065854986 ) ) ;
#7205 = CYLINDRICAL_SURFACE ( 'NONE', #1517, 72.99999999999981526 ) ;
#7206 = VERTEX_POINT ( 'NONE', #2156 ) ;
#7207 = EDGE_CURVE ( 'NONE', #3498, #1299, #4605, .T. ) ;
#7208 = EDGE_CURVE ( 'NONE', #5901, #5455, #8515, .T. ) ;
#7209 = VERTEX_POINT ( 'NONE', #887 ) ;
#7210 = EDGE_CURVE ( 'NONE', #7921, #439, #1205, .T. ) ;
#7211 = CARTESIAN_POINT ( 'NONE',  ( 968.6815957473301069, -33.00722074138258222, -65.11172533632569071 ) ) ;
#7212 = ORIENTED_EDGE ( 'NONE', *, *, #3612, .F. ) ;
#7213 = TOROIDAL_SURFACE ( 'NONE', #3370, 160.1627378425955612, 2.500000000000000000 ) ;
#7214 = CARTESIAN_POINT ( 'NONE',  ( 968.3024195543165433, -10.97912640346180346, 127.0264829209612145 ) ) ;
#7215 = CARTESIAN_POINT ( 'NONE',  ( 970.2932074315650652, -75.31834776957833810, 179.7340247757211955 ) ) ;
#7216 = DIRECTION ( 'NONE',  ( -1.000000000000000000, -0.000000000000000000, -0.000000000000000000 ) ) ;
#7217 = CIRCLE ( 'NONE', #4511, 127.4999999999997868 ) ;
#7218 = VERTEX_POINT ( 'NONE', #4212 ) ;
#7219 = AXIS2_PLACEMENT_3D ( 'NONE', #5245, #1201, #3934 ) ;
#7220 = EDGE_CURVE ( 'NONE', #3050, #5510, #4896, .T. ) ;
#7221 = ORIENTED_EDGE ( 'NONE', *, *, #370, .T. ) ;
#7222 = EDGE_CURVE ( 'NONE', #2827, #2060, #6224, .T. ) ;
#7223 = TOROIDAL_SURFACE ( 'NONE', #3380, 160.1627378425955612, 2.500000000000000000 ) ;
#7224 = CIRCLE ( 'NONE', #6240, 127.4999999999997868 ) ;
#7225 = DIRECTION ( 'NONE',  ( 1.000000000000000000, 0.000000000000000000, 0.000000000000000000 ) ) ;
#7226 = CARTESIAN_POINT ( 'NONE',  ( 977.7932074315651789, -120.4638038423329078, 41.76986909048088847 ) ) ;
#7227 = CARTESIAN_POINT ( 'NONE',  ( 976.1000973941282837, -82.89974345545536494, 96.87046253757262093 ) ) ;
#7228 = CARTESIAN_POINT ( 'NONE',  ( 967.7932074315647242, 104.4106017662836621, 73.17639806922502999 ) ) ;
#7229 = DIRECTION ( 'NONE',  ( -1.000000000000000000, -0.000000000000000000, -0.000000000000000000 ) ) ;
#7230 = CARTESIAN_POINT ( 'NONE',  ( 969.1618290769855548, -69.63472463436534099, 21.90912810644299569 ) ) ;
#7231 = LINE ( 'NONE', #7183, #1991 ) ;
#7232 = ORIENTED_EDGE ( 'NONE', *, *, #8428, .F. ) ;
#7233 = FACE_OUTER_BOUND ( 'NONE', #6394, .T. ) ;
#7234 = VERTEX_POINT ( 'NONE', #6980 ) ;
#7235 = ORIENTED_EDGE ( 'NONE', *, *, #1419, .T. ) ;
#7236 = CYLINDRICAL_SURFACE ( 'NONE', #2569, 75.49999999999987210 ) ;
#7237 = ADVANCED_FACE ( 'NONE', ( #3046 ), #7935, .F. ) ;
#7238 = VERTEX_POINT ( 'NONE', #200 ) ;
#7239 = CARTESIAN_POINT ( 'NONE',  ( 967.7932074315651789, -68.42831489562409786, -25.42765660742794864 ) ) ;
#7240 = CARTESIAN_POINT ( 'NONE',  ( 969.6300527781542087, 69.27425060708178250, 23.02345452594224895 ) ) ;
#7241 = CARTESIAN_POINT ( 'NONE',  ( 977.5758751313187531, 12.29676709041785010, 71.95706184334501643 ) ) ;
#7242 = CARTESIAN_POINT ( 'NONE',  ( 968.1111217781452751, 69.94646526849042800, -20.89288363201738363 ) ) ;
#7243 = CARTESIAN_POINT ( 'NONE',  ( 969.4877991597930986, 121.2991581833088333, 39.27808743326164631 ) ) ;
#7244 = DIRECTION ( 'NONE',  ( 1.000000000000000000, -0.000000000000000000, -0.000000000000000000 ) ) ;
#7245 = VERTEX_POINT ( 'NONE', #2916 ) ;
#7246 = VERTEX_POINT ( 'NONE', #2277 ) ;
#7247 = FACE_OUTER_BOUND ( 'NONE', #2669, .T. ) ;
#7248 = CIRCLE ( 'NONE', #2386, 127.4999999999997868 ) ;
#7249 = CARTESIAN_POINT ( 'NONE',  ( 967.7932074315651789, -75.31834776957833810, 34.57128693312525058 ) ) ;
#7250 = CARTESIAN_POINT ( 'NONE',  ( 970.2932074315650652, 71.96753237915953605, 12.23414415701288682 ) ) ;
#7251 = FACE_OUTER_BOUND ( 'NONE', #729, .T. ) ;
#7252 = CARTESIAN_POINT ( 'NONE',  ( 967.8595308706298965, 127.4870473744651207, -1.842037185916383324 ) ) ;
#7253 = VERTEX_POINT ( 'NONE', #2958 ) ;
#7254 = ORIENTED_EDGE ( 'NONE', *, *, #8121, .T. ) ;
#7255 = CARTESIAN_POINT ( 'NONE',  ( 968.3375251523920042, -33.37410808616794355, -64.92448295781923662 ) ) ;
#7256 = ORIENTED_EDGE ( 'NONE', *, *, #4932, .F. ) ;
#7257 = FACE_OUTER_BOUND ( 'NONE', #131, .T. ) ;
#7258 = EDGE_CURVE ( 'NONE', #275, #3345, #916, .T. ) ;
#7259 = DIRECTION ( 'NONE',  ( -1.000000000000000000, -0.000000000000000000, -0.000000000000000000 ) ) ;
#7260 = CARTESIAN_POINT ( 'NONE',  ( 968.6380338253292166, -124.1200115857051713, 29.16309570550482988 ) ) ;
#7261 = CARTESIAN_POINT ( 'NONE',  ( 975.2932074315651789, 179.7340247757214513, 75.31834776957768440 ) ) ;
#7262 = VERTEX_POINT ( 'NONE', #7744 ) ;
#7263 = B_SPLINE_CURVE_WITH_KNOTS ( 'NONE', 3,
 ( #1653, #7191, #8684, #2536, #2494, #6604, #8510, #5276, #5108, #4384, #7964, #3840, #6525, #8601, #3800, #1824 ),
 .UNSPECIFIED., .F., .F.,
 ( 4, 2, 2, 2, 2, 2, 2, 4 ),
 ( 0.000000000000000000, 0.0004891428882835900487, 0.0009782857765671800973, 0.001467428664850770146, 0.001956571553134360195, 0.002445714441417950243, 0.002934857329701540292, 0.003913143106268723859 ),
 .UNSPECIFIED. ) ;
#7264 = ADVANCED_FACE ( 'NONE', ( #2239 ), #8378, .F. ) ;
#7265 = DIRECTION ( 'NONE',  ( 0.000000000000000000, 0.000000000000000000, -1.000000000000000000 ) ) ;
#7266 = CARTESIAN_POINT ( 'NONE',  ( 977.1768636741708178, -120.9949019562783548, 40.20568363238889731 ) ) ;
#7267 = CARTESIAN_POINT ( 'NONE',  ( 968.1216482860448878, 11.25070440443384356, -127.0027174128825749 ) ) ;
#7268 = CIRCLE ( 'NONE', #5281, 147.6627378425959876 ) ;
#7269 = CIRCLE ( 'NONE', #1988, 157.6627378425955328 ) ;
#7270 = CARTESIAN_POINT ( 'NONE',  ( 967.7932074315651789, -127.4754850237272166, 2.500143588965387131 ) ) ;
#7271 = CARTESIAN_POINT ( 'NONE',  ( 969.6300527781542087, -69.57689304089353755, 22.09201688974914290 ) ) ;
#7272 = CARTESIAN_POINT ( 'NONE',  ( 986.7932074315651789, 9.521628863370656191E-15, -77.74999999999987210 ) ) ;
#7273 = EDGE_LOOP ( 'NONE', ( #4194, #1799, #3322, #5396 ) ) ;
#7274 = EDGE_CURVE ( 'NONE', #2659, #5027, #1515, .T. ) ;
#7275 = CARTESIAN_POINT ( 'NONE',  ( 969.9570765531306051, 59.30345269619016335, -42.56878849335084425 ) ) ;
#7276 = ORIENTED_EDGE ( 'NONE', *, *, #2305, .T. ) ;
#7277 = ORIENTED_EDGE ( 'NONE', *, *, #7788, .T. ) ;
#7278 = CARTESIAN_POINT ( 'NONE',  ( 967.7932074315650652, -37.33023988404842441, 121.9131337706588596 ) ) ;
#7279 = AXIS2_PLACEMENT_3D ( 'NONE', #6368, #5652, #2887 ) ;
#7280 = AXIS2_PLACEMENT_3D ( 'NONE', #33, #2069, #3941 ) ;
#7281 = VERTEX_POINT ( 'NONE', #5237 ) ;
#7282 = CARTESIAN_POINT ( 'NONE',  ( 977.7136058903372486, 102.0493834606367898, -76.43427785124110585 ) ) ;
#7283 = CIRCLE ( 'NONE', #117, 72.99999999999987210 ) ;
#7284 = CARTESIAN_POINT ( 'NONE',  ( 967.7932074315651789, 68.48732071652857201, 25.26886616299735877 ) ) ;
#7285 = LINE ( 'NONE', #7153, #4651 ) ;
#7286 = CARTESIAN_POINT ( 'NONE',  ( 967.9165188163373159, 70.07746072440268392, -20.44930107203732206 ) ) ;
#7287 = CARTESIAN_POINT ( 'NONE',  ( 975.6233520302654370, -74.94277380392607313, -103.1495547958086689 ) ) ;
#7288 = PLANE ( 'NONE',  #6358 ) ;
#7289 = ADVANCED_FACE ( 'NONE', ( #1154 ), #7288, .T. ) ;
#7290 = ORIENTED_EDGE ( 'NONE', *, *, #203, .F. ) ;
#7291 = EDGE_LOOP ( 'NONE', ( #6055, #3586, #6301, #1080, #2173, #7671, #160, #1689 ) ) ;
#7292 = DIRECTION ( 'NONE',  ( -1.000000000000000000, -0.000000000000000000, -0.000000000000000000 ) ) ;
#7293 = VECTOR ( 'NONE', #1083, 1000.000000000000000 ) ;
#7294 = CARTESIAN_POINT ( 'NONE',  ( 975.9622145319366382, 58.76813520850675587, 43.30482172372075667 ) ) ;
#7295 = LINE ( 'NONE', #346, #2208 ) ;
#7296 = CARTESIAN_POINT ( 'NONE',  ( 977.7406944467918493, 71.86948023612900727, -12.80213773557350088 ) ) ;
#7297 = CARTESIAN_POINT ( 'NONE',  ( 976.9470595414691161, -10.61828300590373075, 127.0571346497964811 ) ) ;
#7298 = ORIENTED_EDGE ( 'NONE', *, *, #3238, .T. ) ;
#7299 = EDGE_LOOP ( 'NONE', ( #860, #2135, #5103, #5188, #8633, #248, #8094, #5469 ) ) ;
#7300 = FACE_OUTER_BOUND ( 'NONE', #6191, .T. ) ;
#7301 = CARTESIAN_POINT ( 'NONE',  ( 976.4022747810961391, -0.2537599291833119719, -127.4997627480054803 ) ) ;
#7302 = DIRECTION ( 'NONE',  ( -1.000000000000000000, -0.000000000000000000, -0.000000000000000000 ) ) ;
#7303 = FACE_OUTER_BOUND ( 'NONE', #8746, .T. ) ;
#7304 = FACE_OUTER_BOUND ( 'NONE', #3611, .T. ) ;
#7305 = CARTESIAN_POINT ( 'NONE',  ( 1007.993207431565224, -33.59192716851524807, -38.96032122852795254 ) ) ;
#7306 = ORIENTED_EDGE ( 'NONE', *, *, #6363, .T. ) ;
#7307 = ADVANCED_FACE ( 'NONE', ( #7833 ), #8650, .F. ) ;
#7308 = DIRECTION ( 'NONE',  ( 0.000000000000000000, 0.000000000000000000, 1.000000000000000000 ) ) ;
#7309 = CARTESIAN_POINT ( 'NONE',  ( 976.5476831198558330, 121.3617620186104062, 39.08428167860938629 ) ) ;
#7310 = DIRECTION ( 'NONE',  ( 0.000000000000000000, 0.000000000000000000, -1.000000000000000000 ) ) ;
#7311 = CARTESIAN_POINT ( 'NONE',  ( 967.7932074315654063, -27.48328494159032331, -124.5027967644060283 ) ) ;
#7312 = CARTESIAN_POINT ( 'NONE',  ( 968.0369480910057973, 72.97558534144104669, 1.894296700382550824 ) ) ;
#7313 = VERTEX_POINT ( 'NONE', #7918 ) ;
#7314 = CARTESIAN_POINT ( 'NONE',  ( 975.6324830688729435, -22.95652825987213674, 69.29645813937578680 ) ) ;
#7315 = ORIENTED_EDGE ( 'NONE', *, *, #3917, .T. ) ;
#7316 = ADVANCED_FACE ( 'NONE', ( #5899 ), #3516, .F. ) ;
#7317 = ORIENTED_EDGE ( 'NONE', *, *, #1276, .F. ) ;
#7318 = DIRECTION ( 'NONE',  ( -1.000000000000000000, -0.000000000000000000, -0.000000000000000000 ) ) ;
#7319 = EDGE_CURVE ( 'NONE', #5132, #2233, #3747, .T. ) ;
#7320 = ORIENTED_EDGE ( 'NONE', *, *, #578, .F. ) ;
#7321 = CARTESIAN_POINT ( 'NONE',  ( 977.1970314762214684, 41.82987676011286737, 59.82705642318158823 ) ) ;
#7322 = CARTESIAN_POINT ( 'NONE',  ( 977.5758751313186394, -32.34700619779707864, 65.44234424317821208 ) ) ;
#7323 = DIRECTION ( 'NONE',  ( -1.000000000000000000, -0.000000000000000000, -0.000000000000000000 ) ) ;
#7324 = CARTESIAN_POINT ( 'NONE',  ( 977.4635654086101795, -102.4108117249198528, 75.94928632326433160 ) ) ;
#7325 = CARTESIAN_POINT ( 'NONE',  ( 975.2932074315651789, 0.4006621794151537519, -72.99890046992466353 ) ) ;
#7326 = ORIENTED_EDGE ( 'NONE', *, *, #2284, .F. ) ;
#7327 = CARTESIAN_POINT ( 'NONE',  ( 967.7932074315651789, 101.8595405614420173, -76.68763258958459517 ) ) ;
#7328 = ORIENTED_EDGE ( 'NONE', *, *, #190, .F. ) ;
#7329 = CARTESIAN_POINT ( 'NONE',  ( 977.6656042090995697, 41.00810288880948917, 120.7253427991526280 ) ) ;
#7330 = CARTESIAN_POINT ( 'NONE',  ( 0.000000000000000000, 0.000000000000000000, 30.99999999999991473 ) ) ;
#7331 = ADVANCED_FACE ( 'NONE', ( #3924 ), #7878, .T. ) ;
#7332 = CARTESIAN_POINT ( 'NONE',  ( 968.3908861589637809, 1.322597455190879678, -72.98812135204417473 ) ) ;
#7333 = DIRECTION ( 'NONE',  ( 0.000000000000000000, 0.000000000000000000, -1.000000000000000000 ) ) ;
#7334 = FACE_BOUND ( 'NONE', #4273, .T. ) ;
#7335 = CARTESIAN_POINT ( 'NONE',  ( 969.1618290769858959, -43.45781323626759018, 58.65512115757761791 ) ) ;
#7336 = DIRECTION ( 'NONE',  ( -1.000000000000000000, -0.000000000000000000, -0.000000000000000000 ) ) ;
#7337 = VECTOR ( 'NONE', #1599, 1000.000000000000000 ) ;
#7338 = ORIENTED_EDGE ( 'NONE', *, *, #2296, .T. ) ;
#7339 = FACE_OUTER_BOUND ( 'NONE', #4849, .T. ) ;
#7340 = CARTESIAN_POINT ( 'NONE',  ( 969.0366317484428009, -127.0806623096799655, -10.33265250115138123 ) ) ;
#7341 = CARTESIAN_POINT ( 'NONE',  ( 969.1823241134991349, -10.25459764201962187, 127.0869669635396377 ) ) ;
#7342 = CYLINDRICAL_SURFACE ( 'NONE', #5699, 147.6627378425959591 ) ;
#7343 = AXIS2_PLACEMENT_3D ( 'NONE', #1908, #3923, #3218 ) ;
#7344 = CARTESIAN_POINT ( 'NONE',  ( 975.2932074315651789, -117.7959364952304639, -48.78900844669439607 ) ) ;
#7345 = CARTESIAN_POINT ( 'NONE',  ( 970.2932074315650652, -0.0001905234629517504538, -127.4999999998575078 ) ) ;
#7346 = CARTESIAN_POINT ( 'NONE',  ( 970.2932074315650652, 75.31834776957963129, -179.7340247757206839 ) ) ;
#7347 = AXIS2_PLACEMENT_3D ( 'NONE', #4660, #8211, #7381 ) ;
#7348 = VECTOR ( 'NONE', #8227, 1000.000000000000000 ) ;
#7349 = DIRECTION ( 'NONE',  ( -1.000000000000000000, -0.000000000000000000, -0.000000000000000000 ) ) ;
#7350 = VERTEX_POINT ( 'NONE', #1777 ) ;
#7351 = DIRECTION ( 'NONE',  ( 1.000000000000000000, 0.000000000000000000, 0.000000000000000000 ) ) ;
#7352 = CARTESIAN_POINT ( 'NONE',  ( 975.2932074315651789, 121.2597647024848300, 39.39948558417965074 ) ) ;
#7353 =( NAMED_UNIT ( * ) PLANE_ANGLE_UNIT ( ) SI_UNIT ( $, .RADIAN. ) );
#7354 = CARTESIAN_POINT ( 'NONE',  ( 969.5872790110975075, 65.36500059115171268, -32.50259373034516130 ) ) ;
#7355 = VECTOR ( 'NONE', #8638, 1000.000000000000000 ) ;
#7356 = CARTESIAN_POINT ( 'NONE',  ( 968.3072454628944570, -127.4963619775274850, 0.9727879456186073748 ) ) ;
#7357 = CARTESIAN_POINT ( 'NONE',  ( 975.9951027213822954, 65.36561503933434381, -32.50135758909612349 ) ) ;
#7358 = EDGE_LOOP ( 'NONE', ( #1375, #7530, #1095, #7607 ) ) ;
#7359 = CARTESIAN_POINT ( 'NONE',  ( 968.6380338253291029, -109.0332536396307717, 66.09094512805793897 ) ) ;
#7360 = ORIENTED_EDGE ( 'NONE', *, *, #4255, .T. ) ;
#7361 = VERTEX_POINT ( 'NONE', #6654 ) ;
#7362 = CARTESIAN_POINT ( 'NONE',  ( 975.2932074315651789, -101.1368664649716322, -166.5788324321706853 ) ) ;
#7363 = AXIS2_PLACEMENT_3D ( 'NONE', #990, #3727, #5206 ) ;
#7364 = AXIS2_PLACEMENT_3D ( 'NONE', #2985, #2309, #8544 ) ;
#7365 = CARTESIAN_POINT ( 'NONE',  ( 977.7932074315648379, 40.55486591204207514, 60.69869519524628032 ) ) ;
#7366 = DIRECTION ( 'NONE',  ( -1.000000000000000000, -0.000000000000000000, -0.000000000000000000 ) ) ;
#7367 = CARTESIAN_POINT ( 'NONE',  ( 969.4678067838158313, -0.5433790494561794304, 72.99801030505580002 ) ) ;
#7368 = CARTESIAN_POINT ( 'NONE',  ( 977.1768636741710452, -102.6487504311408543, 75.62735834790547074 ) ) ;
#7369 = CARTESIAN_POINT ( 'NONE',  ( 969.0366317484431420, -83.05543062759116424, 96.73703470771603463 ) ) ;
#7370 = ADVANCED_FACE ( 'NONE', ( #7193 ), #2496, .F. ) ;
#7371 = CIRCLE ( 'NONE', #4962, 2.499999999999998668 ) ;
#7372 = CARTESIAN_POINT ( 'NONE',  ( 975.2932074315651789, 43.23181964193804561, -58.82184773064273742 ) ) ;
#7373 = VERTEX_POINT ( 'NONE', #5768 ) ;
#7374 = CARTESIAN_POINT ( 'NONE',  ( 967.7932074315651789, 189.6788945569598468, -44.71118576450859905 ) ) ;
#7375 = ORIENTED_EDGE ( 'NONE', *, *, #380, .T. ) ;
#7376 = CARTESIAN_POINT ( 'NONE',  ( 975.2932074315651789, 179.7340247757214513, 75.31834776957768440 ) ) ;
#7377 = DIRECTION ( 'NONE',  ( 1.000000000000000000, 0.000000000000000000, 0.000000000000000000 ) ) ;
#7378 = B_SPLINE_CURVE_WITH_KNOTS ( 'NONE', 3,
 ( #5195, #6398, #244, #3000, #5730, #5767, #5063, #1654, #4517, #293, #2361, #5109, #5467, #3407, #7327, #3315 ),
 .UNSPECIFIED., .F., .F.,
 ( 4, 2, 2, 2, 2, 2, 2, 4 ),
 ( 0.000000000000000000, 0.0004881883398703359446, 0.0009763766797406718892, 0.001464565019611007834, 0.001952753359481343778, 0.002440941699351679723, 0.002929130039222015668, 0.003905506718962761283 ),
 .UNSPECIFIED. ) ;
#7379 = CARTESIAN_POINT ( 'NONE',  ( 976.6287946620489038, -51.89028826434429931, 51.34599695262182451 ) ) ;
#7380 = CARTESIAN_POINT ( 'NONE',  ( 976.8184840389474175, -124.0954290786341829, 29.26743566023193210 ) ) ;
#7381 = DIRECTION ( 'NONE',  ( 0.000000000000000000, 0.000000000000000000, -1.000000000000000000 ) ) ;
#7382 = EDGE_CURVE ( 'NONE', #6763, #5328, #8512, .T. ) ;
#7383 = CARTESIAN_POINT ( 'NONE',  ( 975.2932074315651789, 71.96753237915953605, 12.23414415701288682 ) ) ;
#7384 = ORIENTED_EDGE ( 'NONE', *, *, #8699, .F. ) ;
#7385 = ADVANCED_FACE ( 'NONE', ( #2362 ), #6842, .T. ) ;
#7386 = ORIENTED_EDGE ( 'NONE', *, *, #3653, .T. ) ;
#7387 = DIRECTION ( 'NONE',  ( 0.000000000000000000, 0.000000000000000000, 1.000000000000000000 ) ) ;
#7388 = CARTESIAN_POINT ( 'NONE',  ( 975.4734716392106293, -32.40382364169406770, -65.41400624788195728 ) ) ;
#7389 = CARTESIAN_POINT ( 'NONE',  ( 1043.814912118905340, 82.80205065214671833, -96.95396024814721159 ) ) ;
#7390 = CARTESIAN_POINT ( 'NONE',  ( 976.5476831198557193, 127.4996018484887941, -0.3314861558801587282 ) ) ;
#7391 = FACE_OUTER_BOUND ( 'NONE', #1730, .T. ) ;
#7392 = DIRECTION ( 'NONE',  ( 1.000000000000000000, 0.000000000000000000, 0.000000000000000000 ) ) ;
#7393 = DIRECTION ( 'NONE',  ( 1.000000000000000000, 0.000000000000000000, 0.000000000000000000 ) ) ;
#7394 = VERTEX_POINT ( 'NONE', #8834 ) ;
#7395 = EDGE_CURVE ( 'NONE', #7738, #1605, #2010, .T. ) ;
#7396 = VERTEX_POINT ( 'NONE', #4747 ) ;
#7397 = CARTESIAN_POINT ( 'NONE',  ( 970.2932074315650652, -127.1728735659488621, -0.0001718287348784468954 ) ) ;
#7398 = CARTESIAN_POINT ( 'NONE',  ( 970.2932074315650652, -42.58353461763771719, -59.29285437106591417 ) ) ;
#7399 = FILL_AREA_STYLE_COLOUR ( '', #6619 ) ;
#7400 = CARTESIAN_POINT ( 'NONE',  ( 968.2424519787780355, 64.85623953358653182, -33.50661079783910878 ) ) ;
#7401 = DIRECTION ( 'NONE',  ( 0.000000000000000000, 0.000000000000000000, 1.000000000000000000 ) ) ;
#7402 = CARTESIAN_POINT ( 'NONE',  ( 977.7932074315651789, -60.79256065741288495, 40.41366809279696781 ) ) ;
#7403 = CARTESIAN_POINT ( 'NONE',  ( 968.1111217781452751, 72.97929768920198512, 1.744333341994160902 ) ) ;
#7404 = ORIENTED_EDGE ( 'NONE', *, *, #5754, .F. ) ;
#7405 = CARTESIAN_POINT ( 'NONE',  ( 977.7770235444020273, -2.172812506020059153, -127.4815844785061927 ) ) ;
#7406 = ORIENTED_EDGE ( 'NONE', *, *, #3190, .F. ) ;
#7407 = ORIENTED_EDGE ( 'NONE', *, *, #3843, .F. ) ;
#7408 = CARTESIAN_POINT ( 'NONE',  ( 976.4022747810960254, 121.1810640569677133, -39.64093350213160249 ) ) ;
#7409 = DIRECTION ( 'NONE',  ( 0.000000000000000000, 0.000000000000000000, 1.000000000000000000 ) ) ;
#7410 = CARTESIAN_POINT ( 'NONE',  ( 968.2886015245320550, 68.96305520319813809, 23.93987483379565973 ) ) ;
#7411 = AXIS2_PLACEMENT_3D ( 'NONE', #3751, #8599, #376 ) ;
#7412 = CARTESIAN_POINT ( 'NONE',  ( 969.5872790110972801, 12.12543267445378170, -71.98594157152089679 ) ) ;
#7413 = CARTESIAN_POINT ( 'NONE',  ( 968.3908861589637809, 69.82453351437412437, -21.29670495708780109 ) ) ;
#7414 = CARTESIAN_POINT ( 'NONE',  ( 976.5738051988838606, 59.50681755281283358, -42.28413890414967824 ) ) ;
#7415 = CARTESIAN_POINT ( 'NONE',  ( 968.7637114205684838, -83.19475746858269360, 96.61723847492314121 ) ) ;
#7416 = CARTESIAN_POINT ( 'NONE',  ( 977.7167836271273700, 44.80543781807122627, -57.63245409863635160 ) ) ;
#7417 = ORIENTED_EDGE ( 'NONE', *, *, #7664, .T. ) ;
#7418 = VECTOR ( 'NONE', #4576, 1000.000000000000000 ) ;
#7419 = CARTESIAN_POINT ( 'NONE',  ( 975.6498138585351398, -12.21217558841381035, 71.97127650669050070 ) ) ;
#7420 = AXIS2_PLACEMENT_3D ( 'NONE', #2027, #3553, #1662 ) ;
#7421 = ORIENTED_EDGE ( 'NONE', *, *, #8712, .T. ) ;
#7422 = ORIENTED_EDGE ( 'NONE', *, *, #6236, .T. ) ;
#7423 = CARTESIAN_POINT ( 'NONE',  ( 968.5562076621533834, -33.15775373479743138, 65.03524386938140367 ) ) ;
#7424 = CARTESIAN_POINT ( 'NONE',  ( 1001.793207431565179, 8.633759933988824789E-15, -70.49999999999987210 ) ) ;
#7425 = EDGE_CURVE ( 'NONE', #4289, #298, #8236, .T. ) ;
#7426 = AXIS2_PLACEMENT_3D ( 'NONE', #3916, #2445, #5976 ) ;
#7427 = CARTESIAN_POINT ( 'NONE',  ( 1041.321464998407691, 69.30226855186081991, 22.93895319245719122 ) ) ;
#7428 = AXIS2_PLACEMENT_3D ( 'NONE', #135, #1547, #7002 ) ;
#7429 = CARTESIAN_POINT ( 'NONE',  ( 977.4632779943993910, -124.2628076189819097, 28.54861536244732534 ) ) ;
#7430 = CARTESIAN_POINT ( 'NONE',  ( 975.2932074315651789, -108.7098512239556385, 66.62145485401389067 ) ) ;
#7431 = DIRECTION ( 'NONE',  ( 0.000000000000000000, 0.000000000000000000, 1.000000000000000000 ) ) ;
#7432 = LINE ( 'NONE', #1345, #8583 ) ;
#7433 = ORIENTED_EDGE ( 'NONE', *, *, #6848, .T. ) ;
#7434 = ORIENTED_EDGE ( 'NONE', *, *, #3413, .T. ) ;
#7435 = AXIS2_PLACEMENT_3D ( 'NONE', #220, #5038, #7932 ) ;
#7436 = CARTESIAN_POINT ( 'NONE',  ( 968.3024195543165433, -96.31321483572652653, -83.54659315531452535 ) ) ;
#7437 = DIRECTION ( 'NONE',  ( -1.000000000000000000, -0.000000000000000000, -0.000000000000000000 ) ) ;
#7438 = EDGE_CURVE ( 'NONE', #7313, #8891, #6933, .T. ) ;
#7439 = CARTESIAN_POINT ( 'NONE',  ( 969.9623921352653042, -127.1072257456102932, -10.00015816147052305 ) ) ;
#7440 = DIRECTION ( 'NONE',  ( -1.000000000000000000, -0.000000000000000000, -0.000000000000000000 ) ) ;
#7441 = CYLINDRICAL_SURFACE ( 'NONE', #3139, 7.275000000000003908 ) ;
#7442 = LINE ( 'NONE', #8223, #4444 ) ;
#7443 = DIRECTION ( 'NONE',  ( 0.000000000000000000, 0.000000000000000000, -1.000000000000000000 ) ) ;
#7444 = DIRECTION ( 'NONE',  ( -1.000000000000000000, -0.000000000000000000, -0.000000000000000000 ) ) ;
#7445 = EDGE_LOOP ( 'NONE', ( #1147, #8192, #3631, #2207 ) ) ;
#7446 = EDGE_CURVE ( 'NONE', #7018, #4597, #625, .T. ) ;
#7447 = B_SPLINE_CURVE_WITH_KNOTS ( 'NONE', 3,
 ( #5700, #5661, #7719, #2976, #5040, #7895, #905, #1589, #8487, #3645, #7125, #8405, #2252, #1749, #6500, #6418 ),
 .UNSPECIFIED., .F., .F.,
 ( 4, 2, 2, 2, 2, 2, 2, 4 ),
 ( 0.000000000000000000, 0.0004881883398703338304, 0.0009763766797406676608, 0.001464565019611001545, 0.001952753359481335322, 0.002440941699351668881, 0.002929130039222003091, 0.003905506718962798145 ),
 .UNSPECIFIED. ) ;
#7448 = DIRECTION ( 'NONE',  ( 0.000000000000000000, 0.000000000000000000, 1.000000000000000000 ) ) ;
#7449 = CARTESIAN_POINT ( 'NONE',  ( 977.1768636741708178, 121.5192398128150018, 38.59193764340817978 ) ) ;
#7450 = CARTESIAN_POINT ( 'NONE',  ( 967.7932074315650652, -71.80731935807540367, 13.14679809264757360 ) ) ;
#7451 = CARTESIAN_POINT ( 'NONE',  ( 967.8724445145011259, -27.95442885403823396, -124.3978517255552845 ) ) ;
#7452 = B_SPLINE_CURVE_WITH_KNOTS ( 'NONE', 3,
 ( #8769, #3964, #7405, #8091, #6689, #1952, #1282, #591, #3343, #8137, #1121, #3861, #7301, #6005, #1839, #2474 ),
 .UNSPECIFIED., .F., .F.,
 ( 4, 2, 2, 2, 2, 2, 2, 4 ),
 ( 0.000000000000000000, 0.0004881885400330892872, 0.0009763770800661785744, 0.001464565620099268078, 0.001952754160132357149, 0.002440942700165446219, 0.002929131240198536157, 0.003905508320265022211 ),
 .UNSPECIFIED. ) ;
#7453 = CARTESIAN_POINT ( 'NONE',  ( 969.1618290769855548, 72.99685154076053095, 0.6814942586614100017 ) ) ;
#7454 = CARTESIAN_POINT ( 'NONE',  ( 968.3024195543165433, -109.2199520017465488, 65.78199346773122613 ) ) ;
#7455 = ORIENTED_EDGE ( 'NONE', *, *, #5489, .F. ) ;
#7456 = VERTEX_POINT ( 'NONE', #6796 ) ;
#7457 = CARTESIAN_POINT ( 'NONE',  ( 968.3375251523920042, -11.16143298150359264, 72.14181860534699808 ) ) ;
#7458 = CARTESIAN_POINT ( 'NONE',  ( 1005.926540764898505, 0.000000000000000000, 0.000000000000000000 ) ) ;
#7459 = CARTESIAN_POINT ( 'NONE',  ( 970.2932074315650652, -66.62145485401345013, -108.7098512239559085 ) ) ;
#7460 = FACE_OUTER_BOUND ( 'NONE', #524, .T. ) ;
#7461 = CARTESIAN_POINT ( 'NONE',  ( 977.3428997317971607, 51.32913368933161280, -51.90707954211259079 ) ) ;
#7462 = DIRECTION ( 'NONE',  ( 0.000000000000000000, 0.000000000000000000, 1.000000000000000000 ) ) ;
#7463 = CARTESIAN_POINT ( 'NONE',  ( 968.6380338253292166, -83.27356114796097586, 96.54935235878498645 ) ) ;
#7464 = CARTESIAN_POINT ( 'NONE',  ( 968.6815957473299932, -72.07764990110824499, -11.56830938714649371 ) ) ;
#7465 = ORIENTED_EDGE ( 'NONE', *, *, #4974, .T. ) ;
#7466 = CARTESIAN_POINT ( 'NONE',  ( 977.0249106011893900, -11.44386281765820712, 72.09755706325356073 ) ) ;
#7467 = VERTEX_POINT ( 'NONE', #4844 ) ;
#7468 = EDGE_LOOP ( 'NONE', ( #2331, #3640, #171, #3408 ) ) ;
#7469 = DIRECTION ( 'NONE',  ( -1.000000000000000000, -0.000000000000000000, -0.000000000000000000 ) ) ;
#7470 = CARTESIAN_POINT ( 'NONE',  ( 975.9411352989145598, -48.86306447945194265, 117.7652408367464858 ) ) ;
#7471 = CARTESIAN_POINT ( 'NONE',  ( 977.5074755329792424, -52.12837554920749739, -51.10437686235171384 ) ) ;
#7472 = PLANE ( 'NONE',  #183 ) ;
#7473 = CARTESIAN_POINT ( 'NONE',  ( 967.8595308706297828, -76.42524569269991730, -102.0564655965699359 ) ) ;
#7474 = CARTESIAN_POINT ( 'NONE',  ( 976.4259520426954850, -58.65466572367362375, -43.45842787022926501 ) ) ;
#7475 = EDGE_CURVE ( 'NONE', #1043, #4799, #5919, .T. ) ;
#7476 = ORIENTED_EDGE ( 'NONE', *, *, #4774, .T. ) ;
#7477 = ORIENTED_EDGE ( 'NONE', *, *, #581, .T. ) ;
#7478 = CARTESIAN_POINT ( 'NONE',  ( 968.6380338253292166, -96.54935235878467381, -83.27356114796135955 ) ) ;
#7479 = EDGE_CURVE ( 'NONE', #1951, #5468, #1961, .T. ) ;
#7480 = CARTESIAN_POINT ( 'NONE',  ( 968.3072454628944570, 40.32371888669123194, 120.9556378555334675 ) ) ;
#7481 = CARTESIAN_POINT ( 'NONE',  ( 977.7932074315651789, 25.42765660742827905, -68.42831489562409786 ) ) ;
#7482 = DIRECTION ( 'NONE',  ( 0.000000000000000000, 0.000000000000000000, -1.000000000000000000 ) ) ;
#7483 = DIRECTION ( 'NONE',  ( 0.000000000000000000, 0.000000000000000000, 1.000000000000000000 ) ) ;
#7484 = CARTESIAN_POINT ( 'NONE',  ( 967.8093088641630857, 64.75179997053082559, 109.8338745882392971 ) ) ;
#7485 = EDGE_CURVE ( 'NONE', #3018, #4366, #4356, .T. ) ;
#7486 = CARTESIAN_POINT ( 'NONE',  ( 975.9411352989146735, 96.90188236946670486, 82.86299664454590186 ) ) ;
#7487 = ORIENTED_EDGE ( 'NONE', *, *, #3033, .F. ) ;
#7488 = AXIS2_PLACEMENT_3D ( 'NONE', #5410, #4024, #3402 ) ;
#7489 = CARTESIAN_POINT ( 'NONE',  ( 970.2932074315650652, 16.09113731973758732, -194.2118649119462646 ) ) ;
#7490 = CARTESIAN_POINT ( 'NONE',  ( 1001.793207431565179, -33.59192716851524807, -38.96032122852795254 ) ) ;
#7491 = CARTESIAN_POINT ( 'NONE',  ( 976.9464254848240898, 74.44197133722590820, -103.5116234979665251 ) ) ;
#7492 = CARTESIAN_POINT ( 'NONE',  ( 975.2932074315651789, 69.54989139674586340, -22.17684843932606853 ) ) ;
#7493 = CARTESIAN_POINT ( 'NONE',  ( 969.9658196246411990, -74.92937016233952363, 103.1592966869543915 ) ) ;
#7494 = CARTESIAN_POINT ( 'NONE',  ( 968.1216482860445467, -28.54594227563250186, -124.2634208423730371 ) ) ;
#7495 = EDGE_CURVE ( 'NONE', #1325, #7350, #4793, .T. ) ;
#7496 = VECTOR ( 'NONE', #5025, 1000.000000000000000 ) ;
#7497 = CARTESIAN_POINT ( 'NONE',  ( 977.2807874479374277, 117.4183149345135746, 49.69112711948152850 ) ) ;
#7498 = DIRECTION ( 'NONE',  ( 0.000000000000000000, 0.000000000000000000, -1.000000000000000000 ) ) ;
#7499 = VECTOR ( 'NONE', #8115, 1000.000000000000000 ) ;
#7500 = VERTEX_POINT ( 'NONE', #1293 ) ;
#7501 = EDGE_CURVE ( 'NONE', #6139, #4292, #5649, .T. ) ;
#7502 = ORIENTED_EDGE ( 'NONE', *, *, #3216, .T. ) ;
#7503 = CARTESIAN_POINT ( 'NONE',  ( 969.5872790110973938, -12.12543267445333406, 71.98594157152099626 ) ) ;
#7504 = CARTESIAN_POINT ( 'NONE',  ( 977.7932074315651789, 40.41366809279716676, 60.79256065741274995 ) ) ;
#7505 = CARTESIAN_POINT ( 'NONE',  ( 1042.912997761359293, 42.58353461763815773, 59.29285437106560863 ) ) ;
#7506 = CIRCLE ( 'NONE', #8387, 127.4999999999997868 ) ;
#7507 = CIRCLE ( 'NONE', #8658, 145.1627378425959591 ) ;
#7508 = CARTESIAN_POINT ( 'NONE',  ( 967.7932074315651789, -3.037626311421404157, 72.93677279940567360 ) ) ;
#7509 = CARTESIAN_POINT ( 'NONE',  ( 975.6498138585350262, 52.18351250861446289, -51.04784909149479688 ) ) ;
#7510 = DIRECTION ( 'NONE',  ( 1.000000000000000000, 0.000000000000000000, 0.000000000000000000 ) ) ;
#7511 = LINE ( 'NONE', #1384, #1924 ) ;
#7512 = CARTESIAN_POINT ( 'NONE',  ( 969.0172219968214904, 58.60499929314022438, 43.52543918245375920 ) ) ;
#7513 = DIRECTION ( 'NONE',  ( 0.000000000000000000, 3.552569766131139471E-15, 1.000000000000000000 ) ) ;
#7514 = CARTESIAN_POINT ( 'NONE',  ( 970.1235730824608936, -58.82184773064289374, -43.23181964193783955 ) ) ;
#7515 = ORIENTED_EDGE ( 'NONE', *, *, #1237, .F. ) ;
#7516 = CIRCLE ( 'NONE', #8528, 157.6627378425955328 ) ;
#7517 = CARTESIAN_POINT ( 'NONE',  ( 977.7136058903371350, 37.63274419455591158, -121.8197523381325027 ) ) ;
#7518 = ADVANCED_FACE ( 'NONE', ( #6751 ), #3785, .F. ) ;
#7519 = AXIS2_PLACEMENT_3D ( 'NONE', #8775, #3922, #651 ) ;
#7520 = ORIENTED_EDGE ( 'NONE', *, *, #1894, .F. ) ;
#7521 = ORIENTED_EDGE ( 'NONE', *, *, #8106, .F. ) ;
#7522 = DIRECTION ( 'NONE',  ( -1.000000000000000000, -0.000000000000000000, -0.000000000000000000 ) ) ;
#7523 = CARTESIAN_POINT ( 'NONE',  ( 976.4030299189489597, -49.02418001995618368, 117.6982742039767231 ) ) ;
#7524 = CARTESIAN_POINT ( 'NONE',  ( 976.4798883673448699, -51.96133957794974378, 51.27402855116628899 ) ) ;
#7525 = CIRCLE ( 'NONE', #4232, 2.249999999999988010 ) ;
#7526 = CARTESIAN_POINT ( 'NONE',  ( 975.6324830688729435, 22.15921463634268207, 69.55552103973535338 ) ) ;
#7527 = CARTESIAN_POINT ( 'NONE',  ( 977.7932074315651789, 0.000000000000000000, 0.000000000000000000 ) ) ;
#7528 = DIRECTION ( 'NONE',  ( 1.000000000000000000, 0.000000000000000000, 0.000000000000000000 ) ) ;
#7529 = ORIENTED_EDGE ( 'NONE', *, *, #2622, .T. ) ;
#7530 = ORIENTED_EDGE ( 'NONE', *, *, #1085, .F. ) ;
#7531 = CARTESIAN_POINT ( 'NONE',  ( 976.8447230752969972, -69.12260210739044908, -23.47499980900023431 ) ) ;
#7532 = DIRECTION ( 'NONE',  ( 1.000000000000000000, 0.000000000000000000, 0.000000000000000000 ) ) ;
#7533 = CARTESIAN_POINT ( 'NONE',  ( 968.6413363216277048, 39.98564712949474398, 121.0677962977511584 ) ) ;
#7534 = CARTESIAN_POINT ( 'NONE',  ( 977.7932074315650652, 127.4787219178843714, -2.335103207102492195 ) ) ;
#7535 = CARTESIAN_POINT ( 'NONE',  ( 970.2932074315650652, -66.62145485401345013, -108.7098512239559085 ) ) ;
#7536 = CARTESIAN_POINT ( 'NONE',  ( 1007.993207431565224, 0.000000000000000000, 0.000000000000000000 ) ) ;
#7537 = CARTESIAN_POINT ( 'NONE',  ( 967.7932074315651789, 45.32865070979834599, -57.22161676175413447 ) ) ;
#7538 = CARTESIAN_POINT ( 'NONE',  ( 976.9692569047347206, -21.53127202684723684, -69.75255977334948909 ) ) ;
#7539 = ORIENTED_EDGE ( 'NONE', *, *, #3795, .F. ) ;
#7540 = EDGE_CURVE ( 'NONE', #1827, #2342, #5784, .T. ) ;
#7541 = AXIS2_PLACEMENT_3D ( 'NONE', #6043, #6857, #3418 ) ;
#7542 = CARTESIAN_POINT ( 'NONE',  ( 977.5758751313187531, -64.63532255275697480, 33.93087544558827062 ) ) ;
#7543 = CARTESIAN_POINT ( 'NONE',  ( 975.6233520302655506, 74.94246553048736814, -103.1497787695721513 ) ) ;
#7544 = CARTESIAN_POINT ( 'NONE',  ( 970.2932074315650652, 32.40382364169451535, 65.41400624788172991 ) ) ;
#7545 = CARTESIAN_POINT ( 'NONE',  ( 968.3072454628944570, -74.15347931140394167, 103.7185139688428279 ) ) ;
#7546 = CARTESIAN_POINT ( 'NONE',  ( 968.7637114205684838, 96.61723847492339701, 83.19475746858238097 ) ) ;
#7547 = CARTESIAN_POINT ( 'NONE',  ( 977.7932074315651789, 72.93677279940575886, 3.037626311422208403 ) ) ;
#7548 = ORIENTED_EDGE ( 'NONE', *, *, #6576, .F. ) ;
#7549 = B_SPLINE_CURVE_WITH_KNOTS ( 'NONE', 3,
 ( #3692, #278, #3305, #5189, #8632, #507, #1819, #6646, #6600, #1768, #1729, #3794, #7912, #1100, #7278, #1860 ),
 .UNSPECIFIED., .F., .F.,
 ( 4, 2, 2, 2, 2, 2, 2, 4 ),
 ( 0.000000000000000000, 0.0004881883398703301983, 0.0009763766797406603967, 0.001464565019610990703, 0.001952753359481320793, 0.002440941699351651100, 0.002929130039221981407, 0.003905506718962780364 ),
 .UNSPECIFIED. ) ;
#7550 = ORIENTED_EDGE ( 'NONE', *, *, #157, .T. ) ;
#7551 = CARTESIAN_POINT ( 'NONE',  ( 977.7136058903371350, -73.43524031533051755, 104.2283117735602502 ) ) ;
#7552 = CARTESIAN_POINT ( 'NONE',  ( 977.1774328682960231, 83.44785745390258569, -96.39874732465725060 ) ) ;
#7553 = EDGE_CURVE ( 'NONE', #8688, #4448, #7511, .T. ) ;
#7554 = CARTESIAN_POINT ( 'NONE',  ( 968.0784268819824092, -64.71114907048968234, 33.78597282264764345 ) ) ;
#7555 = CARTESIAN_POINT ( 'NONE',  ( 977.2998916257679412, -41.71823934560998026, -59.90499782183783140 ) ) ;
#7556 = CARTESIAN_POINT ( 'NONE',  ( 977.2998916257679412, 59.90499782183793798, -41.71823934560980973 ) ) ;
#7557 = EDGE_CURVE ( 'NONE', #3007, #8483, #5973, .T. ) ;
#7558 = DIRECTION ( 'NONE',  ( 0.000000000000000000, 0.000000000000000000, 1.000000000000000000 ) ) ;
#7559 = CYLINDRICAL_SURFACE ( 'NONE', #2562, 147.6627378425959591 ) ;
#7560 = CARTESIAN_POINT ( 'NONE',  ( 977.7932074315651789, -44.71118576450651716, -189.6788945569603584 ) ) ;
#7561 = ORIENTED_EDGE ( 'NONE', *, *, #8645, .T. ) ;
#7562 = EDGE_LOOP ( 'NONE', ( #660, #4685, #516, #5285 ) ) ;
#7563 = ORIENTED_EDGE ( 'NONE', *, *, #157, .F. ) ;
#7564 = AXIS2_PLACEMENT_3D ( 'NONE', #6721, #2646, #3989 ) ;
#7565 = DIRECTION ( 'NONE',  ( 1.000000000000000000, 0.000000000000000000, 0.000000000000000000 ) ) ;
#7566 = DIRECTION ( 'NONE',  ( -1.000000000000000000, -0.000000000000000000, -0.000000000000000000 ) ) ;
#7567 = ADVANCED_FACE ( 'NONE', ( #2822 ), #7790, .F. ) ;
#7568 = CARTESIAN_POINT ( 'NONE',  ( 969.1851730895938317, -75.14730300404787044, -103.0006639765595224 ) ) ;
#7569 = CARTESIAN_POINT ( 'NONE',  ( 975.6324830688729435, -58.81089070547823638, -43.24673900812475580 ) ) ;
#7570 = VECTOR ( 'NONE', #1738, 1000.000000000000000 ) ;
#7571 = AXIS2_PLACEMENT_3D ( 'NONE', #2129, #4231, #3433 ) ;
#7572 = ORIENTED_EDGE ( 'NONE', *, *, #1469, .F. ) ;
#7573 = ORIENTED_EDGE ( 'NONE', *, *, #2247, .T. ) ;
#7574 = CARTESIAN_POINT ( 'NONE',  ( 975.6324830688729435, -69.29645813937574417, -22.95652825987233925 ) ) ;
#7575 = CARTESIAN_POINT ( 'NONE',  ( 968.0090611264092786, 72.23572809575695430, 10.53700108076214725 ) ) ;
#7576 = AXIS2_PLACEMENT_3D ( 'NONE', #3854, #3942, #7165 ) ;
#7577 = AXIS2_PLACEMENT_3D ( 'NONE', #5837, #1009, #3122 ) ;
#7578 = CARTESIAN_POINT ( 'NONE',  ( 970.2932074315650652, 39.39984798134366173, 121.2596469525083762 ) ) ;
#7579 = LINE ( 'NONE', #6724, #5927 ) ;
#7580 = CARTESIAN_POINT ( 'NONE',  ( 1043.814912118905340, -64.66463217473193481, -33.87455307021146211 ) ) ;
#7581 = CARTESIAN_POINT ( 'NONE',  ( 967.7932074315651789, 45.19586582432412314, -57.32680357809780247 ) ) ;
#7582 = AXIS2_PLACEMENT_3D ( 'NONE', #8284, #7595, #1463 ) ;
#7583 = CARTESIAN_POINT ( 'NONE',  ( 970.2932074315650652, -51.03190722805661750, -52.19908471100782776 ) ) ;
#7584 = ORIENTED_EDGE ( 'NONE', *, *, #8390, .T. ) ;
#7585 = B_SPLINE_CURVE_WITH_KNOTS ( 'NONE', 3,
 ( #5751, #315, #8577, #1002, #7128, #7086, #4491, #6585, #6502, #7260, #1123, #444, #3193, #3737, #2302, #3066 ),
 .UNSPECIFIED., .F., .F.,
 ( 4, 2, 2, 2, 2, 2, 2, 4 ),
 ( 0.000000000000000000, 0.0004891428882835917834, 0.0009782857765671835668, 0.001467428664850775133, 0.001956571553134367134, 0.002445714441417958917, 0.002934857329701550267, 0.003913143106268742073 ),
 .UNSPECIFIED. ) ;
#7586 = CIRCLE ( 'NONE', #2732, 127.4999999999998863 ) ;
#7587 = CARTESIAN_POINT ( 'NONE',  ( 975.2932074315651789, -65.41400624788184359, 32.40382364169428087 ) ) ;
#7588 = FACE_OUTER_BOUND ( 'NONE', #7445, .T. ) ;
#7589 = CARTESIAN_POINT ( 'NONE',  ( 968.5562076621532697, -72.10425616810839244, 11.40157095891565930 ) ) ;
#7590 = CARTESIAN_POINT ( 'NONE',  ( 969.6337287287653908, 96.91059785730814724, 82.85289253915836127 ) ) ;
#7591 = CARTESIAN_POINT ( 'NONE',  ( 968.2886015245320550, -21.16770121772114877, -69.86378901243793393 ) ) ;
#7592 = EDGE_CURVE ( 'NONE', #4673, #5296, #6791, .T. ) ;
#7593 = B_SPLINE_CURVE_WITH_KNOTS ( 'NONE', 3,
 ( #2276, #7024, #7742, #2154, #4895, #3626, #8425, #4930, #1611, #7611, #1478, #3670, #6354, #6397, #3548, #1567 ),
 .UNSPECIFIED., .F., .F.,
 ( 4, 2, 2, 2, 2, 2, 2, 4 ),
 ( 0.000000000000000000, 0.0004891407059790105986, 0.0009782814119580211971, 0.001467422117937031796, 0.001956562823916042394, 0.002445703529895052776, 0.002934844235874063591, 0.003913125647832104738 ),
 .UNSPECIFIED. ) ;
#7594 = ORIENTED_EDGE ( 'NONE', *, *, #3766, .T. ) ;
#7595 = DIRECTION ( 'NONE',  ( -1.000000000000000000, -0.000000000000000000, -0.000000000000000000 ) ) ;
#7596 = ADVANCED_FACE ( 'NONE', ( #184 ), #8372, .F. ) ;
#7597 = CARTESIAN_POINT ( 'NONE',  ( 968.5562076621533834, -65.05194349241743623, 33.12497887918898698 ) ) ;
#7598 = CARTESIAN_POINT ( 'NONE',  ( 976.8447230752969972, -42.12310111499735399, -59.62091990723462942 ) ) ;
#7599 = CARTESIAN_POINT ( 'NONE',  ( 977.5498501895685877, 60.15229833001478710, -41.36092129213352564 ) ) ;
#7600 = DIRECTION ( 'NONE',  ( 0.000000000000000000, 0.000000000000000000, 1.000000000000000000 ) ) ;
#7601 = DIRECTION ( 'NONE',  ( 0.000000000000000000, 0.000000000000000000, 1.000000000000000000 ) ) ;
#7602 = DIRECTION ( 'NONE',  ( 1.000000000000000000, 0.000000000000000000, 0.000000000000000000 ) ) ;
#7603 = DIRECTION ( 'NONE',  ( -1.000000000000000000, -0.000000000000000000, -0.000000000000000000 ) ) ;
#7604 = EDGE_CURVE ( 'NONE', #161, #8628, #7068, .T. ) ;
#7605 = EDGE_CURVE ( 'NONE', #7394, #4005, #6071, .T. ) ;
#7606 = ORIENTED_EDGE ( 'NONE', *, *, #5865, .F. ) ;
#7607 = ORIENTED_EDGE ( 'NONE', *, *, #5910, .F. ) ;
#7608 = ORIENTED_EDGE ( 'NONE', *, *, #4719, .T. ) ;
#7609 = CARTESIAN_POINT ( 'NONE',  ( 977.7406944467917356, 52.60096756513038940, 50.61872312913509120 ) ) ;
#7610 = CARTESIAN_POINT ( 'NONE',  ( 968.6178405014127293, -42.03266193781114168, -59.68475896701673378 ) ) ;
#7611 = CARTESIAN_POINT ( 'NONE',  ( 977.1774328682957957, 109.1524797621788139, -65.89385070837121816 ) ) ;
#7612 = B_SPLINE_CURVE_WITH_KNOTS ( 'NONE', 3,
 ( #559, #2736, #2015, #7517, #8838, #2540, #3887, #515, #1871, #4074, #5415, #8783, #5370, #8108, #4607, #8154 ),
 .UNSPECIFIED., .F., .F.,
 ( 4, 2, 2, 2, 2, 2, 2, 4 ),
 ( 0.000000000000000000, 0.0004881885400330877693, 0.0009763770800661755386, 0.001464565620099263308, 0.001952754160132351077, 0.002440942700165438847, 0.002929131240198526616, 0.003905508320265014405 ),
 .UNSPECIFIED. ) ;
#7613 = CARTESIAN_POINT ( 'NONE',  ( 976.5466784714075175, -29.44483793061608523, -124.0534555245274362 ) ) ;
#7614 = CYLINDRICAL_SURFACE ( 'NONE', #8855, 147.6627378425959876 ) ;
#7615 = ORIENTED_EDGE ( 'NONE', *, *, #815, .F. ) ;
#7616 = ORIENTED_EDGE ( 'NONE', *, *, #3535, .T. ) ;
#7617 = EDGE_CURVE ( 'NONE', #3344, #7500, #181, .T. ) ;
#7618 = CARTESIAN_POINT ( 'NONE',  ( 968.2886015245320550, 23.93987483379637027, -68.96305520319788229 ) ) ;
#7619 = CARTESIAN_POINT ( 'NONE',  ( 977.7136058903371350, -104.2283117735599376, -73.43524031533094387 ) ) ;
#7620 = CARTESIAN_POINT ( 'NONE',  ( 1043.814912118905340, -96.95396024814752423, -82.80205065214637727 ) ) ;
#7621 = DIRECTION ( 'NONE',  ( -1.000000000000000000, -0.000000000000000000, -0.000000000000000000 ) ) ;
#7622 = CARTESIAN_POINT ( 'NONE',  ( 968.0467338867611033, -1.391197850627906574, -127.4924984297261545 ) ) ;
#7623 = EDGE_CURVE ( 'NONE', #2961, #3987, #6630, .T. ) ;
#7624 = CARTESIAN_POINT ( 'NONE',  ( 976.1207935749462195, -69.59340032497124184, 22.04004072854911556 ) ) ;
#7625 = EDGE_CURVE ( 'NONE', #4448, #276, #6232, .T. ) ;
#7626 = EDGE_LOOP ( 'NONE', ( #5654, #5743, #1362, #5159 ) ) ;
#7627 = CARTESIAN_POINT ( 'NONE',  ( 976.4798883673446426, -65.26271679341103038, 32.70756199021639077 ) ) ;
#7628 = CARTESIAN_POINT ( 'NONE',  ( 976.8447230752969972, 23.47499980900046168, -69.12260210739034960 ) ) ;
#7629 = CARTESIAN_POINT ( 'NONE',  ( 968.9537006561657790, -72.16010240840239476, 11.04232845700339105 ) ) ;
#7630 = CARTESIAN_POINT ( 'NONE',  ( 970.2932074315650652, -22.17684843932632077, -69.54989139674577814 ) ) ;
#7631 = CARTESIAN_POINT ( 'NONE',  ( 977.4756012051085463, 72.97927701132567790, 1.745103159182741281 ) ) ;
#7632 = CIRCLE ( 'NONE', #3904, 72.99999999999987210 ) ;
#7633 = ORIENTED_EDGE ( 'NONE', *, *, #5202, .T. ) ;
#7634 = CYLINDRICAL_SURFACE ( 'NONE', #177, 157.6627378425955328 ) ;
#7635 = DIRECTION ( 'NONE',  ( 1.000000000000000000, 0.000000000000000000, 0.000000000000000000 ) ) ;
#7636 = DIRECTION ( 'NONE',  ( 0.000000000000000000, 0.000000000000000000, 1.000000000000000000 ) ) ;
#7637 = TOROIDAL_SURFACE ( 'NONE', #1940, 145.1627378425959591, 2.500000000000000000 ) ;
#7638 = CARTESIAN_POINT ( 'NONE',  ( 977.7932074315651789, 0.000000000000000000, 0.000000000000000000 ) ) ;
#7639 = CIRCLE ( 'NONE', #5644, 72.99999999999987210 ) ;
#7640 = CARTESIAN_POINT ( 'NONE',  ( 969.4877991597930986, -39.52121605558598816, -121.2201609051976448 ) ) ;
#7641 = DIRECTION ( 'NONE',  ( -1.000000000000000000, -0.000000000000000000, -0.000000000000000000 ) ) ;
#7642 = CARTESIAN_POINT ( 'NONE',  ( 968.0090611264092786, 50.98370860737933441, -52.24643779185283421 ) ) ;
#7643 = VERTEX_POINT ( 'NONE', #5011 ) ;
#7644 = ORIENTED_EDGE ( 'NONE', *, *, #3823, .T. ) ;
#7645 = VECTOR ( 'NONE', #4694, 1000.000000000000000 ) ;
#7646 = VERTEX_POINT ( 'NONE', #2144 ) ;
#7647 = CIRCLE ( 'NONE', #1360, 147.6627378425959591 ) ;
#7648 = CARTESIAN_POINT ( 'NONE',  ( 967.7932074315651789, 0.000000000000000000, 0.000000000000000000 ) ) ;
#7649 = CARTESIAN_POINT ( 'NONE',  ( 977.7770235444020273, 2.172812506020940670, 127.4815844785061927 ) ) ;
#7650 = ADVANCED_FACE ( 'NONE', ( #1468 ), #3521, .F. ) ;
#7651 = CARTESIAN_POINT ( 'NONE',  ( 977.7932074315651789, 0.000000000000000000, 0.000000000000000000 ) ) ;
#7652 = DIRECTION ( 'NONE',  ( 0.000000000000000000, 0.000000000000000000, 1.000000000000000000 ) ) ;
#7653 = FACE_OUTER_BOUND ( 'NONE', #6918, .T. ) ;
#7654 = AXIS2_PLACEMENT_3D ( 'NONE', #3111, #399, #1802 ) ;
#7655 = B_SPLINE_CURVE_WITH_KNOTS ( 'NONE', 3,
 ( #6914, #8188, #7493, #8234, #4235, #2764, #6879, #1370, #2812, #818, #7545, #2093, #4832, #4154, #3566, #6109 ),
 .UNSPECIFIED., .F., .F.,
 ( 4, 2, 2, 2, 2, 2, 2, 4 ),
 ( 0.000000000000000000, 0.0004881883398703309031, 0.0009763766797406618061, 0.001464565019610992655, 0.001952753359481323612, 0.002440941699351654136, 0.002929130039221985310, 0.003905506718962784268 ),
 .UNSPECIFIED. ) ;
#7656 = TOROIDAL_SURFACE ( 'NONE', #1789, 145.1627378425959591, 2.500000000000000000 ) ;
#7657 = ORIENTED_EDGE ( 'NONE', *, *, #2033, .F. ) ;
#7658 = ORIENTED_EDGE ( 'NONE', *, *, #3998, .T. ) ;
#7659 = DIRECTION ( 'NONE',  ( -1.000000000000000000, -0.000000000000000000, -0.000000000000000000 ) ) ;
#7660 = CARTESIAN_POINT ( 'NONE',  ( 970.2932074315650652, -75.31834776957833810, 179.7340247757211955 ) ) ;
#7661 = B_SPLINE_CURVE_WITH_KNOTS ( 'NONE', 3,
 ( #310, #1798, #5209, #2974, #7170, #2424, #5782, #4529, #5873, #3021, #6536, #353, #7122, #6495, #2334, #3060 ),
 .UNSPECIFIED., .F., .F.,
 ( 4, 2, 2, 2, 2, 2, 2, 4 ),
 ( 0.000000000000000000, 0.0004881883398703367035, 0.0009763766797406734071, 0.001464565019611010002, 0.001952753359481346814, 0.002440941699351683626, 0.002929130039222020004, 0.003905506718962791640 ),
 .UNSPECIFIED. ) ;
#7662 = VECTOR ( 'NONE', #4243, 1000.000000000000000 ) ;
#7663 = AXIS2_PLACEMENT_3D ( 'NONE', #5382, #6042, #1395 ) ;
#7664 = EDGE_CURVE ( 'NONE', #6964, #3552, #6843, .T. ) ;
#7665 = CARTESIAN_POINT ( 'NONE',  ( 969.1851730895936043, 39.64037660334658142, 121.1812463673284839 ) ) ;
#7666 = DIRECTION ( 'NONE',  ( 0.000000000000000000, 0.000000000000000000, -1.000000000000000000 ) ) ;
#7667 = FACE_OUTER_BOUND ( 'NONE', #1475, .T. ) ;
#7668 = EDGE_CURVE ( 'NONE', #4292, #5468, #8657, .T. ) ;
#7669 = CARTESIAN_POINT ( 'NONE',  ( 977.7272465782219797, 65.03725213169848018, 109.6653851972120322 ) ) ;
#7670 = DIRECTION ( 'NONE',  ( 0.000000000000000000, -5.684111625809823153E-14, -1.000000000000000000 ) ) ;
#7671 = ORIENTED_EDGE ( 'NONE', *, *, #6302, .T. ) ;
#7672 = CARTESIAN_POINT ( 'NONE',  ( 1005.926540764898505, 3.796405077356784860E-15, -30.99999999999991473 ) ) ;
#7673 = DIRECTION ( 'NONE',  ( 0.000000000000000000, 0.000000000000000000, -1.000000000000000000 ) ) ;
#7674 = ORIENTED_EDGE ( 'NONE', *, *, #8061, .F. ) ;
#7675 = EDGE_CURVE ( 'NONE', #3498, #2609, #2349, .T. ) ;
#7676 = CARTESIAN_POINT ( 'NONE',  ( 977.2455835626553835, -64.92674458410266425, 33.36971034320168172 ) ) ;
#7677 = CARTESIAN_POINT ( 'NONE',  ( 967.8595308706300102, -104.2219101806826700, -73.44476691734492135 ) ) ;
#7678 = EDGE_CURVE ( 'NONE', #7262, #1827, #1060, .T. ) ;
#7679 = CARTESIAN_POINT ( 'NONE',  ( 968.6380338253292166, 127.0570380027988620, 10.61944071593969952 ) ) ;
#7680 = B_SPLINE_CURVE_WITH_KNOTS ( 'NONE', 3,
 ( #5490, #6247, #1409, #1364, #8322, #6824, #681, #6158, #8231, #4149, #7042, #3025, #4994, #5748, #6376, #4401, #3687, #1038 ),
 .UNSPECIFIED., .F., .F.,
 ( 4, 2, 2, 2, 2, 2, 2, 2, 4 ),
 ( 0.000000000000000000, 0.0005014877766709450102, 0.001002975553341890020, 0.001504463330012834922, 0.002005951106683780041, 0.002507438883354725159, 0.003008926660025669844, 0.003510414436696614963, 0.004011902213367560081 ),
 .UNSPECIFIED. ) ;
#7681 = CARTESIAN_POINT ( 'NONE',  ( 969.1823241134993623, 96.78801477489894012, 82.99598870262025230 ) ) ;
#7682 = CARTESIAN_POINT ( 'NONE',  ( 975.2932074315651789, 75.31834776957963129, -179.7340247757206839 ) ) ;
#7683 = ORIENTED_EDGE ( 'NONE', *, *, #1412, .F. ) ;
#7684 = CARTESIAN_POINT ( 'NONE',  ( 975.4734716392109704, 12.23414415701360980, -71.96753237915943657 ) ) ;
#7685 = DIRECTION ( 'NONE',  ( 0.000000000000000000, 0.000000000000000000, 1.000000000000000000 ) ) ;
#7686 = CARTESIAN_POINT ( 'NONE',  ( 969.6300527781542087, 22.09201688974939515, 69.57689304089343807 ) ) ;
#7687 = CARTESIAN_POINT ( 'NONE',  ( 975.2932074315651789, 29.76757727979914137, 123.9763741318932517 ) ) ;
#7688 = CARTESIAN_POINT ( 'NONE',  ( 967.7932074315651789, -194.2118649119462646, -16.09113731973690875 ) ) ;
#7689 = ORIENTED_EDGE ( 'NONE', *, *, #1523, .F. ) ;
#7690 = CARTESIAN_POINT ( 'NONE',  ( 967.7932074315648379, 50.36584764746697829, -52.84326640390067809 ) ) ;
#7691 = VERTEX_POINT ( 'NONE', #6552 ) ;
#7692 = VERTEX_POINT ( 'NONE', #7862 ) ;
#7693 = ORIENTED_EDGE ( 'NONE', *, *, #8560, .T. ) ;
#7694 = CARTESIAN_POINT ( 'NONE',  ( 975.4734716392106293, 51.03190722805698698, 52.19908471100745828 ) ) ;
#7695 = CARTESIAN_POINT ( 'NONE',  ( 976.8206886417106034, -39.88847722907755866, -121.0998255116004145 ) ) ;
#7696 = CARTESIAN_POINT ( 'NONE',  ( 977.7932074315654063, 34.69360734106655286, 64.22991943169708406 ) ) ;
#7697 = DIRECTION ( 'NONE',  ( 0.000000000000000000, 0.000000000000000000, -1.000000000000000000 ) ) ;
#7698 = LINE ( 'NONE', #6403, #2971 ) ;
#7699 = ORIENTED_EDGE ( 'NONE', *, *, #3663, .F. ) ;
#7700 = ORIENTED_EDGE ( 'NONE', *, *, #4119, .F. ) ;
#7701 = ADVANCED_FACE ( 'NONE', ( #8588 ), #1852, .T. ) ;
#7702 = DIRECTION ( 'NONE',  ( -1.000000000000000000, -0.000000000000000000, -0.000000000000000000 ) ) ;
#7703 = CARTESIAN_POINT ( 'NONE',  ( 977.5406705918383068, -65.42563650107358342, -109.4338101651090227 ) ) ;
#7704 = CARTESIAN_POINT ( 'NONE',  ( 1036.782757869134684, -147.6625660138615217, -127.1728735659483362 ) ) ;
#7705 = CIRCLE ( 'NONE', #2271, 147.6627378425959591 ) ;
#7706 = CIRCLE ( 'NONE', #7124, 157.6627378425955328 ) ;
#7707 = CARTESIAN_POINT ( 'NONE',  ( 968.2424519787779218, 33.50661079783974827, 64.85623953358617655 ) ) ;
#7708 = DIRECTION ( 'NONE',  ( 0.000000000000000000, 0.000000000000000000, 1.000000000000000000 ) ) ;
#7709 = DIRECTION ( 'NONE',  ( -1.000000000000000000, -0.000000000000000000, -0.000000000000000000 ) ) ;
#7710 = ORIENTED_EDGE ( 'NONE', *, *, #5525, .T. ) ;
#7711 = ORIENTED_EDGE ( 'NONE', *, *, #7479, .T. ) ;
#7712 = ADVANCED_FACE ( 'NONE', ( #6593 ), #5801, .T. ) ;
#7713 = CIRCLE ( 'NONE', #122, 127.4999999999997868 ) ;
#7714 = AXIS2_PLACEMENT_3D ( 'NONE', #1368, #4270, #3565 ) ;
#7715 = CIRCLE ( 'NONE', #3851, 7.274999999999996803 ) ;
#7716 = CARTESIAN_POINT ( 'NONE',  ( 1005.926540764898505, 0.000000000000000000, 0.000000000000000000 ) ) ;
#7717 = ORIENTED_EDGE ( 'NONE', *, *, #2959, .F. ) ;
#7718 = EDGE_CURVE ( 'NONE', #7853, #2868, #5231, .T. ) ;
#7719 = CARTESIAN_POINT ( 'NONE',  ( 969.9658196246413127, 0.01637939031191218420, 127.5000028925001629 ) ) ;
#7720 = AXIS2_PLACEMENT_3D ( 'NONE', #2313, #6433, #3790 ) ;
#7721 = CARTESIAN_POINT ( 'NONE',  ( 977.7932074315651789, 71.74079029596708779, -13.50033361476878824 ) ) ;
#7722 = FACE_OUTER_BOUND ( 'NONE', #2973, .T. ) ;
#7723 = CARTESIAN_POINT ( 'NONE',  ( 1001.793207431565179, 54.35287990626809318, 17.66032122852809394 ) ) ;
#7724 = ORIENTED_EDGE ( 'NONE', *, *, #8215, .T. ) ;
#7725 = ORIENTED_EDGE ( 'NONE', *, *, #7479, .F. ) ;
#7726 = AXIS2_PLACEMENT_3D ( 'NONE', #1079, #3815, #391 ) ;
#7727 = CIRCLE ( 'NONE', #3303, 145.1627378425959307 ) ;
#7728 = EDGE_CURVE ( 'NONE', #4826, #7737, #8653, .T. ) ;
#7729 = DIRECTION ( 'NONE',  ( 0.000000000000000000, 0.000000000000000000, 1.000000000000000000 ) ) ;
#7730 = CARTESIAN_POINT ( 'NONE',  ( 967.7932074315651789, 189.6788945569598468, -44.71118576450859905 ) ) ;
#7731 = DIRECTION ( 'NONE',  ( 0.000000000000000000, 0.000000000000000000, -1.000000000000000000 ) ) ;
#7732 = CARTESIAN_POINT ( 'NONE',  ( 970.1281350223659956, 103.1497787695729897, 74.94246553048623127 ) ) ;
#7733 = CARTESIAN_POINT ( 'NONE',  ( 970.2932074315650652, 16.09113731973758732, -194.2118649119462646 ) ) ;
#7734 = CARTESIAN_POINT ( 'NONE',  ( 968.0451641925290005, 124.2956012302446425, -28.40557254559900358 ) ) ;
#7735 = CARTESIAN_POINT ( 'NONE',  ( 976.4022747810961391, -127.4997627480054803, 0.2537599291828684378 ) ) ;
#7736 = ORIENTED_EDGE ( 'NONE', *, *, #6965, .T. ) ;
#7737 = VERTEX_POINT ( 'NONE', #5225 ) ;
#7738 = VERTEX_POINT ( 'NONE', #3037 ) ;
#7739 = CARTESIAN_POINT ( 'NONE',  ( 977.5758751313188668, -65.44234424317808418, -32.34700619779734865 ) ) ;
#7740 = CARTESIAN_POINT ( 'NONE',  ( 975.4586042561197701, 48.78900844669483661, -117.7959364952303360 ) ) ;
#7741 = B_SPLINE_CURVE_WITH_KNOTS ( 'NONE', 3,
 ( #6666, #5333, #2118, #1396, #6716, #567, #2691, #4759, #4133, #4808, #523, #4710, #7474, #5383, #3320, #7569, #6812, #667 ),
 .UNSPECIFIED., .F., .F.,
 ( 4, 2, 2, 2, 2, 2, 2, 2, 4 ),
 ( 0.000000000000000000, 0.0005014877766709432754, 0.001002975553341886551, 0.001504463330012829718, 0.002005951106683773102, 0.002507438883354716486, 0.003008926660025659436, 0.003510414436696602820, 0.004011902213367546204 ),
 .UNSPECIFIED. ) ;
#7742 = CARTESIAN_POINT ( 'NONE',  ( 975.6212234913448356, 108.7183715433192361, -66.60755744379751775 ) ) ;
#7743 = CARTESIAN_POINT ( 'NONE',  ( 977.3428997317970470, -72.16421727347918136, -11.01592561678646476 ) ) ;
#7744 = CARTESIAN_POINT ( 'NONE',  ( 970.2932074315650652, -103.1495547958083847, 74.94277380392647103 ) ) ;
#7745 = CARTESIAN_POINT ( 'NONE',  ( 967.7932074315649515, 71.80731935807540367, -13.14679809264758248 ) ) ;
#7746 = ORIENTED_EDGE ( 'NONE', *, *, #2735, .F. ) ;
#7747 = EDGE_LOOP ( 'NONE', ( #3876, #4205, #5019, #5655, #6743, #2779, #5725, #2218 ) ) ;
#7748 = DIRECTION ( 'NONE',  ( 0.000000000000000000, 0.000000000000000000, 1.000000000000000000 ) ) ;
#7749 = DIRECTION ( 'NONE',  ( 0.000000000000000000, 0.000000000000000000, 1.000000000000000000 ) ) ;
#7750 = CARTESIAN_POINT ( 'NONE',  ( 970.1281350223659956, 39.39984798134369726, 121.2596469525083762 ) ) ;
#7751 = CARTESIAN_POINT ( 'NONE',  ( 975.2932074315651789, -166.5788324321703158, 101.1368664649722291 ) ) ;
#7752 = DIRECTION ( 'NONE',  ( 0.000000000000000000, 0.000000000000000000, -1.000000000000000000 ) ) ;
#7753 = CARTESIAN_POINT ( 'NONE',  ( 977.4632779943993910, 65.55066599467001254, 109.3589456062936733 ) ) ;
#7754 = CARTESIAN_POINT ( 'NONE',  ( 975.2932074315651789, 127.4999999998575078, -0.0001905234625065865828 ) ) ;
#7755 = ORIENTED_EDGE ( 'NONE', *, *, #1901, .T. ) ;
#7756 = ORIENTED_EDGE ( 'NONE', *, *, #8482, .T. ) ;
#7757 = EDGE_CURVE ( 'NONE', #3781, #382, #2548, .T. ) ;
#7758 = CARTESIAN_POINT ( 'NONE',  ( 967.7932074315651789, 0.000000000000000000, 127.4999999999997868 ) ) ;
#7759 = ORIENTED_EDGE ( 'NONE', *, *, #7382, .F. ) ;
#7760 = EDGE_CURVE ( 'NONE', #4366, #2609, #3207, .T. ) ;
#7761 = DIRECTION ( 'NONE',  ( 1.000000000000000000, 0.000000000000000000, 0.000000000000000000 ) ) ;
#7762 = CARTESIAN_POINT ( 'NONE',  ( 975.2932074315651789, 69.30226855186081991, 22.93895319245719122 ) ) ;
#7763 = CARTESIAN_POINT ( 'NONE',  ( 970.2932074315650652, 51.03190722805700830, 52.19908471100745118 ) ) ;
#7764 = CARTESIAN_POINT ( 'NONE',  ( 967.7932074315651789, 0.000000000000000000, 0.000000000000000000 ) ) ;
#7765 = ORIENTED_EDGE ( 'NONE', *, *, #772, .T. ) ;
#7766 = ORIENTED_EDGE ( 'NONE', *, *, #8241, .T. ) ;
#7767 = CARTESIAN_POINT ( 'NONE',  ( 970.2932074315650652, -121.2597647024845742, -39.39948558418044655 ) ) ;
#7768 = B_SPLINE_CURVE_WITH_KNOTS ( 'NONE', 3,
 ( #2028, #2696, #6765, #3274, #1259, #1309, #4042, #2511, #620, #3373, #5430, #8172, #1117, #8025, #3859, #8656 ),
 .UNSPECIFIED., .F., .F.,
 ( 4, 2, 2, 2, 2, 2, 2, 4 ),
 ( 0.000000000000000000, 0.0004891407059790135259, 0.0009782814119580270518, 0.001467422117937040469, 0.001956562823916054104, 0.002445703529895067955, 0.002934844235874080939, 0.003913125647832105605 ),
 .UNSPECIFIED. ) ;
#7769 = EDGE_CURVE ( 'NONE', #2233, #1816, #8040, .T. ) ;
#7770 = CARTESIAN_POINT ( 'NONE',  ( 976.4022747810959117, 75.14777630926839436, 103.0003184979128292 ) ) ;
#7771 = CARTESIAN_POINT ( 'NONE',  ( 976.8206886417106034, -121.0998255116002724, 39.88847722907796367 ) ) ;
#7772 = DIRECTION ( 'NONE',  ( 0.000000000000000000, 0.000000000000000000, -1.000000000000000000 ) ) ;
#7773 = FACE_OUTER_BOUND ( 'NONE', #6518, .T. ) ;
#7774 = CARTESIAN_POINT ( 'NONE',  ( 977.7932074315651789, 194.2118649119463498, 16.09113731973548056 ) ) ;
#7775 = CARTESIAN_POINT ( 'NONE',  ( 0.000000000000000000, 0.000000000000000000, 75.49999999999987210 ) ) ;
#7776 = EDGE_CURVE ( 'NONE', #6902, #3987, #4362, .T. ) ;
#7777 = CARTESIAN_POINT ( 'NONE',  ( 969.9321275244387834, 52.18297985740827727, -51.04839385017374553 ) ) ;
#7778 = TOROIDAL_SURFACE ( 'NONE', #8365, 145.1627378425959591, 2.500000000000000000 ) ;
#7779 = ORIENTED_EDGE ( 'NONE', *, *, #5657, .T. ) ;
#7780 = VERTEX_POINT ( 'NONE', #6110 ) ;
#7781 = ORIENTED_EDGE ( 'NONE', *, *, #8768, .T. ) ;
#7782 = CARTESIAN_POINT ( 'NONE',  ( 976.1647925795699621, 51.15637867417983387, 52.07717096333804108 ) ) ;
#7783 = CARTESIAN_POINT ( 'NONE',  ( 976.9692569047347206, 69.75255977334956015, -21.53127202684700592 ) ) ;
#7784 = CIRCLE ( 'NONE', #3913, 3.000000000000002665 ) ;
#7785 = CARTESIAN_POINT ( 'NONE',  ( 975.2932074315651789, 32.40382364169451535, 65.41400624788172991 ) ) ;
#7786 = CARTESIAN_POINT ( 'NONE',  ( 977.5406705918380794, -28.40657082688347046, -124.2953718071633062 ) ) ;
#7787 = DIRECTION ( 'NONE',  ( -1.000000000000000000, -0.000000000000000000, -0.000000000000000000 ) ) ;
#7788 = EDGE_CURVE ( 'NONE', #1632, #6083, #8083, .T. ) ;
#7789 = VERTEX_POINT ( 'NONE', #6781 ) ;
#7790 = TOROIDAL_SURFACE ( 'NONE', #1780, 160.1627378425955612, 2.500000000000000000 ) ;
#7791 = AXIS2_PLACEMENT_3D ( 'NONE', #3514, #211, #4861 ) ;
#7792 = ORIENTED_EDGE ( 'NONE', *, *, #7210, .T. ) ;
#7793 = CARTESIAN_POINT ( 'NONE',  ( 967.9165188163373159, 24.64666584154074158, -68.71365423851692356 ) ) ;
#7794 = DIRECTION ( 'NONE',  ( 1.000000000000000000, 0.000000000000000000, 0.000000000000000000 ) ) ;
#7795 = DIRECTION ( 'NONE',  ( -1.000000000000000000, -0.000000000000000000, -0.000000000000000000 ) ) ;
#7796 = AXIS2_PLACEMENT_3D ( 'NONE', #8706, #7393, #2560 ) ;
#7797 = AXIS2_PLACEMENT_3D ( 'NONE', #713, #5023, #5555 ) ;
#7798 = DIRECTION ( 'NONE',  ( -1.000000000000000000, -0.000000000000000000, -0.000000000000000000 ) ) ;
#7799 = CARTESIAN_POINT ( 'NONE',  ( 976.9470595414692298, 66.09193854283064695, 109.0326513438092064 ) ) ;
#7800 = CARTESIAN_POINT ( 'NONE',  ( 975.2932074315651789, 12.23414415701362756, -71.96753237915942236 ) ) ;
#7801 = VERTEX_POINT ( 'NONE', #4107 ) ;
#7802 = ORIENTED_EDGE ( 'NONE', *, *, #5133, .T. ) ;
#7803 = AXIS2_PLACEMENT_3D ( 'NONE', #4376, #5721, #104 ) ;
#7804 = CIRCLE ( 'NONE', #3528, 160.1627378425955612 ) ;
#7805 = FACE_OUTER_BOUND ( 'NONE', #4552, .T. ) ;
#7806 = ORIENTED_EDGE ( 'NONE', *, *, #6900, .T. ) ;
#7807 = DIRECTION ( 'NONE',  ( -1.000000000000000000, -0.000000000000000000, -0.000000000000000000 ) ) ;
#7808 = AXIS2_PLACEMENT_3D ( 'NONE', #8659, #6499, #4449 ) ;
#7809 = CARTESIAN_POINT ( 'NONE',  ( 976.5476831198559466, -39.08428167860983393, 121.3617620186102215 ) ) ;
#7810 = CARTESIAN_POINT ( 'NONE',  ( 975.2932074315651789, 71.96753237915953605, 12.23414415701288682 ) ) ;
#7811 = FACE_OUTER_BOUND ( 'NONE', #6975, .T. ) ;
#7812 = VERTEX_POINT ( 'NONE', #7402 ) ;
#7813 = ORIENTED_EDGE ( 'NONE', *, *, #4584, .F. ) ;
#7814 = EDGE_CURVE ( 'NONE', #7959, #7968, #3374, .T. ) ;
#7815 = CARTESIAN_POINT ( 'NONE',  ( 975.6233520302656643, 74.94277380392682630, 103.1495547958081431 ) ) ;
#7816 = DIRECTION ( 'NONE',  ( -1.000000000000000000, -0.000000000000000000, -0.000000000000000000 ) ) ;
#7817 = CARTESIAN_POINT ( 'NONE',  ( 968.6413363216275911, 74.44293099031813199, -103.5109332502077848 ) ) ;
#7818 = CARTESIAN_POINT ( 'NONE',  ( 975.2932074315651789, -127.1728735659488621, 147.6625660138610669 ) ) ;
#7819 = CARTESIAN_POINT ( 'NONE',  ( 976.8206886417101487, 103.4511474489730034, 74.52595820306868291 ) ) ;
#7820 = FACE_OUTER_BOUND ( 'NONE', #7626, .T. ) ;
#7821 = VERTEX_POINT ( 'NONE', #501 ) ;
#7822 = CARTESIAN_POINT ( 'NONE',  ( 968.1111217781452751, 60.06678548161886511, -41.48495958684708285 ) ) ;
#7823 = ORIENTED_EDGE ( 'NONE', *, *, #7757, .F. ) ;
#7824 = ORIENTED_EDGE ( 'NONE', *, *, #2185, .T. ) ;
#7825 = ADVANCED_FACE ( 'NONE', ( #8189 ), #8521, .F. ) ;
#7826 = VERTEX_POINT ( 'NONE', #8135 ) ;
#7827 = DIRECTION ( 'NONE',  ( -1.000000000000000000, -0.000000000000000000, -0.000000000000000000 ) ) ;
#7828 = DIRECTION ( 'NONE',  ( 0.000000000000000000, 0.000000000000000000, -1.000000000000000000 ) ) ;
#7829 = EDGE_CURVE ( 'NONE', #862, #7968, #185, .T. ) ;
#7830 = LINE ( 'NONE', #1692, #7355 ) ;
#7831 = CARTESIAN_POINT ( 'NONE',  ( 977.6656042090994561, -76.30720604998300871, -102.1444232513823067 ) ) ;
#7832 = VECTOR ( 'NONE', #4933, 1000.000000000000000 ) ;
#7833 = FACE_OUTER_BOUND ( 'NONE', #6893, .T. ) ;
#7834 = ORIENTED_EDGE ( 'NONE', *, *, #6492, .T. ) ;
#7835 = ORIENTED_EDGE ( 'NONE', *, *, #4664, .T. ) ;
#7836 = DIRECTION ( 'NONE',  ( 0.000000000000000000, 0.000000000000000000, 1.000000000000000000 ) ) ;
#7837 = ADVANCED_FACE ( 'NONE', ( #8088, #6207, #1500, #1549, #137, #4959, #4875, #3648, #3610 ), #4318, .T. ) ;
#7838 = DIRECTION ( 'NONE',  ( 0.000000000000000000, 0.000000000000000000, -1.000000000000000000 ) ) ;
#7839 = DIRECTION ( 'NONE',  ( 0.000000000000000000, 0.000000000000000000, 1.000000000000000000 ) ) ;
#7841 = CARTESIAN_POINT ( 'NONE',  ( 967.7932074315650652, -50.94646322828865692, 116.8791480028335315 ) ) ;
#7840 = AXIS2_PLACEMENT_3D ( 'NONE', #4669, #8126, #5484 ) ;
#7842 = CARTESIAN_POINT ( 'NONE',  ( 0.000000000000000000, 0.000000000000000000, 0.000000000000000000 ) ) ;
#7843 = ORIENTED_EDGE ( 'NONE', *, *, #633, .T. ) ;
#7844 = CARTESIAN_POINT ( 'NONE',  ( 977.7932074315651789, -101.6602862201764168, 76.95086877762838640 ) ) ;
#7845 = ORIENTED_EDGE ( 'NONE', *, *, #878, .T. ) ;
#7846 = CIRCLE ( 'NONE', #3846, 160.1627378425955612 ) ;
#7847 = CARTESIAN_POINT ( 'NONE',  ( 967.7932074315651789, 0.000000000000000000, 0.000000000000000000 ) ) ;
#7848 = DIRECTION ( 'NONE',  ( -1.000000000000000000, -0.000000000000000000, -0.000000000000000000 ) ) ;
#7849 = CARTESIAN_POINT ( 'NONE',  ( 967.7932074315651789, -19.64974801233344692, -70.30567120120367974 ) ) ;
#7850 = CARTESIAN_POINT ( 'NONE',  ( 970.2932074315650652, 127.1072257456103642, 10.00015816147054082 ) ) ;
#7851 = CARTESIAN_POINT ( 'NONE',  ( 970.2932074315650652, -101.1368664649716322, -166.5788324321706853 ) ) ;
#7852 = VECTOR ( 'NONE', #6820, 1000.000000000000000 ) ;
#7853 = VERTEX_POINT ( 'NONE', #4272 ) ;
#7854 = AXIS2_PLACEMENT_3D ( 'NONE', #3294, #1223, #8761 ) ;
#7855 = ORIENTED_EDGE ( 'NONE', *, *, #7446, .F. ) ;
#7856 = AXIS2_PLACEMENT_3D ( 'NONE', #6219, #22, #2905 ) ;
#7857 = AXIS2_PLACEMENT_3D ( 'NONE', #8279, #3608, #4831 ) ;
#7858 = CARTESIAN_POINT ( 'NONE',  ( 968.7637114205684838, 49.26654757376294214, -117.5970481387122675 ) ) ;
#7859 = CARTESIAN_POINT ( 'NONE',  ( 977.6709658558772844, -60.33020650329709156, 41.10098524107050366 ) ) ;
#7860 = CARTESIAN_POINT ( 'NONE',  ( 977.4632779943995047, -83.75026804908405609, 96.13616072098801624 ) ) ;
#7861 = CARTESIAN_POINT ( 'NONE',  ( 969.4877991597930986, 103.2247582879295180, 74.83918228303167552 ) ) ;
#7862 = CARTESIAN_POINT ( 'NONE',  ( 975.2932074315651789, -39.39948558418007707, 121.2597647024846879 ) ) ;
#7863 = EDGE_CURVE ( 'NONE', #1408, #7234, #2084, .T. ) ;
#7864 = CARTESIAN_POINT ( 'NONE',  ( 968.3024195543165433, 124.2021009660959550, -28.81157224901431846 ) ) ;
#7865 = ORIENTED_EDGE ( 'NONE', *, *, #2900, .T. ) ;
#7866 = CARTESIAN_POINT ( 'NONE',  ( 967.7932074315651789, 60.79256065741301995, -40.41366809279652728 ) ) ;
#7867 = AXIS2_PLACEMENT_3D ( 'NONE', #1184, #3878, #550 ) ;
#7868 = VERTEX_POINT ( 'NONE', #4236 ) ;
#7869 = ORIENTED_EDGE ( 'NONE', *, *, #8274, .F. ) ;
#7870 = DIRECTION ( 'NONE',  ( -1.000000000000000000, -0.000000000000000000, -0.000000000000000000 ) ) ;
#7871 = EDGE_CURVE ( 'NONE', #561, #3396, #5454, .T. ) ;
#7872 = VERTEX_POINT ( 'NONE', #5618 ) ;
#7873 = CARTESIAN_POINT ( 'NONE',  ( 975.9514122167589676, 103.1105951957543283, -74.99647150349629499 ) ) ;
#7874 = CARTESIAN_POINT ( 'NONE',  ( 976.5738051988838606, 69.66086411148258151, -21.82598793573233209 ) ) ;
#7875 = CARTESIAN_POINT ( 'NONE',  ( 977.2455835626556109, 11.67301300285455135, 72.06081111196068889 ) ) ;
#7876 = DIRECTION ( 'NONE',  ( 0.000000000000000000, 0.000000000000000000, 1.000000000000000000 ) ) ;
#7877 = EDGE_CURVE ( 'NONE', #4073, #5645, #1787, .T. ) ;
#7878 = CYLINDRICAL_SURFACE ( 'NONE', #2937, 157.6627378425955328 ) ;
#7879 = ADVANCED_FACE ( 'NONE', ( #4155 ), #5087, .F. ) ;
#7880 = ORIENTED_EDGE ( 'NONE', *, *, #1307, .T. ) ;
#7881 = VERTEX_POINT ( 'NONE', #225 ) ;
#7882 = CARTESIAN_POINT ( 'NONE',  ( 976.8206886417104897, 39.88847722907837579, 121.0998255116001445 ) ) ;
#7883 = CARTESIAN_POINT ( 'NONE',  ( 975.4586042561201111, -66.62145485401346434, -108.7098512239559227 ) ) ;
#7884 = CARTESIAN_POINT ( 'NONE',  ( 969.6300527781538676, 0.4896857443459461945, -72.99836616906353015 ) ) ;
#7885 = CARTESIAN_POINT ( 'NONE',  ( 975.2932074315651789, 29.76757727979914137, 123.9763741318932517 ) ) ;
#7886 = EDGE_CURVE ( 'NONE', #192, #3050, #4649, .T. ) ;
#7887 = DIRECTION ( 'NONE',  ( -1.000000000000000000, -0.000000000000000000, -0.000000000000000000 ) ) ;
#7888 = CARTESIAN_POINT ( 'NONE',  ( 970.2932074315650652, 74.94246553048735393, -103.1497787695721513 ) ) ;
#7889 = VERTEX_POINT ( 'NONE', #1460 ) ;
#7890 = ADVANCED_FACE ( 'NONE', ( #2214 ), #175, .F. ) ;
#7891 = ORIENTED_EDGE ( 'NONE', *, *, #3104, .F. ) ;
#7892 = DIRECTION ( 'NONE',  ( 0.000000000000000000, 0.000000000000000000, -1.000000000000000000 ) ) ;
#7893 = EDGE_LOOP ( 'NONE', ( #6234, #7584, #1257, #205 ) ) ;
#7894 = LINE ( 'NONE', #7937, #1082 ) ;
#7895 = CARTESIAN_POINT ( 'NONE',  ( 969.1851730895936043, 0.2531739499646913916, 127.4997640442733484 ) ) ;
#7896 = CARTESIAN_POINT ( 'NONE',  ( 968.4107331596591166, 38.59322136952791737, -121.5188320429424778 ) ) ;
#7897 = CYLINDRICAL_SURFACE ( 'NONE', #8814, 75.49999999999987210 ) ;
#7898 = ORIENTED_EDGE ( 'NONE', *, *, #1315, .F. ) ;
#7899 = EDGE_CURVE ( 'NONE', #5496, #8006, #202, .T. ) ;
#7900 = ORIENTED_EDGE ( 'NONE', *, *, #3033, .T. ) ;
#7901 = CARTESIAN_POINT ( 'NONE',  ( 977.7932074315651789, 0.000000000000000000, 0.000000000000000000 ) ) ;
#7902 = CARTESIAN_POINT ( 'NONE',  ( 976.4259520426954850, -59.45670952192119074, 42.35450928689528638 ) ) ;
#7903 = CARTESIAN_POINT ( 'NONE',  ( 977.7932074315654063, -84.44699599223575603, 95.52520227060949765 ) ) ;
#7904 = CARTESIAN_POINT ( 'NONE',  ( 967.8595308706296692, 104.2219101806832242, 73.44476691734413976 ) ) ;
#7905 = DIRECTION ( 'NONE',  ( 1.000000000000000000, -0.000000000000000000, -0.000000000000000000 ) ) ;
#7906 = CARTESIAN_POINT ( 'NONE',  ( 977.7932074315651789, 104.5993812805928940, 72.90555147392502988 ) ) ;
#7907 = CARTESIAN_POINT ( 'NONE',  ( 977.7932074315651789, -147.6625660138615217, -127.1728735659483362 ) ) ;
#7908 = ORIENTED_EDGE ( 'NONE', *, *, #8541, .T. ) ;
#7909 = CARTESIAN_POINT ( 'NONE',  ( 968.6178405014127293, 59.68475896701686167, -42.03266193781094984 ) ) ;
#7910 = ORIENTED_EDGE ( 'NONE', *, *, #8160, .F. ) ;
#7911 = ORIENTED_EDGE ( 'NONE', *, *, #8701, .F. ) ;
#7912 = CARTESIAN_POINT ( 'NONE',  ( 968.0467338867613307, -38.07424088881048618, 121.6824751887228899 ) ) ;
#7913 = ORIENTED_EDGE ( 'NONE', *, *, #579, .T. ) ;
#7914 = CARTESIAN_POINT ( 'NONE',  ( 1043.814912118905113, 103.1497787695729755, 74.94246553048621706 ) ) ;
#7915 = DIRECTION ( 'NONE',  ( -1.000000000000000000, -0.000000000000000000, -0.000000000000000000 ) ) ;
#7916 = CARTESIAN_POINT ( 'NONE',  ( 975.2932074315651789, 10.60382802656801360, 72.22574908703211349 ) ) ;
#7917 = CARTESIAN_POINT ( 'NONE',  ( 975.6498138585349125, -71.97127650669045806, -12.21217558841403061 ) ) ;
#7918 = CARTESIAN_POINT ( 'NONE',  ( 967.7932074315651789, 9.329543134858424125, -72.40137861183845303 ) ) ;
#7919 = B_SPLINE_CURVE_WITH_KNOTS ( 'NONE', 3,
 ( #7226, #8496, #3120, #2346, #4540, #8622, #1090, #5881, #7266, #5049, #7771, #1638, #5096, #4371, #1680, #7092 ),
 .UNSPECIFIED., .F., .F.,
 ( 4, 2, 2, 2, 2, 2, 2, 4 ),
 ( 0.000000000000000000, 0.0004881885400330891788, 0.0009763770800661783576, 0.001464565620099267645, 0.001952754160132356715, 0.002440942700165445785, 0.002929131240198535290, 0.003905508320265029150 ),
 .UNSPECIFIED. ) ;
#7920 = VERTEX_POINT ( 'NONE', #7630 ) ;
#7921 = VERTEX_POINT ( 'NONE', #2813 ) ;
#7922 = AXIS2_PLACEMENT_3D ( 'NONE', #7638, #2263, #826 ) ;
#7923 = DIRECTION ( 'NONE',  ( 0.000000000000000000, 0.000000000000000000, -1.000000000000000000 ) ) ;
#7924 = EDGE_CURVE ( 'NONE', #8739, #6464, #1592, .T. ) ;
#7925 = CARTESIAN_POINT ( 'NONE',  ( 977.7932074315651789, 0.000000000000000000, 0.000000000000000000 ) ) ;
#7926 = CARTESIAN_POINT ( 'NONE',  ( 976.1000973941279426, -124.0063305471224453, 29.64260382391161741 ) ) ;
#7927 = DIRECTION ( 'NONE',  ( -1.000000000000000000, -0.000000000000000000, -0.000000000000000000 ) ) ;
#7928 = CIRCLE ( 'NONE', #8800, 127.4999999999997868 ) ;
#7929 = CIRCLE ( 'NONE', #4079, 127.4999999999998863 ) ;
#7930 = CARTESIAN_POINT ( 'NONE',  ( 967.8724445145011259, -50.50361465018426088, 117.0711771263721772 ) ) ;
#7931 = ORIENTED_EDGE ( 'NONE', *, *, #7668, .T. ) ;
#7932 = DIRECTION ( 'NONE',  ( 0.000000000000000000, 0.000000000000000000, 1.000000000000000000 ) ) ;
#7933 = VERTEX_POINT ( 'NONE', #2979 ) ;
#7934 = ADVANCED_FACE ( 'NONE', ( #1414 ), #4228, .F. ) ;
#7935 = TOROIDAL_SURFACE ( 'NONE', #2641, 145.1627378425959591, 2.500000000000000000 ) ;
#7936 = CIRCLE ( 'NONE', #8244, 145.1627378425959591 ) ;
#7937 = CARTESIAN_POINT ( 'NONE',  ( 958.7932074315651789, -54.35287990626783738, 24.93532122852886701 ) ) ;
#7938 = EDGE_CURVE ( 'NONE', #8486, #1270, #6372, .T. ) ;
#7939 = DIRECTION ( 'NONE',  ( 0.000000000000000000, -3.731125292811028139E-14, -1.000000000000000000 ) ) ;
#7940 = DIRECTION ( 'NONE',  ( 0.000000000000000000, 0.000000000000000000, 1.000000000000000000 ) ) ;
#7941 = CIRCLE ( 'NONE', #6636, 147.6627378425959591 ) ;
#7942 = CARTESIAN_POINT ( 'NONE',  ( 977.5498501895685877, -69.98946287916439246, 20.74849128016865052 ) ) ;
#7943 = CIRCLE ( 'NONE', #7519, 72.99999999999974420 ) ;
#7944 = ORIENTED_EDGE ( 'NONE', *, *, #6947, .T. ) ;
#7945 = CIRCLE ( 'NONE', #4519, 72.99999999999987210 ) ;
#7946 = EDGE_CURVE ( 'NONE', #2060, #5132, #2499, .T. ) ;
#7947 = AXIS2_PLACEMENT_3D ( 'NONE', #437, #8744, #2597 ) ;
#7948 = CARTESIAN_POINT ( 'NONE',  ( 1001.793207431565179, -54.35287990626783738, 24.93532122852886701 ) ) ;
#7949 = DIRECTION ( 'NONE',  ( 0.000000000000000000, 0.000000000000000000, -1.000000000000000000 ) ) ;
#7950 = DIRECTION ( 'NONE',  ( 0.000000000000000000, 0.000000000000000000, 1.000000000000000000 ) ) ;
#7951 = CARTESIAN_POINT ( 'NONE',  ( 969.1008202615156506, 65.26120865863050824, -32.71057453952172978 ) ) ;
#7952 = CARTESIAN_POINT ( 'NONE',  ( 977.7932074315651789, -101.1368664649716322, -166.5788324321706853 ) ) ;
#7953 = CARTESIAN_POINT ( 'NONE',  ( 970.1235730824608936, -69.54989139674570708, 22.17684843932664407 ) ) ;
#7954 = DIRECTION ( 'NONE',  ( -1.000000000000000000, -0.000000000000000000, -0.000000000000000000 ) ) ;
#7955 = ORIENTED_EDGE ( 'NONE', *, *, #2514, .F. ) ;
#7956 = CARTESIAN_POINT ( 'NONE',  ( 969.6300527781542087, 59.34474885116212306, -42.51119898654225437 ) ) ;
#7957 = ORIENTED_EDGE ( 'NONE', *, *, #1251, .T. ) ;
#7958 = PRODUCT_DEFINITION_FORMATION_WITH_SPECIFIED_SOURCE ( 'ANY', '', #890, .NOT_KNOWN. ) ;
#7959 = VERTEX_POINT ( 'NONE', #3159 ) ;
#7960 = DIRECTION ( 'NONE',  ( -1.000000000000000000, -0.000000000000000000, -0.000000000000000000 ) ) ;
#7961 = ORIENTED_EDGE ( 'NONE', *, *, #6197, .F. ) ;
#7962 = CARTESIAN_POINT ( 'NONE',  ( 970.2932074315650652, -127.1728735659488621, 147.6625660138610669 ) ) ;
#7963 = CARTESIAN_POINT ( 'NONE',  ( 970.2932074315650652, -59.29285437106575074, 42.58353461763795167 ) ) ;
#7964 = CARTESIAN_POINT ( 'NONE',  ( 968.7637114205684838, 29.26433636770810054, 124.0961605277701665 ) ) ;
#7965 = CARTESIAN_POINT ( 'NONE',  ( 977.7932074315651789, 147.6625660138624028, 127.1728735659473131 ) ) ;
#7966 = CARTESIAN_POINT ( 'NONE',  ( 1038.865541267632807, 29.76757727979914137, 123.9763741318932517 ) ) ;
#7967 = CARTESIAN_POINT ( 'NONE',  ( 968.6413363216277048, 121.4488783624929624, 38.81279713252611430 ) ) ;
#7968 = VERTEX_POINT ( 'NONE', #8490 ) ;
#7969 = ORIENTED_EDGE ( 'NONE', *, *, #8822, .T. ) ;
#7970 = CARTESIAN_POINT ( 'NONE',  ( 975.2932074315651789, 166.5788324321696336, -101.1368664649733233 ) ) ;
#7971 = AXIS2_PLACEMENT_3D ( 'NONE', #6135, #5424, #3466 ) ;
#7972 = CARTESIAN_POINT ( 'NONE',  ( 968.1111217781452751, 1.744333341993889785, -72.97929768920201354 ) ) ;
#7973 = B_SPLINE_CURVE_WITH_KNOTS ( 'NONE', 3,
 ( #1716, #868, #174, #4451, #5665, #8407, #2255, #4996, #907, #7896, #8028, #6009, #1936, #5961, #1885, #4532 ),
 .UNSPECIFIED., .F., .F.,
 ( 4, 2, 2, 2, 2, 2, 2, 4 ),
 ( 0.000000000000000000, 0.0004881883398703319330, 0.0009763766797406638661, 0.001464565019610995908, 0.001952753359481327732, 0.002440941699351659774, 0.002929130039221991815, 0.003905506718962794242 ),
 .UNSPECIFIED. ) ;
#7974 = DIRECTION ( 'NONE',  ( 0.000000000000000000, 0.000000000000000000, 1.000000000000000000 ) ) ;
#7975 = DIRECTION ( 'NONE',  ( -1.000000000000000000, -0.000000000000000000, -0.000000000000000000 ) ) ;
#7976 = EDGE_CURVE ( 'NONE', #2541, #2087, #4452, .T. ) ;
#7977 = ORIENTED_EDGE ( 'NONE', *, *, #1987, .T. ) ;
#7978 = B_SPLINE_CURVE_WITH_KNOTS ( 'NONE', 3,
 ( #2720, #4312, #3346, #6067, #4064, #6289, #7457, #2670, #4952, #5457, #6788, #8194, #7503, #6332, #813, #1376 ),
 .UNSPECIFIED., .F., .F.,
 ( 4, 2, 2, 2, 2, 2, 2, 4 ),
 ( 0.000000000000000000, 0.001060870709216564815, 0.001591306063824897638, 0.002121741418433230678, 0.002652176773041563500, 0.003182612127649895890, 0.003713047482258229146, 0.004243482836866561969 ),
 .UNSPECIFIED. ) ;
#7979 = ORIENTED_EDGE ( 'NONE', *, *, #5539, .T. ) ;
#7980 = FACE_OUTER_BOUND ( 'NONE', #8563, .T. ) ;
#7981 = TOROIDAL_SURFACE ( 'NONE', #5131, 145.1627378425959591, 2.500000000000000000 ) ;
#7982 = DIRECTION ( 'NONE',  ( 0.000000000000000000, 0.000000000000000000, 1.000000000000000000 ) ) ;
#7983 = CARTESIAN_POINT ( 'NONE',  ( 977.7932074315649515, 65.82111733297954004, 31.57070562367172428 ) ) ;
#7984 = EDGE_CURVE ( 'NONE', #4597, #8539, #1505, .T. ) ;
#7985 = ORIENTED_EDGE ( 'NONE', *, *, #752, .T. ) ;
#7986 = VECTOR ( 'NONE', #4742, 1000.000000000000000 ) ;
#7987 = EDGE_LOOP ( 'NONE', ( #3888, #2897, #6115, #4969 ) ) ;
#7988 = B_SPLINE_CURVE_WITH_KNOTS ( 'NONE', 3,
 ( #3538, #918, #3615, #2986, #875, #2310, #4372, #7013, #7817, #3695, #4408, #5715, #8332, #784, #4241, #6259 ),
 .UNSPECIFIED., .F., .F.,
 ( 4, 2, 2, 2, 2, 2, 2, 4 ),
 ( 0.000000000000000000, 0.0004881883398703305778, 0.0009763766797406611556, 0.001464565019610991571, 0.001952753359481322311, 0.002440941699351652835, 0.002929130039221983142, 0.003905506718962825901 ),
 .UNSPECIFIED. ) ;
#7989 = DIRECTION ( 'NONE',  ( 0.000000000000000000, -3.552569766131139471E-15, 1.000000000000000000 ) ) ;
#7990 = CARTESIAN_POINT ( 'NONE',  ( 975.4630272440168710, -0.4006621794145744930, 72.99890046992462089 ) ) ;
#7991 = CARTESIAN_POINT ( 'NONE',  ( 968.5562076621536107, 11.40157095891640893, 72.10425616810827876 ) ) ;
#7992 = CARTESIAN_POINT ( 'NONE',  ( 968.0784268819819545, 64.71114907048989551, -33.78597282264718871 ) ) ;
#7993 = AXIS2_PLACEMENT_3D ( 'NONE', #2461, #4032, #7923 ) ;
#7994 = CIRCLE ( 'NONE', #1995, 2.500000000000000444 ) ;
#7995 = LINE ( 'NONE', #1176, #2722 ) ;
#7996 = CARTESIAN_POINT ( 'NONE',  ( 968.6413363216274774, -102.7860720883770256, 75.44061678831374707 ) ) ;
#7997 = DIRECTION ( 'NONE',  ( 0.000000000000000000, 0.000000000000000000, -1.000000000000000000 ) ) ;
#7998 = ORIENTED_EDGE ( 'NONE', *, *, #4890, .F. ) ;
#7999 = CARTESIAN_POINT ( 'NONE',  ( 977.7932074315651789, -65.97481553911629248, -31.24617919969673352 ) ) ;
#8000 = ORIENTED_EDGE ( 'NONE', *, *, #2846, .T. ) ;
#8001 = ADVANCED_FACE ( 'NONE', ( #5175 ), #7897, .T. ) ;
#8002 = ORIENTED_EDGE ( 'NONE', *, *, #7863, .T. ) ;
#8003 = DIRECTION ( 'NONE',  ( 0.000000000000000000, 0.000000000000000000, 1.000000000000000000 ) ) ;
#8004 = AXIS2_PLACEMENT_3D ( 'NONE', #6174, #7641, #2824 ) ;
#8005 = AXIS2_PLACEMENT_3D ( 'NONE', #5616, #6913, #5537 ) ;
#8006 = VERTEX_POINT ( 'NONE', #1717 ) ;
#8007 = CARTESIAN_POINT ( 'NONE',  ( 967.7932074315651789, 65.97481553911644880, 31.24617919969610469 ) ) ;
#8008 = DIRECTION ( 'NONE',  ( 0.000000000000000000, 0.000000000000000000, 1.000000000000000000 ) ) ;
#8009 = CARTESIAN_POINT ( 'NONE',  ( 969.1618290769856685, -0.6814942586606138608, 72.99685154076054516 ) ) ;
#8010 = CARTESIAN_POINT ( 'NONE',  ( 977.7932074315651789, 0.000000000000000000, 0.000000000000000000 ) ) ;
#8011 = CARTESIAN_POINT ( 'NONE',  ( 976.5738051988840880, 0.7686428024341919185, -72.99601993514060894 ) ) ;
#8012 = CONICAL_SURFACE ( 'NONE', #6000, 30.99999999999991473, 0.7853981633973862175 ) ;
#8013 = AXIS2_PLACEMENT_3D ( 'NONE', #7261, #8707, #1887 ) ;
#8014 = EDGE_LOOP ( 'NONE', ( #2578, #6282, #4699, #6982 ) ) ;
#8015 = CYLINDRICAL_SURFACE ( 'NONE', #2634, 3.000000000000002665 ) ;
#8016 = ORIENTED_EDGE ( 'NONE', *, *, #5160, .T. ) ;
#8017 = DIRECTION ( 'NONE',  ( 0.000000000000000000, 0.000000000000000000, -1.000000000000000000 ) ) ;
#8018 = AXIS2_PLACEMENT_3D ( 'NONE', #6206, #5399, #4874 ) ;
#8019 = FACE_OUTER_BOUND ( 'NONE', #2099, .T. ) ;
#8020 = CARTESIAN_POINT ( 'NONE',  ( 1007.993207431565224, -37.92267161132591013, -27.55243370120933477 ) ) ;
#8021 = FACE_BOUND ( 'NONE', #23, .T. ) ;
#8022 = CARTESIAN_POINT ( 'NONE',  ( 977.0249106011896174, 72.10519954592106728, -11.39561008114054097 ) ) ;
#8023 = CARTESIAN_POINT ( 'NONE',  ( 977.7932074315651789, -12.49991452610840703, 126.8857838248239602 ) ) ;
#8024 = ORIENTED_EDGE ( 'NONE', *, *, #8843, .F. ) ;
#8025 = CARTESIAN_POINT ( 'NONE',  ( 977.7272465782217523, -126.9490979718587766, -11.84345386390373100 ) ) ;
#8026 = LINE ( 'NONE', #5434, #4944 ) ;
#8027 = APPLICATION_PROTOCOL_DEFINITION ( 'draft international standard', 'automotive_design', 1998, #3334 ) ;
#8028 = CARTESIAN_POINT ( 'NONE',  ( 968.3072454628944570, 38.47336625738154225, -121.5568538697725245 ) ) ;
#8029 = CARTESIAN_POINT ( 'NONE',  ( 975.2932074315651789, 75.31834776957963129, -179.7340247757206839 ) ) ;
#8030 = CARTESIAN_POINT ( 'NONE',  ( 977.7932074315651789, -104.5993812805923255, -72.90555147392579727 ) ) ;
#8031 = EDGE_CURVE ( 'NONE', #4485, #6598, #1359, .T. ) ;
#8032 = CARTESIAN_POINT ( 'NONE',  ( 975.6498138585349125, -10.62587837592375450, -72.22252130287910177 ) ) ;
#8033 = ORIENTED_EDGE ( 'NONE', *, *, #5035, .F. ) ;
#8034 = ADVANCED_FACE ( 'NONE', ( #6463 ), #2341, .F. ) ;
#8035 = FACE_OUTER_BOUND ( 'NONE', #3911, .T. ) ;
#8036 = CARTESIAN_POINT ( 'NONE',  ( 970.2932074315650652, 0.0001905234638420781959, 127.4999999998575078 ) ) ;
#8037 = DIRECTION ( 'NONE',  ( 1.000000000000000000, 0.000000000000000000, 0.000000000000000000 ) ) ;
#8038 = CARTESIAN_POINT ( 'NONE',  ( 968.3375251523922316, 64.92448295781935030, -33.37410808616773750 ) ) ;
#8039 = CARTESIAN_POINT ( 'NONE',  ( 968.6413363216274774, -127.4985610765642150, 0.6166037332536523641 ) ) ;
#8040 = LINE ( 'NONE', #588, #1930 ) ;
#8041 = CARTESIAN_POINT ( 'NONE',  ( 970.2932074315650652, 72.99890046992466353, 0.4006621794154086591 ) ) ;
#8042 = VERTEX_POINT ( 'NONE', #8617 ) ;
#8043 = CARTESIAN_POINT ( 'NONE',  ( 970.2932074315650652, -108.7098512239556385, 66.62145485401389067 ) ) ;
#8044 = EDGE_LOOP ( 'NONE', ( #4388, #4625, #7338, #592 ) ) ;
#8045 = VERTEX_POINT ( 'NONE', #954 ) ;
#8046 = DIRECTION ( 'NONE',  ( 0.000000000000000000, 0.000000000000000000, 1.000000000000000000 ) ) ;
#8047 = CARTESIAN_POINT ( 'NONE',  ( 967.8701356896224297, -68.65814016426685384, -24.80095037040813821 ) ) ;
#8048 = CARTESIAN_POINT ( 'NONE',  ( 975.9951027213824091, -33.77807474423686074, 64.71509515698399184 ) ) ;
#8049 = EDGE_CURVE ( 'NONE', #4464, #4366, #7506, .T. ) ;
#8050 = DIRECTION ( 'NONE',  ( 0.000000000000000000, 0.000000000000000000, 1.000000000000000000 ) ) ;
#8051 = CARTESIAN_POINT ( 'NONE',  ( 976.8206886417103760, -102.8465608314902653, 75.35810029273081057 ) ) ;
#8052 = ADVANCED_FACE ( 'NONE', ( #7811 ), #6080, .F. ) ;
#8053 = DIRECTION ( 'NONE',  ( -1.000000000000000000, -0.000000000000000000, -0.000000000000000000 ) ) ;
#8054 = CARTESIAN_POINT ( 'NONE',  ( 975.9411352989149009, -96.90188236946610800, -82.86299664454664082 ) ) ;
#8055 = ORIENTED_EDGE ( 'NONE', *, *, #106, .F. ) ;
#8056 = CARTESIAN_POINT ( 'NONE',  ( 977.7932074315651789, 0.000000000000000000, 0.000000000000000000 ) ) ;
#8057 = ORIENTED_EDGE ( 'NONE', *, *, #5598, .T. ) ;
#8058 = CARTESIAN_POINT ( 'NONE',  ( 967.8459545321663882, -31.88636628499747516, 65.66867492449888744 ) ) ;
#8059 = FACE_OUTER_BOUND ( 'NONE', #5592, .T. ) ;
#8060 = DIRECTION ( 'NONE',  ( 1.000000000000000000, 0.000000000000000000, 0.000000000000000000 ) ) ;
#8061 = EDGE_CURVE ( 'NONE', #1516, #3102, #7585, .T. ) ;
#8062 = CARTESIAN_POINT ( 'NONE',  ( 976.5466784714077448, -124.0534555245273225, 29.44483793061652932 ) ) ;
#8063 = CARTESIAN_POINT ( 'NONE',  ( 969.1008202615154232, 32.71057453952236926, 65.26120865863016718 ) ) ;
#8064 = FACE_BOUND ( 'NONE', #7747, .T. ) ;
#8065 = ORIENTED_EDGE ( 'NONE', *, *, #6607, .T. ) ;
#8066 = AXIS2_PLACEMENT_3D ( 'NONE', #2090, #4830, #539 ) ;
#8067 = ORIENTED_EDGE ( 'NONE', *, *, #1037, .F. ) ;
#8068 = CARTESIAN_POINT ( 'NONE',  ( 976.6287946620489038, -32.79796407076453590, -65.21738243772313126 ) ) ;
#8069 = DIRECTION ( 'NONE',  ( -1.000000000000000000, -0.000000000000000000, -0.000000000000000000 ) ) ;
#8070 = CARTESIAN_POINT ( 'NONE',  ( 977.1768636741709315, 127.4972294568825788, -0.8483964734632508664 ) ) ;
#8071 = FACE_OUTER_BOUND ( 'NONE', #5685, .T. ) ;
#8072 = VECTOR ( 'NONE', #3223, 1000.000000000000000 ) ;
#8073 = DIRECTION ( 'NONE',  ( 0.000000000000000000, 0.000000000000000000, 1.000000000000000000 ) ) ;
#8074 = CARTESIAN_POINT ( 'NONE',  ( 975.9951027213822954, 64.71509515698410553, 33.77807474423663336 ) ) ;
#8075 = FACE_OUTER_BOUND ( 'NONE', #46, .T. ) ;
#8076 = AXIS2_PLACEMENT_3D ( 'NONE', #5599, #158, #6401 ) ;
#8077 = CARTESIAN_POINT ( 'NONE',  ( 968.3375251523924589, -11.67789438591593054, -72.06001915485994402 ) ) ;
#8078 = AXIS2_PLACEMENT_3D ( 'NONE', #8104, #1963, #3353 ) ;
#8079 = DIRECTION ( 'NONE',  ( 0.000000000000000000, -1.785677092277318755E-15, 1.000000000000000000 ) ) ;
#8080 = ORIENTED_EDGE ( 'NONE', *, *, #2755, .F. ) ;
#8081 = CARTESIAN_POINT ( 'NONE',  ( 968.2424519787778081, 32.77510829265021641, -65.22895867634917977 ) ) ;
#8082 = CARTESIAN_POINT ( 'NONE',  ( 975.2932074315651789, -0.4006621794146440485, 72.99890046992466353 ) ) ;
#8083 = CIRCLE ( 'NONE', #4809, 145.1627378425959591 ) ;
#8084 = CYLINDRICAL_SURFACE ( 'NONE', #3773, 157.6627378425955328 ) ;
#8085 = CARTESIAN_POINT ( 'NONE',  ( 977.7932074315648379, 25.26872385754271733, -68.48737359660087520 ) ) ;
#8086 = CIRCLE ( 'NONE', #2092, 75.49999999999987210 ) ;
#8087 = CYLINDRICAL_SURFACE ( 'NONE', #8453, 157.6627378425955328 ) ;
#8088 = FACE_BOUND ( 'NONE', #5140, .T. ) ;
#8089 = CARTESIAN_POINT ( 'NONE',  ( 969.9570765531306051, 72.99880714067776921, 0.4188215837714603373 ) ) ;
#8090 = VERTEX_POINT ( 'NONE', #5789 ) ;
#8091 = CARTESIAN_POINT ( 'NONE',  ( 977.7136058903374760, -1.853507130729209917, -127.4866267757255827 ) ) ;
#8092 = EDGE_CURVE ( 'NONE', #5076, #5735, #7217, .T. ) ;
#8093 = ORIENTED_EDGE ( 'NONE', *, *, #4062, .T. ) ;
#8094 = ORIENTED_EDGE ( 'NONE', *, *, #7938, .F. ) ;
#8095 = CARTESIAN_POINT ( 'NONE',  ( 970.2932074315650652, -75.31834776957833810, 179.7340247757211955 ) ) ;
#8096 = CIRCLE ( 'NONE', #3652, 127.4999999999997868 ) ;
#8097 = AXIS2_PLACEMENT_3D ( 'NONE', #6367, #1579, #5119 ) ;
#8098 = CARTESIAN_POINT ( 'NONE',  ( 970.2932074315650652, -69.54989139674569287, 22.17684843932655880 ) ) ;
#8099 = CARTESIAN_POINT ( 'NONE',  ( 975.4734716392106293, -33.87455307021121342, 64.66463217473210534 ) ) ;
#8100 = CARTESIAN_POINT ( 'NONE',  ( 968.0090611264090512, 10.53700108076285957, -72.23572809575684062 ) ) ;
#8101 = DIRECTION ( 'NONE',  ( -1.000000000000000000, -0.000000000000000000, -0.000000000000000000 ) ) ;
#8102 = DIRECTION ( 'NONE',  ( 0.000000000000000000, 0.000000000000000000, 1.000000000000000000 ) ) ;
#8103 = CARTESIAN_POINT ( 'NONE',  ( 1042.912997761359293, 108.7098512239561501, -66.62145485401308065 ) ) ;
#8104 = CARTESIAN_POINT ( 'NONE',  ( 967.7932074315651789, -44.71118576450651716, -189.6788945569603584 ) ) ;
#8105 = CARTESIAN_POINT ( 'NONE',  ( 967.7932074315649515, -72.35540302542901259, -9.686334007724802575 ) ) ;
#8106 = EDGE_CURVE ( 'NONE', #8562, #2889, #4361, .T. ) ;
#8107 = EDGE_LOOP ( 'NONE', ( #1232, #1968, #7232, #8138 ) ) ;
#8108 = CARTESIAN_POINT ( 'NONE',  ( 975.9514122167593086, 39.33640388975304347, -121.2803071756485451 ) ) ;
#8109 = ORIENTED_EDGE ( 'NONE', *, *, #6113, .T. ) ;
#8110 = ADVANCED_FACE ( 'NONE', ( #5129 ), #5656, .F. ) ;
#8111 = ORIENTED_EDGE ( 'NONE', *, *, #4612, .T. ) ;
#8112 = DIRECTION ( 'NONE',  ( 1.000000000000000000, 0.000000000000000000, 0.000000000000000000 ) ) ;
#8113 = CARTESIAN_POINT ( 'NONE',  ( 977.0249106011896174, -51.60161512361175795, -51.63616026887679311 ) ) ;
#8114 = B_SPLINE_CURVE_WITH_KNOTS ( 'NONE', 3,
 ( #1946, #4166, #4693, #4843, #2821, #7599, #2775, #7556, #1332, #1427, #1960, #7414, #5545, #6171, #8287, #2676, #6839, #2055 ),
 .UNSPECIFIED., .F., .F.,
 ( 4, 2, 2, 2, 2, 2, 2, 2, 4 ),
 ( 0.000000000000000000, 0.0005014877766709469617, 0.001002975553341893923, 0.001504463330012840994, 0.002005951106683787847, 0.002507438883354734700, 0.003008926660025681987, 0.003510414436696628841, 0.004011902213367575694 ),
 .UNSPECIFIED. ) ;
#8115 = DIRECTION ( 'NONE',  ( -1.000000000000000000, -0.000000000000000000, -0.000000000000000000 ) ) ;
#8116 = CARTESIAN_POINT ( 'NONE',  ( 958.7932074315651789, -37.92267161132591013, -27.55243370120933477 ) ) ;
#8117 = DIRECTION ( 'NONE',  ( 0.000000000000000000, 0.000000000000000000, -1.000000000000000000 ) ) ;
#8118 = CARTESIAN_POINT ( 'NONE',  ( 970.2932074315650652, -123.9763741318933370, 29.76757727979870793 ) ) ;
#8119 = EDGE_LOOP ( 'NONE', ( #8467, #7326, #8307, #8770 ) ) ;
#8120 = EDGE_LOOP ( 'NONE', ( #5444, #978, #8327, #5144 ) ) ;
#8121 = EDGE_CURVE ( 'NONE', #4204, #6045, #7941, .T. ) ;
#8122 = CARTESIAN_POINT ( 'NONE',  ( 967.8724445145013533, -95.73483067210960940, -84.20877509304609987 ) ) ;
#8123 = DIRECTION ( 'NONE',  ( 1.000000000000000000, -0.000000000000000000, -0.000000000000000000 ) ) ;
#8124 = CARTESIAN_POINT ( 'NONE',  ( 969.1823241134991349, -127.0869669635395240, -10.25459764202093815 ) ) ;
#8125 = CARTESIAN_POINT ( 'NONE',  ( 968.3908861589637809, -58.27122728242401450, -43.97134514123128213 ) ) ;
#8126 = DIRECTION ( 'NONE',  ( -1.000000000000000000, -0.000000000000000000, -0.000000000000000000 ) ) ;
#8128 = DIRECTION ( 'NONE',  ( -1.000000000000000000, -0.000000000000000000, -0.000000000000000000 ) ) ;
#8127 = AXIS2_PLACEMENT_3D ( 'NONE', #8900, #8745, #1923 ) ;
#8129 = CARTESIAN_POINT ( 'NONE',  ( 968.7637114205685975, 66.17986033732462658, 108.9792848504186082 ) ) ;
#8130 = CARTESIAN_POINT ( 'NONE',  ( 977.3428997317970470, 32.77673736413897387, -65.22814085692414210 ) ) ;
#8131 = ORIENTED_EDGE ( 'NONE', *, *, #3778, .F. ) ;
#8132 = CARTESIAN_POINT ( 'NONE',  ( 976.9692569047347206, -1.077269805862260732, 72.99215546751693751 ) ) ;
#8133 = CARTESIAN_POINT ( 'NONE',  ( 977.6656042090993424, 73.56489587372207950, -104.1368282194177226 ) ) ;
#8134 = DIRECTION ( 'NONE',  ( -1.000000000000000000, -0.000000000000000000, -0.000000000000000000 ) ) ;
#8135 = CARTESIAN_POINT ( 'NONE',  ( 967.7932074315651789, 53.09017784785631022, 50.10422153953648206 ) ) ;
#8136 = CARTESIAN_POINT ( 'NONE',  ( 970.2932074315650652, -58.82184773064289374, -43.23181964193783955 ) ) ;
#8137 = CARTESIAN_POINT ( 'NONE',  ( 976.9464254848242035, -0.6177858263674056438, -127.4985554287964078 ) ) ;
#8138 = ORIENTED_EDGE ( 'NONE', *, *, #2959, .T. ) ;
#8139 = ORIENTED_EDGE ( 'NONE', *, *, #2039, .F. ) ;
#8140 = DIRECTION ( 'NONE',  ( -1.000000000000000000, -0.000000000000000000, -0.000000000000000000 ) ) ;
#8141 = CARTESIAN_POINT ( 'NONE',  ( 967.7932074315651789, -68.42831489562409786, -25.42765660742794864 ) ) ;
#8142 = CARTESIAN_POINT ( 'NONE',  ( 968.1216482860448878, -65.54831323448497926, -109.3603548456491410 ) ) ;
#8143 = TOROIDAL_SURFACE ( 'NONE', #3574, 145.1627378425959591, 2.500000000000000000 ) ;
#8144 = AXIS2_PLACEMENT_3D ( 'NONE', #460, #4422, #3131 ) ;
#8145 = EDGE_CURVE ( 'NONE', #8483, #6338, #2804, .T. ) ;
#8146 = CARTESIAN_POINT ( 'NONE',  ( 969.4197070095235631, 12.06172690751430032, -71.99667899493323375 ) ) ;
#8147 = CARTESIAN_POINT ( 'NONE',  ( 967.7932074315651789, 70.26007323164139962, -19.81289493174851302 ) ) ;
#8148 = CARTESIAN_POINT ( 'NONE',  ( 977.7932074315651789, 0.000000000000000000, 0.000000000000000000 ) ) ;
#8149 = CARTESIAN_POINT ( 'NONE',  ( 967.8093088641630857, -84.44881552982866424, 95.52315510962610290 ) ) ;
#8150 = CARTESIAN_POINT ( 'NONE',  ( 968.2424519787778081, -72.16449165519743758, -11.01412355763090112 ) ) ;
#8151 = AXIS2_PLACEMENT_3D ( 'NONE', #2350, #283, #8417 ) ;
#8152 = ORIENTED_EDGE ( 'NONE', *, *, #4786, .F. ) ;
#8153 = AXIS2_PLACEMENT_3D ( 'NONE', #1970, #1247, #4523 ) ;
#8154 = CARTESIAN_POINT ( 'NONE',  ( 975.2932074315651789, 39.39948558418090130, -121.2597647024844321 ) ) ;
#8155 = AXIS2_PLACEMENT_3D ( 'NONE', #447, #5922, #5307 ) ;
#8156 = ORIENTED_EDGE ( 'NONE', *, *, #803, .F. ) ;
#8157 = VERTEX_POINT ( 'NONE', #2701 ) ;
#8158 = FACE_OUTER_BOUND ( 'NONE', #643, .T. ) ;
#8159 = CARTESIAN_POINT ( 'NONE',  ( 976.8206886417104897, 0.5142920948805101977, 127.4989955185366881 ) ) ;
#8160 = EDGE_CURVE ( 'NONE', #7120, #7826, #2089, .T. ) ;
#8161 = TOROIDAL_SURFACE ( 'NONE', #7001, 145.1627378425959591, 2.500000000000000000 ) ;
#8162 = FACE_OUTER_BOUND ( 'NONE', #2410, .T. ) ;
#8163 = CIRCLE ( 'NONE', #2869, 127.4999999999997868 ) ;
#8164 = CARTESIAN_POINT ( 'NONE',  ( 958.7932074315651789, 0.000000000000000000, 0.000000000000000000 ) ) ;
#8165 = DIRECTION ( 'NONE',  ( -1.000000000000000000, -0.000000000000000000, -0.000000000000000000 ) ) ;
#8166 = DIRECTION ( 'NONE',  ( 0.000000000000000000, 0.000000000000000000, -1.000000000000000000 ) ) ;
#8167 = ORIENTED_EDGE ( 'NONE', *, *, #3925, .T. ) ;
#8168 = ORIENTED_EDGE ( 'NONE', *, *, #3710, .T. ) ;
#8169 = AXIS2_PLACEMENT_3D ( 'NONE', #8825, #8140, #2002 ) ;
#8170 = TOROIDAL_SURFACE ( 'NONE', #8013, 145.1627378425959591, 2.500000000000000000 ) ;
#8171 = CARTESIAN_POINT ( 'NONE',  ( 1007.993207431565224, 0.000000000000000000, 49.87500000000000000 ) ) ;
#8172 = CARTESIAN_POINT ( 'NONE',  ( 977.4632779943993910, -127.0029602320336721, -11.24797265135170576 ) ) ;
#8173 = EDGE_CURVE ( 'NONE', #1165, #4448, #3540, .T. ) ;
#8174 = CARTESIAN_POINT ( 'NONE',  ( 969.6337287287652771, -127.1020289458889039, -10.06677788592973322 ) ) ;
#8175 = CARTESIAN_POINT ( 'NONE',  ( 968.1111217781452751, -58.01619865460675385, -44.30735022190290806 ) ) ;
#8176 = CARTESIAN_POINT ( 'NONE',  ( 976.9020747459414906, -72.12514523546576584, 11.26840024042313004 ) ) ;
#8177 = EDGE_CURVE ( 'NONE', #8620, #4528, #580, .T. ) ;
#8178 = CARTESIAN_POINT ( 'NONE',  ( 958.7932074315651789, 8.939921633775661082E-15, -72.99999999999987210 ) ) ;
#8179 = DIRECTION ( 'NONE',  ( 1.000000000000000000, 0.000000000000000000, 0.000000000000000000 ) ) ;
#8180 = CARTESIAN_POINT ( 'NONE',  ( 976.4798883673448699, 33.57362440865815501, -64.82143595036426120 ) ) ;
#8181 = DIRECTION ( 'NONE',  ( 1.000000000000000000, 0.000000000000000000, 0.000000000000000000 ) ) ;
#8182 = EDGE_LOOP ( 'NONE', ( #1157, #6246 ) ) ;
#8183 = CARTESIAN_POINT ( 'NONE',  ( 977.7932074315651789, -51.09798870964436901, 116.8128655150152184 ) ) ;
#8184 = CARTESIAN_POINT ( 'NONE',  ( 977.7136058903375897, 121.8197523381328864, 37.63274419455467523 ) ) ;
#8185 = CARTESIAN_POINT ( 'NONE',  ( 976.4022747810959117, 74.73718411886629553, -103.2986311859068564 ) ) ;
#8186 = CARTESIAN_POINT ( 'NONE',  ( 969.9658196246411990, -103.1592966869540788, -74.92937016233993575 ) ) ;
#8187 = EDGE_CURVE ( 'NONE', #3208, #2443, #3526, .T. ) ;
#8188 = CARTESIAN_POINT ( 'NONE',  ( 970.1281350223661093, -74.94246553048661497, 103.1497787695727624 ) ) ;
#8189 = FACE_OUTER_BOUND ( 'NONE', #1108, .T. ) ;
#8190 = CARTESIAN_POINT ( 'NONE',  ( 977.7932074315651789, 72.94382804113625696, 2.868222141723315577 ) ) ;
#8191 = CARTESIAN_POINT ( 'NONE',  ( 970.1235730824608936, -72.99890046992469195, -0.4006621794153827909 ) ) ;
#8192 = ORIENTED_EDGE ( 'NONE', *, *, #3136, .T. ) ;
#8193 = ORIENTED_EDGE ( 'NONE', *, *, #5356, .F. ) ;
#8194 = CARTESIAN_POINT ( 'NONE',  ( 969.4197070095235631, -12.06172690751387400, 71.99667899493327639 ) ) ;
#8195 = CARTESIAN_POINT ( 'NONE',  ( 1041.321464998407691, -71.96753237915946499, -12.23414415701335756 ) ) ;
#8196 = CARTESIAN_POINT ( 'NONE',  ( 975.9411352989146735, 82.86299664454692504, -96.90188236946579536 ) ) ;
#8197 = CARTESIAN_POINT ( 'NONE',  ( 967.8087372738299337, -2.701130985200327128, 72.95019699419840720 ) ) ;
#8198 = DIRECTION ( 'NONE',  ( 0.000000000000000000, 0.000000000000000000, -1.000000000000000000 ) ) ;
#8199 = B_SPLINE_CURVE_WITH_KNOTS ( 'NONE', 3,
 ( #4571, #1204, #2380, #4995, #1878, #906, #2934, #1163, #8534, #2339, #5084, #7809, #3895, #1674, #4403, #271 ),
 .UNSPECIFIED., .F., .F.,
 ( 4, 2, 2, 2, 2, 2, 2, 4 ),
 ( 0.000000000000000000, 0.0004881885400330885283, 0.0009763770800661770565, 0.001464565620099265476, 0.001952754160132354113, 0.002440942700165442750, 0.002929131240198530953, 0.003905508320265010935 ),
 .UNSPECIFIED. ) ;
#8200 = CARTESIAN_POINT ( 'NONE',  ( 967.9202297398426253, -84.08929479296050147, 95.83978056138201396 ) ) ;
#8201 = DIRECTION ( 'NONE',  ( 0.000000000000000000, 0.000000000000000000, 1.000000000000000000 ) ) ;
#8202 = CARTESIAN_POINT ( 'NONE',  ( 977.6709658558772844, 44.67653309934862449, -57.73241892333951597 ) ) ;
#8203 = ORIENTED_EDGE ( 'NONE', *, *, #2333, .T. ) ;
#8204 = CARTESIAN_POINT ( 'NONE',  ( 975.2932074315651789, -12.23414415701314084, 71.96753237915949342 ) ) ;
#8205 = ORIENTED_EDGE ( 'NONE', *, *, #1795, .T. ) ;
#8206 = VERTEX_POINT ( 'NONE', #4672 ) ;
#8207 = FACE_OUTER_BOUND ( 'NONE', #5666, .T. ) ;
#8208 = CARTESIAN_POINT ( 'NONE',  ( 977.7932074315650652, -50.79495492724392847, 116.9454229753896328 ) ) ;
#8209 = CARTESIAN_POINT ( 'NONE',  ( 976.1647925795699621, -52.07717096333820450, 51.15637867417967755 ) ) ;
#8210 = CARTESIAN_POINT ( 'NONE',  ( 977.7776520252658656, 19.97363201455899429, 70.21453587148076281 ) ) ;
#8211 = DIRECTION ( 'NONE',  ( 1.000000000000000000, 0.000000000000000000, 0.000000000000000000 ) ) ;
#8212 = CARTESIAN_POINT ( 'NONE',  ( 958.7932074315651789, 0.000000000000000000, 127.4999999999998863 ) ) ;
#8213 = ORIENTED_EDGE ( 'NONE', *, *, #5583, .F. ) ;
#8214 = VERTEX_POINT ( 'NONE', #6052 ) ;
#8215 = EDGE_CURVE ( 'NONE', #6095, #4730, #6726, .T. ) ;
#8216 = CARTESIAN_POINT ( 'NONE',  ( 969.1823241134990212, -96.78801477489832905, -82.99598870262089179 ) ) ;
#8217 = CARTESIAN_POINT ( 'NONE',  ( 976.5476831198556056, -103.3441873452327968, -74.67420770619617088 ) ) ;
#8218 = CARTESIAN_POINT ( 'NONE',  ( 968.7637114205683702, -127.0656393838717264, -10.51578474220199411 ) ) ;
#8219 = CARTESIAN_POINT ( 'NONE',  ( 977.5402670494213453, 127.4924883621986709, -1.392231204483658003 ) ) ;
#8220 = CARTESIAN_POINT ( 'NONE',  ( 977.7932074315651789, -71.74079029596708779, 13.50033361476878824 ) ) ;
#8221 = APPLICATION_PROTOCOL_DEFINITION ( 'draft international standard', 'automotive_design', 1998, #8551 ) ;
#8222 = TOROIDAL_SURFACE ( 'NONE', #3636, 145.1627378425959591, 2.500000000000000000 ) ;
#8223 = CARTESIAN_POINT ( 'NONE',  ( 1042.912997761359293, 74.94277380392682630, 103.1495547958081147 ) ) ;
#8224 = CARTESIAN_POINT ( 'NONE',  ( 967.9165188163373159, 44.67405905885243556, -57.73433002227698552 ) ) ;
#8225 = CARTESIAN_POINT ( 'NONE',  ( 975.9622145319366382, -22.09048454904828063, -69.57737989315799609 ) ) ;
#8226 = ADVANCED_FACE ( 'NONE', ( #7303 ), #1170, .T. ) ;
#8227 = DIRECTION ( 'NONE',  ( -1.000000000000000000, -0.000000000000000000, -0.000000000000000000 ) ) ;
#8228 = EDGE_LOOP ( 'NONE', ( #2969, #4276 ) ) ;
#8229 = EDGE_CURVE ( 'NONE', #5456, #4464, #2666, .T. ) ;
#8230 = CIRCLE ( 'NONE', #5772, 70.49999999999987210 ) ;
#8231 = CARTESIAN_POINT ( 'NONE',  ( 977.1970314762214684, -43.97276907054026651, 58.27015402672041233 ) ) ;
#8232 = CARTESIAN_POINT ( 'NONE',  ( 977.5402670494211179, 73.81186573284351482, -103.9619227099459806 ) ) ;
#8233 = DIRECTION ( 'NONE',  ( -1.000000000000000000, -0.000000000000000000, -0.000000000000000000 ) ) ;
#8234 = CARTESIAN_POINT ( 'NONE',  ( 969.6464772890310542, -74.87803936872863630, 103.1965611159940721 ) ) ;
#8235 = CARTESIAN_POINT ( 'NONE',  ( 977.7932074315652926, 12.17074976471291237, -126.9182108726651137 ) ) ;
#8236 = CIRCLE ( 'NONE', #3369, 160.1627378425955612 ) ;
#8237 = CARTESIAN_POINT ( 'NONE',  ( 969.4678067838158313, -22.04084155401580958, -69.59314673787349648 ) ) ;
#8238 = AXIS2_PLACEMENT_3D ( 'NONE', #4478, #987, #4305 ) ;
#8239 = ORIENTED_EDGE ( 'NONE', *, *, #2626, .T. ) ;
#8240 = ORIENTED_EDGE ( 'NONE', *, *, #7938, .T. ) ;
#8241 = EDGE_CURVE ( 'NONE', #4485, #5251, #7945, .T. ) ;
#8242 = CARTESIAN_POINT ( 'NONE',  ( 976.9692569047348343, 42.03218293637637260, 59.68509753390519990 ) ) ;
#8243 = FACE_OUTER_BOUND ( 'NONE', #748, .T. ) ;
#8244 = AXIS2_PLACEMENT_3D ( 'NONE', #944, #852, #254 ) ;
#8245 = FACE_OUTER_BOUND ( 'NONE', #3867, .T. ) ;
#8246 = CARTESIAN_POINT ( 'NONE',  ( 977.5758751313189805, 10.54103450417749066, -72.23514256637625408 ) ) ;
#8247 = DIRECTION ( 'NONE',  ( 0.000000000000000000, 0.000000000000000000, -1.000000000000000000 ) ) ;
#8248 = CARTESIAN_POINT ( 'NONE',  ( 968.5562076621533834, -65.03524386938127577, -33.15775373479773691 ) ) ;
#8249 = DIRECTION ( 'NONE',  ( 1.000000000000000000, 0.000000000000000000, 0.000000000000000000 ) ) ;
#8250 = CARTESIAN_POINT ( 'NONE',  ( 967.7932074315651789, 57.32680357809829985, 45.19586582432348365 ) ) ;
#8251 = CARTESIAN_POINT ( 'NONE',  ( 967.8093088641628583, 116.9440382776348173, 50.79731801786192591 ) ) ;
#8252 = ORIENTED_EDGE ( 'NONE', *, *, #4223, .T. ) ;
#8253 = AXIS2_PLACEMENT_3D ( 'NONE', #2926, #7709, #7036 ) ;
#8254 = AXIS2_PLACEMENT_3D ( 'NONE', #7704, #7795, #895 ) ;
#8255 = ORIENTED_EDGE ( 'NONE', *, *, #3940, .T. ) ;
#8256 = ORIENTED_EDGE ( 'NONE', *, *, #5900, .T. ) ;
#8257 = CARTESIAN_POINT ( 'NONE',  ( 976.9464254848242035, 0.6177858263682937112, 127.4985554287964078 ) ) ;
#8258 = DIRECTION ( 'NONE',  ( -1.000000000000000000, -0.000000000000000000, -0.000000000000000000 ) ) ;
#8259 = AXIS2_PLACEMENT_3D ( 'NONE', #7847, #4531, #3279 ) ;
#8260 = CARTESIAN_POINT ( 'NONE',  ( 977.5498501895685877, 20.74849128016890987, 69.98946287916430720 ) ) ;
#8261 = CARTESIAN_POINT ( 'NONE',  ( 976.5466784714077448, -108.8828919283561447, 66.33833095318327366 ) ) ;
#8262 = CARTESIAN_POINT ( 'NONE',  ( 977.7932074315651789, -84.69423573765838853, 95.30549004550536552 ) ) ;
#8263 = CARTESIAN_POINT ( 'NONE',  ( 970.2932074315650652, -44.71118576450651716, -189.6788945569603584 ) ) ;
#8264 = ORIENTED_EDGE ( 'NONE', *, *, #482, .T. ) ;
#8265 = VERTEX_POINT ( 'NONE', #6991 ) ;
#8266 = CARTESIAN_POINT ( 'NONE',  ( 977.4756012051087737, -68.86815042300565892, -24.21152856484405902 ) ) ;
#8267 = CARTESIAN_POINT ( 'NONE',  ( 975.6233520302658917, -103.1497787695724497, -74.94246553048698445 ) ) ;
#8268 = CARTESIAN_POINT ( 'NONE',  ( 970.2932074315650652, 82.80205065214671833, -96.95396024814721159 ) ) ;
#8269 = CARTESIAN_POINT ( 'NONE',  ( 977.3428997317971607, -72.03635730563905781, 11.82320168240324065 ) ) ;
#8270 = EDGE_CURVE ( 'NONE', #2693, #3094, #5238, .T. ) ;
#8271 = DIRECTION ( 'NONE',  ( -1.000000000000000000, -0.000000000000000000, -0.000000000000000000 ) ) ;
#8272 = CARTESIAN_POINT ( 'NONE',  ( 970.2932074315650652, 43.23181964193804561, -58.82184773064273742 ) ) ;
#8273 = CARTESIAN_POINT ( 'NONE',  ( 975.2932074315651789, -22.17684843932632077, -69.54989139674577814 ) ) ;
#8274 = EDGE_CURVE ( 'NONE', #8006, #1297, #4308, .T. ) ;
#8275 = VERTEX_POINT ( 'NONE', #3600 ) ;
#8276 = EDGE_CURVE ( 'NONE', #382, #4005, #8394, .T. ) ;
#8277 = EDGE_CURVE ( 'NONE', #5610, #3834, #7516, .T. ) ;
#8278 = CARTESIAN_POINT ( 'NONE',  ( 1001.793207431565179, -33.59192716851524807, -46.23532122852795823 ) ) ;
#8279 = CARTESIAN_POINT ( 'NONE',  ( 977.7932074315651789, 0.000000000000000000, 0.000000000000000000 ) ) ;
#8280 = FACE_OUTER_BOUND ( 'NONE', #5036, .T. ) ;
#8281 = CARTESIAN_POINT ( 'NONE',  ( 977.7932074315651789, 0.000000000000000000, 0.000000000000000000 ) ) ;
#8282 = CARTESIAN_POINT ( 'NONE',  ( 975.9622145319366382, 72.99835567376442214, 0.4912935325780984352 ) ) ;
#8283 = ORIENTED_EDGE ( 'NONE', *, *, #7605, .T. ) ;
#8284 = CARTESIAN_POINT ( 'NONE',  ( 986.7932074315651789, 0.000000000000000000, 0.000000000000000000 ) ) ;
#8285 = CARTESIAN_POINT ( 'NONE',  ( 976.1647925795699621, 12.06235138293854980, -71.99657279145543498 ) ) ;
#8286 = CARTESIAN_POINT ( 'NONE',  ( 977.7932074315648379, -40.55486591204165592, -60.69869519524657164 ) ) ;
#8287 = CARTESIAN_POINT ( 'NONE',  ( 975.9622145319366382, 59.34568539449831093, -42.50989208955721921 ) ) ;
#8288 = AXIS2_PLACEMENT_3D ( 'NONE', #4386, #2364, #1312 ) ;
#8289 = CARTESIAN_POINT ( 'NONE',  ( 969.1851730895936043, -39.64037660334571456, -121.1812463673287539 ) ) ;
#8290 = DIRECTION ( 'NONE',  ( 1.000000000000000000, 0.000000000000000000, 0.000000000000000000 ) ) ;
#8291 = DIRECTION ( 'NONE',  ( -1.000000000000000000, -0.000000000000000000, -0.000000000000000000 ) ) ;
#8292 = EDGE_CURVE ( 'NONE', #5593, #5806, #1490, .T. ) ;
#8293 = CARTESIAN_POINT ( 'NONE',  ( 968.0451641925291142, 117.2536303465472116, 50.07853040362252273 ) ) ;
#8294 = ORIENTED_EDGE ( 'NONE', *, *, #6293, .F. ) ;
#8295 = ORIENTED_EDGE ( 'NONE', *, *, #593, .T. ) ;
#8296 = ORIENTED_EDGE ( 'NONE', *, *, #8274, .T. ) ;
#8297 = CARTESIAN_POINT ( 'NONE',  ( 977.5074755329792424, 52.12837554920786687, 51.10437686235132304 ) ) ;
#8298 = AXIS2_PLACEMENT_3D ( 'NONE', #1449, #1258, #723 ) ;
#8299 = CARTESIAN_POINT ( 'NONE',  ( 975.6212234913449493, -48.80407022262610184, 117.7897013722548252 ) ) ;
#8300 = CARTESIAN_POINT ( 'NONE',  ( 977.2455835626553835, 33.36971034320190199, 64.92674458410255056 ) ) ;
#8301 = CARTESIAN_POINT ( 'NONE',  ( 1001.793207431565179, 37.92267161132571829, 27.55243370120959767 ) ) ;
#8302 = CARTESIAN_POINT ( 'NONE',  ( 977.7932074315651789, -40.41366809279674044, -60.79256065741304127 ) ) ;
#8303 = CIRCLE ( 'NONE', #7155, 70.49999999999987210 ) ;
#8304 = AXIS2_PLACEMENT_3D ( 'NONE', #6897, #7565, #3500 ) ;
#8305 = EDGE_CURVE ( 'NONE', #7361, #6846, #1158, .T. ) ;
#8306 = VERTEX_POINT ( 'NONE', #126 ) ;
#8307 = ORIENTED_EDGE ( 'NONE', *, *, #6520, .F. ) ;
#8308 = DIRECTION ( 'NONE',  ( -1.000000000000000000, -0.000000000000000000, -0.000000000000000000 ) ) ;
#8309 = CIRCLE ( 'NONE', #1570, 145.1627378425959591 ) ;
#8310 = CIRCLE ( 'NONE', #3584, 147.6627378425959876 ) ;
#8311 = B_SPLINE_CURVE_WITH_KNOTS ( 'NONE', 3,
 ( #5820, #7204, #5869, #1879, #4616, #4440, #1207, #1073, #6667, #3763, #1030, #3404, #655, #7252, #5205, #8568 ),
 .UNSPECIFIED., .F., .F.,
 ( 4, 2, 2, 2, 2, 2, 2, 4 ),
 ( 0.000000000000000000, 0.0004881883398703296562, 0.0009763766797406593125, 0.001464565019610988969, 0.001952753359481318625, 0.002440941699351648498, 0.002929130039221977937, 0.003905506718962763885 ),
 .UNSPECIFIED. ) ;
#8312 = TOROIDAL_SURFACE ( 'NONE', #7136, 160.1627378425955612, 2.500000000000000000 ) ;
#8313 = CARTESIAN_POINT ( 'NONE',  ( 967.7932074315651789, -75.31834776957833810, 179.7340247757211955 ) ) ;
#8314 = CARTESIAN_POINT ( 'NONE',  ( 977.7932074315651789, 101.1368664649727265, 166.5788324321699747 ) ) ;
#8315 = B_SPLINE_CURVE_WITH_KNOTS ( 'NONE', 3,
 ( #3696, #3036, #5758, #2574, #7992, #7400, #8038, #5310, #1893, #4629, #7951, #5347, #7354, #5926, #1810, #540 ),
 .UNSPECIFIED., .F., .F.,
 ( 4, 2, 2, 2, 2, 2, 2, 4 ),
 ( 0.000000000000000000, 0.001060870709216737854, 0.001591306063825038150, 0.002121741418433339098, 0.002652176773041639395, 0.003182612127649939691, 0.003713047482258240422, 0.004243482836866541152 ),
 .UNSPECIFIED. ) ;
#8316 = CARTESIAN_POINT ( 'NONE',  ( 968.3072454628944570, -0.9727879456190555718, -127.4963619775274850 ) ) ;
#8317 = AXIS2_PLACEMENT_3D ( 'NONE', #2619, #3397, #7673 ) ;
#8318 = CARTESIAN_POINT ( 'NONE',  ( 1042.912997761359293, -52.19908471100762881, 51.03190722805682356 ) ) ;
#8319 = CIRCLE ( 'NONE', #6570, 127.4999999999997868 ) ;
#8320 = ORIENTED_EDGE ( 'NONE', *, *, #1493, .F. ) ;
#8321 = AXIS2_PLACEMENT_3D ( 'NONE', #2163, #7621, #3475 ) ;
#8322 = CARTESIAN_POINT ( 'NONE',  ( 977.6709658558772844, -44.67653309934819816, 57.73241892333985703 ) ) ;
#8323 = CARTESIAN_POINT ( 'NONE',  ( 975.2932074315651789, -179.7340247757209113, -75.31834776957897759 ) ) ;
#8324 = LINE ( 'NONE', #639, #277 ) ;
#8325 = DIRECTION ( 'NONE',  ( -0.000000000000000000, 0.000000000000000000, 1.000000000000000000 ) ) ;
#8326 = CARTESIAN_POINT ( 'NONE',  ( 976.8184840389476449, 117.5982781023695480, 49.26361025842413710 ) ) ;
#8327 = ORIENTED_EDGE ( 'NONE', *, *, #4043, .F. ) ;
#8328 = EDGE_CURVE ( 'NONE', #3103, #3211, #4955, .T. ) ;
#8329 = CARTESIAN_POINT ( 'NONE',  ( 969.0366317484428009, -66.33684768678809007, -108.8837962221943343 ) ) ;
#8330 = CYLINDRICAL_SURFACE ( 'NONE', #5939, 7.275000000000003908 ) ;
#8331 = CARTESIAN_POINT ( 'NONE',  ( 975.4734716392106293, 52.19908471100799119, -51.03190722805646118 ) ) ;
#8332 = CARTESIAN_POINT ( 'NONE',  ( 968.0467338867611033, 73.81270765121857380, -103.9613234645897535 ) ) ;
#8333 = CARTESIAN_POINT ( 'NONE',  ( 976.1000973941278289, 29.64260382391202953, 124.0063305471223032 ) ) ;
#8334 = DIRECTION ( 'NONE',  ( -1.000000000000000000, -0.000000000000000000, -0.000000000000000000 ) ) ;
#8335 = CARTESIAN_POINT ( 'NONE',  ( 977.7932074315651789, -127.4754850237273303, 2.500143588965386687 ) ) ;
#8336 = CARTESIAN_POINT ( 'NONE',  ( 968.4107331596588892, 75.62627389986900539, 102.6495493062693782 ) ) ;
#8337 = EDGE_LOOP ( 'NONE', ( #608, #2147, #8793, #3112 ) ) ;
#8338 = ORIENTED_EDGE ( 'NONE', *, *, #5306, .T. ) ;
#8339 = EDGE_CURVE ( 'NONE', #2961, #2149, #6508, .T. ) ;
#8340 = ORIENTED_EDGE ( 'NONE', *, *, #4323, .F. ) ;
#8341 = DIRECTION ( 'NONE',  ( -1.000000000000000000, -0.000000000000000000, -0.000000000000000000 ) ) ;
#8342 = CARTESIAN_POINT ( 'NONE',  ( 977.1774328682960231, -49.57477744262671848, 117.4674629032396922 ) ) ;
#8343 = EDGE_CURVE ( 'NONE', #5414, #7500, #1796, .T. ) ;
#8344 = CARTESIAN_POINT ( 'NONE',  ( 967.8701356896224297, -60.42063256469534593, 40.96796932450568818 ) ) ;
#8345 = CARTESIAN_POINT ( 'NONE',  ( 967.8724445145013533, -117.0711771263720777, -50.50361465018458063 ) ) ;
#8346 = EDGE_LOOP ( 'NONE', ( #421, #4674, #8484, #1222 ) ) ;
#8347 = ORIENTED_EDGE ( 'NONE', *, *, #4234, .T. ) ;
#8348 = CARTESIAN_POINT ( 'NONE',  ( 975.2932074315651789, 101.1368664649727265, 166.5788324321699747 ) ) ;
#8349 = CARTESIAN_POINT ( 'NONE',  ( 969.9321275244392382, 71.97140414119606078, 12.21142446341813148 ) ) ;
#8350 = EDGE_CURVE ( 'NONE', #6106, #7194, #44, .T. ) ;
#8351 = CARTESIAN_POINT ( 'NONE',  ( 975.2932074315651789, 16.09113731973758732, -194.2118649119462646 ) ) ;
#8352 = CARTESIAN_POINT ( 'NONE',  ( 976.4022747810960254, -121.3378963181858268, -39.15825343368273082 ) ) ;
#8353 = B_SPLINE_CURVE_WITH_KNOTS ( 'NONE', 3,
 ( #6927, #2863, #1471, #1513, #1644, #4330, #6221, #67, #2866, #8336, #4749, #2109, #6929, #6176, #4796, #3029 ),
 .UNSPECIFIED., .F., .F.,
 ( 4, 2, 2, 2, 2, 2, 2, 4 ),
 ( 0.000000000000000000, 0.0004881883398703279215, 0.0009763766797406558430, 0.001464565019610983765, 0.001952753359481311686, 0.002440941699351639824, 0.002929130039221967529, 0.003905506718962758680 ),
 .UNSPECIFIED. ) ;
#8354 = DIRECTION ( 'NONE',  ( 1.000000000000000000, 0.000000000000000000, 0.000000000000000000 ) ) ;
#8355 = CARTESIAN_POINT ( 'NONE',  ( 968.2886015245320550, 44.07893000177824661, -58.18993486777151247 ) ) ;
#8356 = VERTEX_POINT ( 'NONE', #4186 ) ;
#8357 = CARTESIAN_POINT ( 'NONE',  ( 977.4632779943997321, 96.13616072098838572, 83.75026804908374345 ) ) ;
#8358 = CARTESIAN_POINT ( 'NONE',  ( 975.2932074315651789, -72.99890046992466353, -0.4006621794154086591 ) ) ;
#8359 = ORIENTED_EDGE ( 'NONE', *, *, #8840, .F. ) ;
#8360 = DIRECTION ( 'NONE',  ( 0.000000000000000000, 0.000000000000000000, -1.000000000000000000 ) ) ;
#8361 = CARTESIAN_POINT ( 'NONE',  ( 969.1851730895936043, -103.2982878046664865, -74.73765894794000531 ) ) ;
#8362 = DIRECTION ( 'NONE',  ( 0.000000000000000000, 0.000000000000000000, -1.000000000000000000 ) ) ;
#8363 = DIRECTION ( 'NONE',  ( -1.000000000000000000, -0.000000000000000000, -0.000000000000000000 ) ) ;
#8364 = CARTESIAN_POINT ( 'NONE',  ( 970.2932074315650652, -48.78900844669404790, 117.7959364952305918 ) ) ;
#8365 = AXIS2_PLACEMENT_3D ( 'NONE', #2261, #5007, #7729 ) ;
#8366 = ORIENTED_EDGE ( 'NONE', *, *, #3113, .F. ) ;
#8367 = CARTESIAN_POINT ( 'NONE',  ( 970.2932074315650652, 75.31834776957963129, -32.07128693312471768 ) ) ;
#8368 = DIRECTION ( 'NONE',  ( 0.000000000000000000, 0.000000000000000000, -1.000000000000000000 ) ) ;
#8369 = CARTESIAN_POINT ( 'NONE',  ( 976.4798883673448699, 51.96133957795009195, -51.27402855116594083 ) ) ;
#8370 = CARTESIAN_POINT ( 'NONE',  ( 970.2932074315650652, 39.39984798134366173, 121.2596469525083762 ) ) ;
#8371 = AXIS2_PLACEMENT_3D ( 'NONE', #4882, #4198, #5585 ) ;
#8372 = CYLINDRICAL_SURFACE ( 'NONE', #1065, 7.274999999999996803 ) ;
#8373 = EDGE_CURVE ( 'NONE', #7373, #1270, #3625, .T. ) ;
#8374 = CARTESIAN_POINT ( 'NONE',  ( 968.3024195543162023, -49.69511166749667552, 117.4166276819747736 ) ) ;
#8375 = CARTESIAN_POINT ( 'NONE',  ( 970.2932074315650652, -147.6625660138615217, -127.1728735659483362 ) ) ;
#8376 = ORIENTED_EDGE ( 'NONE', *, *, #4612, .F. ) ;
#8377 = VERTEX_POINT ( 'NONE', #2374 ) ;
#8378 = TOROIDAL_SURFACE ( 'NONE', #1352, 145.1627378425959591, 2.500000000000000000 ) ;
#8379 = ORIENTED_EDGE ( 'NONE', *, *, #3814, .F. ) ;
#8380 = CIRCLE ( 'NONE', #4810, 72.99999999999987210 ) ;
#8381 = CARTESIAN_POINT ( 'NONE',  ( 975.2932074315651789, -64.66463217473193481, -33.87455307021146211 ) ) ;
#8382 = DIRECTION ( 'NONE',  ( -1.000000000000000000, -0.000000000000000000, -0.000000000000000000 ) ) ;
#8383 = CARTESIAN_POINT ( 'NONE',  ( 976.6287946620487901, 32.79796407076500486, 65.21738243772287547 ) ) ;
#8384 = DIRECTION ( 'NONE',  ( -1.000000000000000000, -0.000000000000000000, -0.000000000000000000 ) ) ;
#8385 = EDGE_CURVE ( 'NONE', #2843, #6846, #8663, .T. ) ;
#8386 = CARTESIAN_POINT ( 'NONE',  ( 970.2932074315650652, -127.1728735659488621, 2.499828171265122911 ) ) ;
#8387 = AXIS2_PLACEMENT_3D ( 'NONE', #5043, #5830, #5215 ) ;
#8388 = AXIS2_PLACEMENT_3D ( 'NONE', #3461, #7566, #1443 ) ;
#8389 = VERTEX_POINT ( 'NONE', #7800 ) ;
#8390 = EDGE_CURVE ( 'NONE', #821, #3211, #3101, .T. ) ;
#8391 = EDGE_LOOP ( 'NONE', ( #4088, #2489, #6321, #1818 ) ) ;
#8392 = CARTESIAN_POINT ( 'NONE',  ( 968.3908861589637809, 23.81243481347731006, -69.00712333363199491 ) ) ;
#8393 = DIRECTION ( 'NONE',  ( 0.000000000000000000, 0.000000000000000000, -1.000000000000000000 ) ) ;
#8394 = CIRCLE ( 'NONE', #3092, 160.1627378425955612 ) ;
#8395 = TOROIDAL_SURFACE ( 'NONE', #7202, 145.1627378425959591, 2.500000000000000000 ) ;
#8396 = DIRECTION ( 'NONE',  ( 0.000000000000000000, 0.000000000000000000, 1.000000000000000000 ) ) ;
#8397 = CARTESIAN_POINT ( 'NONE',  ( 977.7136058903372486, -121.8197523381326448, -37.63274419455548525 ) ) ;
#8398 = CARTESIAN_POINT ( 'NONE',  ( 975.2932074315651789, 44.71118576450793114, 189.6788945569600173 ) ) ;
#8399 = CARTESIAN_POINT ( 'NONE',  ( 969.9570765531306051, 43.24645605111491165, -58.81109839562505215 ) ) ;
#8400 = VERTEX_POINT ( 'NONE', #7754 ) ;
#8401 = ADVANCED_FACE ( 'NONE', ( #5870 ), #5821, .T. ) ;
#8402 = ORIENTED_EDGE ( 'NONE', *, *, #5539, .F. ) ;
#8403 = CARTESIAN_POINT ( 'NONE',  ( 975.2932074315651789, 121.2596469525088025, -39.39984798134238275 ) ) ;
#8404 = VERTEX_POINT ( 'NONE', #5694 ) ;
#8405 = CARTESIAN_POINT ( 'NONE',  ( 968.1244542515912599, 1.245789640828142586, 127.4939866898147045 ) ) ;
#8406 = CARTESIAN_POINT ( 'NONE',  ( 977.7932074315651789, 0.000000000000000000, 0.000000000000000000 ) ) ;
#8407 = CARTESIAN_POINT ( 'NONE',  ( 969.1851730895938317, 39.15881113360711652, -121.3377164734725397 ) ) ;
#8408 = DIRECTION ( 'NONE',  ( -1.000000000000000000, -0.000000000000000000, -0.000000000000000000 ) ) ;
#8409 = ORIENTED_EDGE ( 'NONE', *, *, #822, .T. ) ;
#8410 = EDGE_LOOP ( 'NONE', ( #8848, #2995, #4301, #2293 ) ) ;
#8411 = CARTESIAN_POINT ( 'NONE',  ( 958.7932074315651789, 37.92267161132571829, 24.55243370120959412 ) ) ;
#8412 = CIRCLE ( 'NONE', #5823, 145.1627378425959591 ) ;
#8413 = DIRECTION ( 'NONE',  ( 1.000000000000000000, 0.000000000000000000, 0.000000000000000000 ) ) ;
#8414 = CARTESIAN_POINT ( 'NONE',  ( 1042.912997761359293, 51.03190722805700830, 52.19908471100745118 ) ) ;
#8415 = LINE ( 'NONE', #280, #4344 ) ;
#8416 = DIRECTION ( 'NONE',  ( 0.000000000000000000, 0.000000000000000000, -1.000000000000000000 ) ) ;
#8417 = DIRECTION ( 'NONE',  ( 0.000000000000000000, 2.631524135987626891E-15, 1.000000000000000000 ) ) ;
#8418 = ORIENTED_EDGE ( 'NONE', *, *, #4890, .T. ) ;
#8419 = CARTESIAN_POINT ( 'NONE',  ( 976.9464254848242035, -127.4985554287964078, 0.6177858263669578909 ) ) ;
#8420 = ORIENTED_EDGE ( 'NONE', *, *, #6503, .T. ) ;
#8421 = EDGE_LOOP ( 'NONE', ( #1088, #2617, #6405, #8641 ) ) ;
#8422 = VERTEX_POINT ( 'NONE', #7888 ) ;
#8423 = CARTESIAN_POINT ( 'NONE',  ( 977.4756012051087737, 68.86815042300581524, 24.21152856484361848 ) ) ;
#8424 = CARTESIAN_POINT ( 'NONE',  ( 975.6212234913449493, 48.80407022262681949, -117.7897013722545694 ) ) ;
#8425 = CARTESIAN_POINT ( 'NONE',  ( 976.5466784714077448, 108.8828919283565853, -66.33833095318253470 ) ) ;
#8426 = DIRECTION ( 'NONE',  ( 0.000000000000000000, 0.000000000000000000, 1.000000000000000000 ) ) ;
#8427 = CARTESIAN_POINT ( 'NONE',  ( 967.9202297398430801, -117.1340689592293955, -50.35755083287683931 ) ) ;
#8428 = EDGE_CURVE ( 'NONE', #930, #6668, #8096, .T. ) ;
#8429 = ORIENTED_EDGE ( 'NONE', *, *, #2559, .F. ) ;
#8430 = VECTOR ( 'NONE', #6602, 1000.000000000000000 ) ;
#8431 = EDGE_LOOP ( 'NONE', ( #514, #4030, #5079, #8109 ) ) ;
#8432 = CARTESIAN_POINT ( 'NONE',  ( 975.2932074315651789, 127.1728735659488621, -147.6625660138610669 ) ) ;
#8433 = ADVANCED_FACE ( 'NONE', ( #5779 ), #7205, .F. ) ;
#8434 = CARTESIAN_POINT ( 'NONE',  ( 975.2932074315651789, 0.4006621794151537519, -72.99890046992466353 ) ) ;
#8435 = DIRECTION ( 'NONE',  ( 0.000000000000000000, -8.881393958958240364E-15, 1.000000000000000000 ) ) ;
#8436 = AXIS2_PLACEMENT_3D ( 'NONE', #342, #7794, #1069 ) ;
#8437 = CIRCLE ( 'NONE', #1416, 3.000000000000002665 ) ;
#8438 = CARTESIAN_POINT ( 'NONE',  ( 977.7770235444022546, -121.9136276158651668, -37.32750858116556714 ) ) ;
#8439 = DIRECTION ( 'NONE',  ( -1.000000000000000000, -0.000000000000000000, -0.000000000000000000 ) ) ;
#8440 = DIRECTION ( 'NONE',  ( -1.000000000000000000, -0.000000000000000000, -0.000000000000000000 ) ) ;
#8441 = ORIENTED_EDGE ( 'NONE', *, *, #3354, .T. ) ;
#8442 = ORIENTED_EDGE ( 'NONE', *, *, #2111, .T. ) ;
#8443 = CIRCLE ( 'NONE', #704, 157.6627378425955328 ) ;
#8444 = AXIS2_PLACEMENT_3D ( 'NONE', #6469, #5137, #4459 ) ;
#8445 = TOROIDAL_SURFACE ( 'NONE', #2281, 160.1627378425955612, 2.500000000000000000 ) ;
#8446 = CARTESIAN_POINT ( 'NONE',  ( 969.1008202615154232, -32.71057453952192873, -65.26120865863036613 ) ) ;
#8447 = ORIENTED_EDGE ( 'NONE', *, *, #589, .F. ) ;
#8448 = EDGE_CURVE ( 'NONE', #393, #5122, #2330, .T. ) ;
#8449 = EDGE_CURVE ( 'NONE', #4378, #5849, #1658, .T. ) ;
#8450 = FACE_OUTER_BOUND ( 'NONE', #8107, .T. ) ;
#8451 = VECTOR ( 'NONE', #7318, 1000.000000000000000 ) ;
#8452 = CARTESIAN_POINT ( 'NONE',  ( 970.2932074315650652, -39.39984798134282329, -121.2596469525086746 ) ) ;
#8453 = AXIS2_PLACEMENT_3D ( 'NONE', #6686, #3872, #1278 ) ;
#8454 = CARTESIAN_POINT ( 'NONE',  ( 976.1647925795701894, 71.99657279145561972, 12.06235138293783393 ) ) ;
#8455 = ORIENTED_EDGE ( 'NONE', *, *, #5680, .F. ) ;
#8456 = AXIS2_PLACEMENT_3D ( 'NONE', #8661, #7392, #8755 ) ;
#8457 = EDGE_CURVE ( 'NONE', #6179, #930, #396, .T. ) ;
#8458 = CARTESIAN_POINT ( 'NONE',  ( 967.7932074315654063, 50.94646322828941010, -116.8791480028332472 ) ) ;
#8459 = CARTESIAN_POINT ( 'NONE',  ( 977.7932074315648379, -60.69869519524640111, 40.55486591204189040 ) ) ;
#8460 = CARTESIAN_POINT ( 'NONE',  ( 968.0784268819821818, 12.13552482403825827, 71.98439977412449764 ) ) ;
#8461 = DIRECTION ( 'NONE',  ( -1.000000000000000000, -0.000000000000000000, -0.000000000000000000 ) ) ;
#8462 = B_SPLINE_CURVE_WITH_KNOTS ( 'NONE', 3,
 ( #5465, #7514, #4363, #4322, #4455, #3376, #4668, #1402, #6867, #8125, #1311, #8175, #1451, #2698, #674, #4045, #2753, #4184 ),
 .UNSPECIFIED., .F., .F.,
 ( 4, 2, 2, 2, 2, 2, 2, 2, 4 ),
 ( 0.000000000000000000, 0.0005014719534716527297, 0.001002943906943305459, 0.001504415860414958298, 0.002005887813886610919, 0.002507359767358263540, 0.003008831720829916595, 0.003510303674301569216, 0.004011775627773221838 ),
 .UNSPECIFIED. ) ;
#8463 = DIRECTION ( 'NONE',  ( 1.000000000000000000, 0.000000000000000000, 0.000000000000000000 ) ) ;
#8464 = CARTESIAN_POINT ( 'NONE',  ( 976.9020747459418317, -11.26840024042338406, -72.12514523546576584 ) ) ;
#8465 = CARTESIAN_POINT ( 'NONE',  ( 977.7770235444020273, -127.4815844785061927, 2.172812506019615064 ) ) ;
#8466 = ORIENTED_EDGE ( 'NONE', *, *, #6294, .T. ) ;
#8467 = ORIENTED_EDGE ( 'NONE', *, *, #8815, .F. ) ;
#8468 = ORIENTED_EDGE ( 'NONE', *, *, #1150, .F. ) ;
#8469 = CARTESIAN_POINT ( 'NONE',  ( 977.2455835626558383, -65.15964571091525670, -32.91261614497533117 ) ) ;
#8470 = CARTESIAN_POINT ( 'NONE',  ( 977.7932074315651789, 50.79495492724469585, -116.9454229753893202 ) ) ;
#8471 = CARTESIAN_POINT ( 'NONE',  ( 977.5074755329791287, 33.78491031254666410, 64.71170456000723448 ) ) ;
#8472 = CARTESIAN_POINT ( 'NONE',  ( 969.9658196246413127, 121.2647700885271718, 39.38408995074808416 ) ) ;
#8473 = CARTESIAN_POINT ( 'NONE',  ( 968.5562076621531560, 72.10425616810837823, -11.40157095891563976 ) ) ;
#8474 = EDGE_LOOP ( 'NONE', ( #691, #3221 ) ) ;
#8475 = ORIENTED_EDGE ( 'NONE', *, *, #219, .T. ) ;
#8476 = CARTESIAN_POINT ( 'NONE',  ( 975.2932074315651789, -66.62145485401345013, -108.7098512239559085 ) ) ;
#8477 = B_SPLINE_CURVE_WITH_KNOTS ( 'NONE', 3,
 ( #1401, #4620, #6004, #40, #2752, #4667, #1262, #6766, #2697, #5482, #8218, #7340, #8124, #8174, #7439, #3995 ),
 .UNSPECIFIED., .F., .F.,
 ( 4, 2, 2, 2, 2, 2, 2, 4 ),
 ( 0.000000000000000000, 0.0004891428882835947107, 0.0009782857765671894214, 0.001467428664850784024, 0.001956571553134378843, 0.002445714441417973662, 0.002934857329701568047, 0.003913143106268755084 ),
 .UNSPECIFIED. ) ;
#8478 = CYLINDRICAL_SURFACE ( 'NONE', #8254, 147.6627378425959591 ) ;
#8479 = CARTESIAN_POINT ( 'NONE',  ( 977.6656042090995697, -121.7728120787900536, -37.78432393117261512 ) ) ;
#8480 = CARTESIAN_POINT ( 'NONE',  ( 977.5406705918380794, 65.42563650107436501, 109.4338101651084969 ) ) ;
#8481 = LINE ( 'NONE', #3638, #2949 ) ;
#8482 = EDGE_CURVE ( 'NONE', #7933, #6953, #8481, .T. ) ;
#8483 = VERTEX_POINT ( 'NONE', #6123 ) ;
#8484 = ORIENTED_EDGE ( 'NONE', *, *, #4429, .T. ) ;
#8485 = DIRECTION ( 'NONE',  ( 0.000000000000000000, 0.000000000000000000, -1.000000000000000000 ) ) ;
#8486 = VERTEX_POINT ( 'NONE', #1241 ) ;
#8487 = CARTESIAN_POINT ( 'NONE',  ( 968.6413363216277048, 0.6166037332549891836, 127.4985610765642434 ) ) ;
#8488 = DIRECTION ( 'NONE',  ( 0.000000000000000000, 0.000000000000000000, -1.000000000000000000 ) ) ;
#8489 = CARTESIAN_POINT ( 'NONE',  ( 969.9321275244387834, 51.04839385017427134, 52.18297985740777989 ) ) ;
#8490 = CARTESIAN_POINT ( 'NONE',  ( 977.7932074315651789, 12.49991452610929521, -126.8857838248238750 ) ) ;
#8491 = EDGE_CURVE ( 'NONE', #6944, #2939, #6033, .T. ) ;
#8492 = ORIENTED_EDGE ( 'NONE', *, *, #3795, .T. ) ;
#8493 = B_SPLINE_CURVE_WITH_KNOTS ( 'NONE', 3,
 ( #8381, #6267, #4293, #3588, #931, #5678, #7022, #4972, #6350, #8469, #5061, #2273, #7739, #1565, #5726, #73 ),
 .UNSPECIFIED., .F., .F.,
 ( 4, 2, 2, 2, 2, 2, 2, 4 ),
 ( 0.000000000000000000, 0.0005326074553525467301, 0.001065214910705093460, 0.001597822366057639974, 0.002130429821410186920, 0.002663037276762733434, 0.003195644732115279947, 0.004260859642820355626 ),
 .UNSPECIFIED. ) ;
#8494 = ORIENTED_EDGE ( 'NONE', *, *, #5960, .F. ) ;
#8495 = CARTESIAN_POINT ( 'NONE',  ( 977.1768636741707041, 75.62735834790584022, 102.6487504311405843 ) ) ;
#8496 = CARTESIAN_POINT ( 'NONE',  ( 977.7932074315650652, -120.5178825943672649, 41.61390661516185219 ) ) ;
#8497 = DIRECTION ( 'NONE',  ( 0.000000000000000000, -5.263048271975253783E-15, 1.000000000000000000 ) ) ;
#8498 = DIRECTION ( 'NONE',  ( 0.000000000000000000, 0.000000000000000000, 1.000000000000000000 ) ) ;
#8499 = CARTESIAN_POINT ( 'NONE',  ( 969.9570765531306051, -69.55541419991104135, 22.15954897915836241 ) ) ;
#8500 = DIRECTION ( 'NONE',  ( 0.000000000000000000, 3.571354184554635932E-15, 1.000000000000000000 ) ) ;
#8501 = CARTESIAN_POINT ( 'NONE',  ( 1038.865541267632807, 121.2596469525088025, -39.39984798134238275 ) ) ;
#8502 = TOROIDAL_SURFACE ( 'NONE', #4626, 160.1627378425955612, 2.500000000000000000 ) ;
#8503 = ORIENTED_EDGE ( 'NONE', *, *, #7877, .F. ) ;
#8504 = ADVANCED_FACE ( 'NONE', ( #3975 ), #209, .F. ) ;
#8505 = ORIENTED_EDGE ( 'NONE', *, *, #3676, .F. ) ;
#8506 = ORIENTED_EDGE ( 'NONE', *, *, #2755, .T. ) ;
#8507 = DIRECTION ( 'NONE',  ( -1.000000000000000000, -0.000000000000000000, -0.000000000000000000 ) ) ;
#8508 = DIRECTION ( 'NONE',  ( 0.000000000000000000, 0.000000000000000000, -1.000000000000000000 ) ) ;
#8509 = AXIS2_PLACEMENT_3D ( 'NONE', #6468, #8545, #2389 ) ;
#8510 = CARTESIAN_POINT ( 'NONE',  ( 968.1216482860448878, 28.54594227563339004, 124.2634208423728239 ) ) ;
#8511 = CARTESIAN_POINT ( 'NONE',  ( 977.2455835626556109, -72.14106337098617416, -11.16632018087624090 ) ) ;
#8512 = LINE ( 'NONE', #3842, #338 ) ;
#8513 = CARTESIAN_POINT ( 'NONE',  ( 977.7932074315651789, 72.90555147392615254, -104.5993812805920697 ) ) ;
#8514 = EDGE_LOOP ( 'NONE', ( #7111, #5335, #814, #4848 ) ) ;
#8515 = CIRCLE ( 'NONE', #3920, 160.1627378425955612 ) ;
#8516 = CIRCLE ( 'NONE', #487, 145.1627378425959591 ) ;
#8517 = EDGE_LOOP ( 'NONE', ( #8429, #2304, #4123, #5369 ) ) ;
#8518 = CARTESIAN_POINT ( 'NONE',  ( 975.9514122167591950, 39.46295670694123459, 121.2391876727303242 ) ) ;
#8519 = DIRECTION ( 'NONE',  ( 0.000000000000000000, 0.000000000000000000, -1.000000000000000000 ) ) ;
#8520 = CARTESIAN_POINT ( 'NONE',  ( 970.2932074315650652, 121.2596469525088025, -39.39984798134238275 ) ) ;
#8521 = TOROIDAL_SURFACE ( 'NONE', #6942, 160.1627378425955612, 2.500000000000000000 ) ;
#8522 = CIRCLE ( 'NONE', #6802, 72.99999999999987210 ) ;
#8523 = CARTESIAN_POINT ( 'NONE',  ( 977.4635654086102932, -121.6398281533785024, -38.21021667024034940 ) ) ;
#8524 = CARTESIAN_POINT ( 'NONE',  ( 969.9570765531306051, -22.95619497197895242, 69.29656822591859111 ) ) ;
#8525 = CARTESIAN_POINT ( 'NONE',  ( 976.9470595414692298, -96.55011103273287176, -83.27268134854860193 ) ) ;
#8526 = EDGE_LOOP ( 'NONE', ( #5667, #8296, #3583, #105 ) ) ;
#8527 = ORIENTED_EDGE ( 'NONE', *, *, #1534, .F. ) ;
#8528 = AXIS2_PLACEMENT_3D ( 'NONE', #5566, #6243, #5609 ) ;
#8529 = TOROIDAL_SURFACE ( 'NONE', #6488, 145.1627378425959591, 2.500000000000000000 ) ;
#8530 = FACE_OUTER_BOUND ( 'NONE', #5793, .T. ) ;
#8531 = EDGE_LOOP ( 'NONE', ( #7765, #5268, #7977, #4550, #2016, #5963, #845, #3125 ) ) ;
#8532 = EDGE_CURVE ( 'NONE', #8377, #4961, #838, .T. ) ;
#8533 = DIRECTION ( 'NONE',  ( 0.000000000000000000, 0.000000000000000000, 1.000000000000000000 ) ) ;
#8534 = CARTESIAN_POINT ( 'NONE',  ( 977.1768636741705905, -38.59193764340863453, 121.5192398128148596 ) ) ;
#8535 = CARTESIAN_POINT ( 'NONE',  ( 969.0366317484428009, 127.0806623096799655, 10.33265250115137945 ) ) ;
#8536 = CARTESIAN_POINT ( 'NONE',  ( 958.7932074315651789, 37.92267161132571829, 30.55243370120960122 ) ) ;
#8537 = ORIENTED_EDGE ( 'NONE', *, *, #3011, .T. ) ;
#8538 = EDGE_CURVE ( 'NONE', #4421, #1229, #8636, .T. ) ;
#8539 = VERTEX_POINT ( 'NONE', #3455 ) ;
#8540 = EDGE_CURVE ( 'NONE', #4134, #3209, #6948, .T. ) ;
#8541 = EDGE_CURVE ( 'NONE', #457, #4421, #4815, .T. ) ;
#8542 = EDGE_CURVE ( 'NONE', #298, #4877, #291, .T. ) ;
#8543 = CARTESIAN_POINT ( 'NONE',  ( 968.6380338253293303, 49.36247229011252102, -117.5568362817403028 ) ) ;
#8544 = DIRECTION ( 'NONE',  ( 0.000000000000000000, 0.000000000000000000, 1.000000000000000000 ) ) ;
#8545 = DIRECTION ( 'NONE',  ( 1.000000000000000000, 0.000000000000000000, 0.000000000000000000 ) ) ;
#8546 = DIRECTION ( 'NONE',  ( 0.000000000000000000, 0.000000000000000000, 1.000000000000000000 ) ) ;
#8547 = DIRECTION ( 'NONE',  ( -1.000000000000000000, -0.000000000000000000, -0.000000000000000000 ) ) ;
#8548 = CARTESIAN_POINT ( 'NONE',  ( 967.8093088641628583, 124.4676287443512592, -27.64208749799967535 ) ) ;
#8549 = ORIENTED_EDGE ( 'NONE', *, *, #3653, .F. ) ;
#8550 = CARTESIAN_POINT ( 'NONE',  ( 977.5498501895685877, -24.35289204294739207, 68.81832207822067460 ) ) ;
#8551 = APPLICATION_CONTEXT ( 'automotive_design' ) ;
#8552 = ORIENTED_EDGE ( 'NONE', *, *, #5918, .T. ) ;
#8553 = ORIENTED_EDGE ( 'NONE', *, *, #4129, .T. ) ;
#8554 = CARTESIAN_POINT ( 'NONE',  ( 977.5402670494213453, 120.8223387332684524, -40.72143611828339971 ) ) ;
#8555 = EDGE_LOOP ( 'NONE', ( #8724, #7961, #792, #2645 ) ) ;
#8556 = CARTESIAN_POINT ( 'NONE',  ( 975.2932074315651789, 103.1495547958089674, -74.94277380392571786 ) ) ;
#8557 = CARTESIAN_POINT ( 'NONE',  ( 975.9514122167591950, -39.46295670694040325, -121.2391876727306368 ) ) ;
#8558 = ADVANCED_FACE ( 'NONE', ( #6262 ), #937, .F. ) ;
#8559 = DIRECTION ( 'NONE',  ( 1.000000000000000000, 0.000000000000000000, 0.000000000000000000 ) ) ;
#8560 = EDGE_CURVE ( 'NONE', #1317, #7373, #2655, .T. ) ;
#8561 = CARTESIAN_POINT ( 'NONE',  ( 968.1244542515917146, 121.6389570002281602, 38.21299221192317930 ) ) ;
#8562 = VERTEX_POINT ( 'NONE', #5674 ) ;
#8563 = EDGE_LOOP ( 'NONE', ( #3304, #3621, #4434, #6681 ) ) ;
#8564 = CARTESIAN_POINT ( 'NONE',  ( 970.1122724273471931, -52.19908471100784197, 51.03190722805685198 ) ) ;
#8565 = CARTESIAN_POINT ( 'NONE',  ( 970.2932074315650652, 194.2118649119463498, 16.09113731973548056 ) ) ;
#8566 = EDGE_CURVE ( 'NONE', #7021, #5456, #3935, .T. ) ;
#8567 = CARTESIAN_POINT ( 'NONE',  ( 970.1122724273474205, 32.40382364169453666, 65.41400624788190044 ) ) ;
#8568 = CARTESIAN_POINT ( 'NONE',  ( 967.7932074315651789, 127.4754850237272166, -2.500143588965352048 ) ) ;
#8569 = CARTESIAN_POINT ( 'NONE',  ( 967.7932074315651789, 0.000000000000000000, 127.4999999999997868 ) ) ;
#8570 = ORIENTED_EDGE ( 'NONE', *, *, #889, .T. ) ;
#8571 = DIRECTION ( 'NONE',  ( -1.000000000000000000, -0.000000000000000000, -0.000000000000000000 ) ) ;
#8572 = VERTEX_POINT ( 'NONE', #5591 ) ;
#8573 = AXIS2_PLACEMENT_3D ( 'NONE', #2064, #5989, #4803 ) ;
#8574 = CARTESIAN_POINT ( 'NONE',  ( 975.2932074315651789, -166.5788324321703158, 101.1368664649722291 ) ) ;
#8575 = CARTESIAN_POINT ( 'NONE',  ( 958.7932074315651789, 33.59192716851458727, -46.23532122852844140 ) ) ;
#8576 = CARTESIAN_POINT ( 'NONE',  ( 977.7932074315651789, 50.10422153953712865, -53.09017784785584126 ) ) ;
#8577 = CARTESIAN_POINT ( 'NONE',  ( 967.8093088641628583, -124.4676287443510603, 27.64208749800056353 ) ) ;
#8578 = CIRCLE ( 'NONE', #4716, 157.6627378425955328 ) ;
#8579 = ORIENTED_EDGE ( 'NONE', *, *, #7485, .T. ) ;
#8580 = AXIS2_PLACEMENT_3D ( 'NONE', #1200, #1784, #3364 ) ;
#8581 = ORIENTED_EDGE ( 'NONE', *, *, #6719, .F. ) ;
#8582 = AXIS2_PLACEMENT_3D ( 'NONE', #2485, #4545, #8675 ) ;
#8583 = VECTOR ( 'NONE', #2598, 1000.000000000000000 ) ;
#8584 = CARTESIAN_POINT ( 'NONE',  ( 975.2932074315651789, 74.94277380392682630, 103.1495547958081147 ) ) ;
#8585 = CARTESIAN_POINT ( 'NONE',  ( 967.7932074315651789, 110.0000208722318433, -64.46894917794534763 ) ) ;
#8586 = CARTESIAN_POINT ( 'NONE',  ( 975.2932074315651789, -82.80205065214599358, 96.95396024814783686 ) ) ;
#8587 = CARTESIAN_POINT ( 'NONE',  ( 968.1244542515916010, 103.8770586910111859, 73.93122014139947851 ) ) ;
#8588 = FACE_OUTER_BOUND ( 'NONE', #6474, .T. ) ;
#8589 = DIRECTION ( 'NONE',  ( -1.000000000000000000, -0.000000000000000000, -0.000000000000000000 ) ) ;
#8590 = ORIENTED_EDGE ( 'NONE', *, *, #6565, .T. ) ;
#8591 = CARTESIAN_POINT ( 'NONE',  ( 975.2932074315651789, -189.6788945569601879, 44.71118576450717796 ) ) ;
#8592 = EDGE_CURVE ( 'NONE', #7234, #891, #7525, .T. ) ;
#8593 = CIRCLE ( 'NONE', #8169, 7.275000000000003908 ) ;
#8594 = ORIENTED_EDGE ( 'NONE', *, *, #4533, .T. ) ;
#8595 = TOROIDAL_SURFACE ( 'NONE', #4437, 145.1627378425959591, 2.500000000000000000 ) ;
#8596 = EDGE_LOOP ( 'NONE', ( #6252, #4031, #7290, #7277 ) ) ;
#8597 = CARTESIAN_POINT ( 'NONE',  ( 1007.993207431565224, 54.35287990626809318, 10.38532122852809181 ) ) ;
#8598 = VERTEX_POINT ( 'NONE', #7098 ) ;
#8599 = DIRECTION ( 'NONE',  ( 1.000000000000000000, 0.000000000000000000, 0.000000000000000000 ) ) ;
#8600 = CARTESIAN_POINT ( 'NONE',  ( 968.6178405014127293, 69.08695893394980203, 23.57980550784792584 ) ) ;
#8601 = CARTESIAN_POINT ( 'NONE',  ( 969.6337287287653908, 29.70261225730814658, 123.9920183086727121 ) ) ;
#8602 = CARTESIAN_POINT ( 'NONE',  ( 967.7932074315650652, 121.9131337706590159, 37.33023988404799098 ) ) ;
#8603 = EDGE_CURVE ( 'NONE', #1086, #3345, #69, .T. ) ;
#8604 = VERTEX_POINT ( 'NONE', #4887 ) ;
#8605 = ORIENTED_EDGE ( 'NONE', *, *, #5796, .T. ) ;
#8606 = EDGE_CURVE ( 'NONE', #8214, #1504, #1042, .T. ) ;
#8607 = CARTESIAN_POINT ( 'NONE',  ( 969.4197070095237905, -52.07672817694545131, 51.15683165204283256 ) ) ;
#8608 = DIRECTION ( 'NONE',  ( -1.000000000000000000, -0.000000000000000000, -0.000000000000000000 ) ) ;
#8609 = CARTESIAN_POINT ( 'NONE',  ( 1038.865541267632807, 39.39984798134366173, 121.2596469525083762 ) ) ;
#8610 = CARTESIAN_POINT ( 'NONE',  ( 970.2932074315650652, -10.60382802656750911, -72.22574908703218455 ) ) ;
#8611 = CARTESIAN_POINT ( 'NONE',  ( 968.0451641925291142, -50.07853040362296326, 117.2536303465469842 ) ) ;
#8612 = CARTESIAN_POINT ( 'NONE',  ( 977.4632779943995047, -96.13616072098774623, -83.75026804908445399 ) ) ;
#8613 = EDGE_LOOP ( 'NONE', ( #3738, #456, #5698, #5549 ) ) ;
#8614 = EDGE_CURVE ( 'NONE', #2843, #5404, #730, .T. ) ;
#8615 = CARTESIAN_POINT ( 'NONE',  ( 968.0784268819824092, -33.78597282264740187, -64.71114907048981024 ) ) ;
#8616 = EDGE_LOOP ( 'NONE', ( #7824, #3630, #7561, #2432, #5428, #7477, #8861, #1622 ) ) ;
#8617 = CARTESIAN_POINT ( 'NONE',  ( 977.7932074315651789, -110.0000208722315165, 64.46894917794618607 ) ) ;
#8618 = LINE ( 'NONE', #6053, #2570 ) ;
#8619 = B_SPLINE_CURVE_WITH_KNOTS ( 'NONE', 3,
 ( #1140, #8868, #2046, #6163, #8237, #5540, #94, #3392, #138, #6830, #7591, #2716, #5452, #2216, #820, #736, #4156, #6111 ),
 .UNSPECIFIED., .F., .F.,
 ( 4, 2, 2, 2, 2, 2, 2, 2, 4 ),
 ( 0.000000000000000000, 0.0005014719534716441645, 0.001002943906943288329, 0.001504415860414932493, 0.002005887813886576658, 0.002507359767358221039, 0.003008831720829864987, 0.003510303674301508935, 0.004011775627773153316 ),
 .UNSPECIFIED. ) ;
#8620 = VERTEX_POINT ( 'NONE', #4923 ) ;
#8621 = FACE_OUTER_BOUND ( 'NONE', #1398, .T. ) ;
#8622 = CARTESIAN_POINT ( 'NONE',  ( 977.5402670494213453, -120.8223387332681824, 40.72143611828419552 ) ) ;
#8623 = DIRECTION ( 'NONE',  ( 0.000000000000000000, 0.000000000000000000, -1.000000000000000000 ) ) ;
#8624 = CARTESIAN_POINT ( 'NONE',  ( 968.6413363216277048, 103.5109332502086374, 74.44293099031700933 ) ) ;
#8625 = FACE_OUTER_BOUND ( 'NONE', #7188, .T. ) ;
#8626 = CARTESIAN_POINT ( 'NONE',  ( 977.4635654086102932, 103.8787448964405939, 73.92884964552325755 ) ) ;
#8627 = CARTESIAN_POINT ( 'NONE',  ( 977.7932074315652926, 64.22991943169741091, -34.69360734106586364 ) ) ;
#8628 = VERTEX_POINT ( 'NONE', #1514 ) ;
#8629 = CARTESIAN_POINT ( 'NONE',  ( 1007.993207431565224, 54.35287990626809318, 17.66032122852809394 ) ) ;
#8630 = ORIENTED_EDGE ( 'NONE', *, *, #3513, .F. ) ;
#8631 = ORIENTED_EDGE ( 'NONE', *, *, #519, .F. ) ;
#8632 = CARTESIAN_POINT ( 'NONE',  ( 969.4877991597930986, -39.27808743326207974, 121.2991581833086627 ) ) ;
#8633 = ORIENTED_EDGE ( 'NONE', *, *, #6070, .F. ) ;
#8634 = CARTESIAN_POINT ( 'NONE',  ( 970.1122724273469657, 64.66463217473229008, 33.87455307021114947 ) ) ;
#8635 = CARTESIAN_POINT ( 'NONE',  ( 967.7932074315651789, -189.6788945569601879, 44.71118576450717796 ) ) ;
#8636 = B_SPLINE_CURVE_WITH_KNOTS ( 'NONE', 3,
 ( #4695, #2629, #656, #7416, #8202, #5368, #557, #702, #1335, #1296, #4847, #5464, #6078, #4072, #3405, #2059, #4027, #7372 ),
 .UNSPECIFIED., .F., .F.,
 ( 4, 2, 2, 2, 2, 2, 2, 2, 4 ),
 ( 0.000000000000000000, 0.0005014877766709432754, 0.001002975553341886551, 0.001504463330012829718, 0.002005951106683773102, 0.002507438883354716486, 0.003008926660025659436, 0.003510414436696602820, 0.004011902213367546204 ),
 .UNSPECIFIED. ) ;
#8637 = EDGE_CURVE ( 'NONE', #8810, #6179, #6434, .T. ) ;
#8638 = DIRECTION ( 'NONE',  ( -1.000000000000000000, -0.000000000000000000, -0.000000000000000000 ) ) ;
#8639 = DIRECTION ( 'NONE',  ( 0.000000000000000000, 0.000000000000000000, 1.000000000000000000 ) ) ;
#8640 = CARTESIAN_POINT ( 'NONE',  ( 976.8447230752969972, 0.9659927917761726990, -72.99367504144049690 ) ) ;
#8641 = ORIENTED_EDGE ( 'NONE', *, *, #8592, .F. ) ;
#8642 = ORIENTED_EDGE ( 'NONE', *, *, #7475, .T. ) ;
#8643 = TOROIDAL_SURFACE ( 'NONE', #2783, 145.1627378425959591, 2.500000000000000000 ) ;
#8644 = CARTESIAN_POINT ( 'NONE',  ( 970.1122724273471931, -51.03190722805666724, -52.19908471100801961 ) ) ;
#8645 = EDGE_CURVE ( 'NONE', #432, #1482, #6087, .T. ) ;
#8646 = EDGE_CURVE ( 'NONE', #1297, #1695, #6239, .T. ) ;
#8647 = CYLINDRICAL_SURFACE ( 'NONE', #494, 7.274999999999996803 ) ;
#8648 = CARTESIAN_POINT ( 'NONE',  ( 967.7932074315651789, 0.000000000000000000, 0.000000000000000000 ) ) ;
#8649 = CARTESIAN_POINT ( 'NONE',  ( 975.2932074315651789, 127.1072257456103642, 10.00015816147054082 ) ) ;
#8650 = TOROIDAL_SURFACE ( 'NONE', #5362, 145.1627378425959591, 2.500000000000000000 ) ;
#8651 = AXIS2_PLACEMENT_3D ( 'NONE', #1112, #3852, #1831 ) ;
#8652 = CYLINDRICAL_SURFACE ( 'NONE', #5574, 147.6627378425959591 ) ;
#8653 = B_SPLINE_CURVE_WITH_KNOTS ( 'NONE', 3,
 ( #7906, #2484, #5099, #5759, #1812, #6470, #8626, #2391, #5138, #282, #7819, #324, #4504, #5264, #4411, #7141 ),
 .UNSPECIFIED., .F., .F.,
 ( 4, 2, 2, 2, 2, 2, 2, 4 ),
 ( 0.000000000000000000, 0.0004881885400330872272, 0.0009763770800661744544, 0.001464565620099261790, 0.001952754160132348909, 0.002440942700165435811, 0.002929131240198523580, 0.003905508320265015272 ),
 .UNSPECIFIED. ) ;
#8654 = VERTEX_POINT ( 'NONE', #2394 ) ;
#8655 = ORIENTED_EDGE ( 'NONE', *, *, #5960, .T. ) ;
#8656 = CARTESIAN_POINT ( 'NONE',  ( 977.7932074315651789, -126.8857838248238181, -12.49991452610973930 ) ) ;
#8657 = CIRCLE ( 'NONE', #2355, 147.6627378425959591 ) ;
#8658 = AXIS2_PLACEMENT_3D ( 'NONE', #8313, #4220, #7115 ) ;
#8659 = CARTESIAN_POINT ( 'NONE',  ( 967.7932074315651789, 0.000000000000000000, 0.000000000000000000 ) ) ;
#8660 = EDGE_CURVE ( 'NONE', #8901, #237, #2231, .T. ) ;
#8661 = CARTESIAN_POINT ( 'NONE',  ( 970.2932074315650652, 127.1728735659488621, -147.6625660138610669 ) ) ;
#8662 = DIRECTION ( 'NONE',  ( 1.000000000000000000, 0.000000000000000000, 0.000000000000000000 ) ) ;
#8663 = CIRCLE ( 'NONE', #7363, 72.99999999999974420 ) ;
#8664 = CARTESIAN_POINT ( 'NONE',  ( 976.9692569047347206, -69.75255977334938962, 21.53127202684749619 ) ) ;
#8665 = AXIS2_PLACEMENT_3D ( 'NONE', #1535, #6364, #7032 ) ;
#8666 = DIRECTION ( 'NONE',  ( -1.000000000000000000, -0.000000000000000000, -0.000000000000000000 ) ) ;
#8667 = ORIENTED_EDGE ( 'NONE', *, *, #2514, .T. ) ;
#8668 = CIRCLE ( 'NONE', #5532, 145.1627378425959591 ) ;
#8669 = DIRECTION ( 'NONE',  ( -1.000000000000000000, -0.000000000000000000, -0.000000000000000000 ) ) ;
#8670 = CARTESIAN_POINT ( 'NONE',  ( 977.7932074315651789, 121.9610557435963187, 37.17227637248620908 ) ) ;
#8671 = CARTESIAN_POINT ( 'NONE',  ( 968.7637114205685975, 10.51578474220155002, -127.0656393838717975 ) ) ;
#8672 = CARTESIAN_POINT ( 'NONE',  ( 977.1970314762214684, 23.81412070497736622, -69.00654262515656967 ) ) ;
#8673 = CARTESIAN_POINT ( 'NONE',  ( 969.1851730895934907, -127.4997640442733484, 0.2531739499633783308 ) ) ;
#8674 = CARTESIAN_POINT ( 'NONE',  ( 969.6464772890310542, -103.1027384149295330, 75.00717523820361521 ) ) ;
#8675 = DIRECTION ( 'NONE',  ( 0.000000000000000000, 0.000000000000000000, 1.000000000000000000 ) ) ;
#8676 = VERTEX_POINT ( 'NONE', #3912 ) ;
#8677 = CARTESIAN_POINT ( 'NONE',  ( 976.1207935749461058, -23.07520686179202940, 69.25705445940737093 ) ) ;
#8678 = ORIENTED_EDGE ( 'NONE', *, *, #4584, .T. ) ;
#8679 = EDGE_LOOP ( 'NONE', ( #2509, #4594, #6691, #3551, #1520, #7235, #3271, #188 ) ) ;
#8680 = CARTESIAN_POINT ( 'NONE',  ( 967.7932074315651789, -75.31834776957833810, 179.7340247757211955 ) ) ;
#8681 = ORIENTED_EDGE ( 'NONE', *, *, #2610, .F. ) ;
#8682 = CARTESIAN_POINT ( 'NONE',  ( 969.1008202615158780, 64.82298669456680784, 33.57063356993625547 ) ) ;
#8683 = CARTESIAN_POINT ( 'NONE',  ( 975.2932074315651789, 101.1368664649727265, 166.5788324321699747 ) ) ;
#8684 = CARTESIAN_POINT ( 'NONE',  ( 967.8093088641628583, 27.64208749800098630, 124.4676287443509892 ) ) ;
#8685 = CARTESIAN_POINT ( 'NONE',  ( 967.7932074315651789, 70.30567120120375080, -19.64974801233319468 ) ) ;
#8686 = CARTESIAN_POINT ( 'NONE',  ( 977.6709658558772844, 2.209810104817913956, -72.96671531470914829 ) ) ;
#8687 = FACE_OUTER_BOUND ( 'NONE', #7133, .T. ) ;
#8688 = VERTEX_POINT ( 'NONE', #6472 ) ;
#8689 = CARTESIAN_POINT ( 'NONE',  ( 1038.865541267632807, 123.9763741318935786, -29.76757727979783041 ) ) ;
#8690 = VERTEX_POINT ( 'NONE', #1856 ) ;
#8691 = DIRECTION ( 'NONE',  ( 0.000000000000000000, 0.000000000000000000, -1.000000000000000000 ) ) ;
#8692 = CARTESIAN_POINT ( 'NONE',  ( 967.7932074315651789, 3.037626311421902869, -72.93677279940564517 ) ) ;
#8693 = ADVANCED_FACE ( 'NONE', ( #5972 ), #7223, .F. ) ;
#8694 = B_SPLINE_CURVE_WITH_KNOTS ( 'NONE', 3,
 ( #6046, #6237, #4183, #8122, #4090, #8796, #670, #7436, #5479, #7478, #2122, #1399, #8216, #3421, #2072, #758 ),
 .UNSPECIFIED., .F., .F.,
 ( 4, 2, 2, 2, 2, 2, 2, 4 ),
 ( 0.000000000000000000, 0.0004891428882835911329, 0.0009782857765671822657, 0.001467428664850773399, 0.001956571553134364531, 0.002445714441417955447, 0.002934857329701546797, 0.003913143106268706511 ),
 .UNSPECIFIED. ) ;
#8695 = DIRECTION ( 'NONE',  ( -1.000000000000000000, -0.000000000000000000, -0.000000000000000000 ) ) ;
#8696 = CARTESIAN_POINT ( 'NONE',  ( 976.9470595414691161, 127.0571346497963674, 10.61828300590506835 ) ) ;
#8697 = CARTESIAN_POINT ( 'NONE',  ( 969.0172219968214904, -43.52543918245397236, 58.60499929314008227 ) ) ;
#8698 = CARTESIAN_POINT ( 'NONE',  ( 975.2932074315651789, -72.99890046992466353, -0.4006621794154086591 ) ) ;
#8699 = EDGE_CURVE ( 'NONE', #5945, #4898, #8877, .T. ) ;
#8700 = ORIENTED_EDGE ( 'NONE', *, *, #2456, .T. ) ;
#8701 = EDGE_CURVE ( 'NONE', #657, #7245, #646, .T. ) ;
#8702 = CARTESIAN_POINT ( 'NONE',  ( 975.2932074315651789, -32.40382364169406060, -65.41400624788195728 ) ) ;
#8703 = CIRCLE ( 'NONE', #5130, 145.1627378425959591 ) ;
#8704 = CARTESIAN_POINT ( 'NONE',  ( 969.6337287287656181, -10.06677788592841516, 127.1020289458889891 ) ) ;
#8705 = CARTESIAN_POINT ( 'NONE',  ( 977.2807874479372003, -117.4183149345132051, -49.69112711948226746 ) ) ;
#8706 = CARTESIAN_POINT ( 'NONE',  ( 967.7932074315651789, -179.7340247757209113, -75.31834776957897759 ) ) ;
#8707 = DIRECTION ( 'NONE',  ( -1.000000000000000000, -0.000000000000000000, -0.000000000000000000 ) ) ;
#8708 = ADVANCED_FACE ( 'NONE', ( #7233 ), #5842, .F. ) ;
#8709 = CIRCLE ( 'NONE', #4555, 147.6627378425959876 ) ;
#8710 = B_SPLINE_CURVE_WITH_KNOTS ( 'NONE', 3,
 ( #8007, #6439, #289, #6524, #5894, #425, #2492, #5191, #3043, #1862, #8682, #3212, #7189, #3175, #8634, #1822 ),
 .UNSPECIFIED., .F., .F.,
 ( 4, 2, 2, 2, 2, 2, 2, 4 ),
 ( 0.000000000000000000, 0.001060870709216729397, 0.001591306063825034898, 0.002121741418433340399, 0.002652176773041645466, 0.003182612127649950967, 0.003713047482258256034, 0.004243482836866561102 ),
 .UNSPECIFIED. ) ;
#8711 = ORIENTED_EDGE ( 'NONE', *, *, #3118, .T. ) ;
#8712 = EDGE_CURVE ( 'NONE', #7868, #4509, #3946, .T. ) ;
#8713 = DIRECTION ( 'NONE',  ( -1.000000000000000000, -0.000000000000000000, -0.000000000000000000 ) ) ;
#8714 = AXIS2_PLACEMENT_3D ( 'NONE', #3239, #7302, #5254 ) ;
#8715 = CARTESIAN_POINT ( 'NONE',  ( 970.2932074315650652, 179.7340247757214513, 75.31834776957768440 ) ) ;
#8716 = CARTESIAN_POINT ( 'NONE',  ( 970.2932074315650652, 10.00015816147009673, -127.1072257456103927 ) ) ;
#8717 = CIRCLE ( 'NONE', #8436, 72.99999999999987210 ) ;
#8718 = AXIS2_PLACEMENT_3D ( 'NONE', #5828, #6334, #4315 ) ;
#8719 = CARTESIAN_POINT ( 'NONE',  ( 967.7932074315651789, 116.8128655150152895, 51.09798870964390716 ) ) ;
#8720 = CARTESIAN_POINT ( 'NONE',  ( 968.6380338253292166, -29.16309570550438934, -124.1200115857052566 ) ) ;
#8721 = CARTESIAN_POINT ( 'NONE',  ( 967.9165188163372022, 72.96680722171022637, 2.206685248240879638 ) ) ;
#8722 = ORIENTED_EDGE ( 'NONE', *, *, #8823, .T. ) ;
#8723 = CARTESIAN_POINT ( 'NONE',  ( 967.7932074315651789, -72.94382172400275977, -2.868373823094991337 ) ) ;
#8724 = ORIENTED_EDGE ( 'NONE', *, *, #4690, .F. ) ;
#8725 = ORIENTED_EDGE ( 'NONE', *, *, #962, .T. ) ;
#8726 = FACE_OUTER_BOUND ( 'NONE', #5947, .T. ) ;
#8727 = AXIS2_PLACEMENT_3D ( 'NONE', #8683, #1235, #8008 ) ;
#8728 = EDGE_CURVE ( 'NONE', #1543, #3127, #2223, .T. ) ;
#8729 = CARTESIAN_POINT ( 'NONE',  ( 969.1618290769855548, -69.21353801937503647, -23.20540721747726920 ) ) ;
#8730 = CARTESIAN_POINT ( 'NONE',  ( 1036.782757869134684, -0.4006621794146440485, 72.99890046992466353 ) ) ;
#8731 = CARTESIAN_POINT ( 'NONE',  ( 967.8459545321659334, 10.03299988656723762, -72.30805027434134047 ) ) ;
#8732 = CARTESIAN_POINT ( 'NONE',  ( 967.7932074315651789, 122.0089775570693860, 37.01431338656011150 ) ) ;
#8733 = B_SPLINE_CURVE_WITH_KNOTS ( 'NONE', 3,
 ( #4940, #4218, #4901, #7619, #1486, #3422, #6142, #805, #3554, #6276, #5480, #8217, #4814, #1400, #8267, #4137 ),
 .UNSPECIFIED., .F., .F.,
 ( 4, 2, 2, 2, 2, 2, 2, 4 ),
 ( 0.000000000000000000, 0.0004881885400330863599, 0.0009763770800661727197, 0.001464565620099259188, 0.001952754160132345439, 0.002440942700165431474, 0.002929131240198518376, 0.003905508320265008333 ),
 .UNSPECIFIED. ) ;
#8734 = CARTESIAN_POINT ( 'NONE',  ( 969.6464772890307131, -39.47556444237754647, -121.2350230660582042 ) ) ;
#8735 = TOROIDAL_SURFACE ( 'NONE', #1133, 145.1627378425959591, 2.500000000000000000 ) ;
#8736 = AXIS2_PLACEMENT_3D ( 'NONE', #6330, #168, #5611 ) ;
#8737 = VERTEX_POINT ( 'NONE', #7999 ) ;
#8738 = DIRECTION ( 'NONE',  ( 0.000000000000000000, 0.000000000000000000, -1.000000000000000000 ) ) ;
#8739 = VERTEX_POINT ( 'NONE', #1180 ) ;
#8740 = DIRECTION ( 'NONE',  ( 1.000000000000000000, 0.000000000000000000, 0.000000000000000000 ) ) ;
#8741 = LINE ( 'NONE', #2595, #6703 ) ;
#8742 = CARTESIAN_POINT ( 'NONE',  ( 975.4586042561199974, -123.9763741318933370, 29.76757727979873991 ) ) ;
#8743 = CARTESIAN_POINT ( 'NONE',  ( 975.6212234913449493, -108.7183715433187956, 66.60755744379827092 ) ) ;
#8744 = DIRECTION ( 'NONE',  ( -1.000000000000000000, -0.000000000000000000, -0.000000000000000000 ) ) ;
#8745 = DIRECTION ( 'NONE',  ( -1.000000000000000000, -0.000000000000000000, -0.000000000000000000 ) ) ;
#8746 = EDGE_LOOP ( 'NONE', ( #2159, #7693, #4300, #2378 ) ) ;
#8747 = VERTEX_POINT ( 'NONE', #4016 ) ;
#8748 = CARTESIAN_POINT ( 'NONE',  ( 975.9951027213824091, -32.50135758909632955, -65.36561503933423012 ) ) ;
#8749 = B_SPLINE_CURVE_WITH_KNOTS ( 'NONE', 3,
 ( #6877, #51, #2761, #5491, #8133, #8232, #3296, #6017, #732, #7491, #3481, #4010, #8185, #2709, #7543, #6684 ),
 .UNSPECIFIED., .F., .F.,
 ( 4, 2, 2, 2, 2, 2, 2, 4 ),
 ( 0.000000000000000000, 0.0004881885400330887451, 0.0009763770800661774902, 0.001464565620099266344, 0.001952754160132354980, 0.002440942700165443617, 0.002929131240198532687, 0.003905508320265008333 ),
 .UNSPECIFIED. ) ;
#8750 = B_SPLINE_CURVE_WITH_KNOTS ( 'NONE', 3,
 ( #5402, #3393, #5352, #1899, #547, #2767, #1373, #7454, #6741, #7359, #6831, #687, #2616, #4682, #6063, #8043 ),
 .UNSPECIFIED., .F., .F.,
 ( 4, 2, 2, 2, 2, 2, 2, 4 ),
 ( 0.000000000000000000, 0.0004891428882835911329, 0.0009782857765671822657, 0.001467428664850773399, 0.001956571553134364531, 0.002445714441417955881, 0.002934857329701546797, 0.003913143106268729063 ),
 .UNSPECIFIED. ) ;
#8751 = CYLINDRICAL_SURFACE ( 'NONE', #5513, 147.6627378425959591 ) ;
#8752 = CARTESIAN_POINT ( 'NONE',  ( 977.7932074315651789, -194.2118649119462646, -16.09113731973690875 ) ) ;
#8753 = FACE_OUTER_BOUND ( 'NONE', #892, .T. ) ;
#8754 = EDGE_CURVE ( 'NONE', #2584, #354, #5853, .T. ) ;
#8755 = DIRECTION ( 'NONE',  ( 0.000000000000000000, 0.000000000000000000, -1.000000000000000000 ) ) ;
#8756 = CARTESIAN_POINT ( 'NONE',  ( 977.7932074315651789, 189.6788945569598468, -44.71118576450859905 ) ) ;
#8757 = DIRECTION ( 'NONE',  ( 1.000000000000000000, -0.000000000000000000, -0.000000000000000000 ) ) ;
#8758 = CARTESIAN_POINT ( 'NONE',  ( 968.2424519787780355, -11.82500033112003202, -72.03606139125619734 ) ) ;
#8759 = EDGE_LOOP ( 'NONE', ( #1015, #3675, #902, #7097 ) ) ;
#8760 = EDGE_CURVE ( 'NONE', #7789, #7218, #8820, .T. ) ;
#8761 = DIRECTION ( 'NONE',  ( 0.000000000000000000, 3.639217809207508360E-15, -1.000000000000000000 ) ) ;
#8762 = CARTESIAN_POINT ( 'NONE',  ( 970.2932074315650652, 42.58353461763815773, 59.29285437106560863 ) ) ;
#8763 = CARTESIAN_POINT ( 'NONE',  ( 1038.865541267632807, -179.7340247757209113, -75.31834776957897759 ) ) ;
#8764 = DIRECTION ( 'NONE',  ( 0.000000000000000000, 0.000000000000000000, 1.000000000000000000 ) ) ;
#8765 = DIRECTION ( 'NONE',  ( 0.000000000000000000, 0.000000000000000000, 1.000000000000000000 ) ) ;
#8766 = CARTESIAN_POINT ( 'NONE',  ( 970.1235730824608936, 72.99890046992469195, 0.4006621794153825689 ) ) ;
#8767 = ORIENTED_EDGE ( 'NONE', *, *, #4058, .T. ) ;
#8768 = EDGE_CURVE ( 'NONE', #5488, #2952, #7371, .T. ) ;
#8769 = CARTESIAN_POINT ( 'NONE',  ( 977.7932074315651789, -2.500143588965830777, -127.4754850237273303 ) ) ;
#8770 = ORIENTED_EDGE ( 'NONE', *, *, #303, .F. ) ;
#8771 = ORIENTED_EDGE ( 'NONE', *, *, #1806, .F. ) ;
#8772 = CARTESIAN_POINT ( 'NONE',  ( 975.6324830688729435, -72.99880543377692277, -0.4191725780066374307 ) ) ;
#8773 = CARTESIAN_POINT ( 'NONE',  ( 975.2932074315651789, 103.1495547958089674, -74.94277380392571786 ) ) ;
#8774 = CARTESIAN_POINT ( 'NONE',  ( 977.3428997317970470, -32.77673736413850492, 65.22814085692439789 ) ) ;
#8775 = CARTESIAN_POINT ( 'NONE',  ( 967.7932074315651789, 0.000000000000000000, 0.000000000000000000 ) ) ;
#8776 = CARTESIAN_POINT ( 'NONE',  ( 969.9570765531306051, 69.55541419991118346, -22.15954897915786859 ) ) ;
#8777 = B_SPLINE_CURVE_WITH_KNOTS ( 'NONE', 3,
 ( #7785, #7063, #2191, #2831, #199, #885, #8383, #156, #4975, #8300, #6979, #8471, #5729, #753, #7696, #2955 ),
 .UNSPECIFIED., .F., .F.,
 ( 4, 2, 2, 2, 2, 2, 2, 4 ),
 ( 0.000000000000000000, 0.0005326074553525448870, 0.001065214910705089774, 0.001597822366057634769, 0.002130429821410179548, 0.002663037276762724326, 0.003195644732115269539, 0.004260859642820378178 ),
 .UNSPECIFIED. ) ;
#8778 = CARTESIAN_POINT ( 'NONE',  ( 969.4197070095234494, -64.74563211381018846, -33.71958132115612017 ) ) ;
#8779 = DIRECTION ( 'NONE',  ( -1.000000000000000000, -0.000000000000000000, -0.000000000000000000 ) ) ;
#8780 = EDGE_CURVE ( 'NONE', #5455, #5510, #8750, .T. ) ;
#8781 = DIRECTION ( 'NONE',  ( -1.000000000000000000, -0.000000000000000000, -0.000000000000000000 ) ) ;
#8782 = VERTEX_POINT ( 'NONE', #642 ) ;
#8783 = CARTESIAN_POINT ( 'NONE',  ( 976.5476831198557193, 39.08428167861064395, -121.3617620186099657 ) ) ;
#8784 = EDGE_LOOP ( 'NONE', ( #8631, #4416, #4246, #7955 ) ) ;
#8785 = VERTEX_POINT ( 'NONE', #3442 ) ;
#8786 = CARTESIAN_POINT ( 'NONE',  ( 969.1008202615156506, -33.57063356993646863, 64.82298669456669415 ) ) ;
#8787 = CARTESIAN_POINT ( 'NONE',  ( 968.9537006561656654, -51.34807537875957451, -51.88823134623777378 ) ) ;
#8788 = B_SPLINE_CURVE_WITH_KNOTS ( 'NONE', 3,
 ( #2923, #3054, #5651, #5776, #4985, #7707, #4306, #7034, #3232, #3939, #8063, #3853, #5868, #5952, #8567, #5995 ),
 .UNSPECIFIED., .F., .F.,
 ( 4, 2, 2, 2, 2, 2, 2, 4 ),
 ( 0.000000000000000000, 0.001060870709216560261, 0.001591306063824890265, 0.002121741418433220269, 0.002652176773041550056, 0.003182612127649880277, 0.003713047482258210064, 0.004243482836866540285 ),
 .UNSPECIFIED. ) ;
#8789 = CARTESIAN_POINT ( 'NONE',  ( 975.4734716392106293, -51.03190722805662460, -52.19908471100782776 ) ) ;
#8790 = CARTESIAN_POINT ( 'NONE',  ( 1001.793207431565179, 54.35287990626809318, 10.38532122852809181 ) ) ;
#8791 = FACE_BOUND ( 'NONE', #3022, .T. ) ;
#8792 = FACE_OUTER_BOUND ( 'NONE', #2425, .T. ) ;
#8793 = ORIENTED_EDGE ( 'NONE', *, *, #5246, .F. ) ;
#8794 = CIRCLE ( 'NONE', #8066, 160.1627378425955612 ) ;
#8795 = ORIENTED_EDGE ( 'NONE', *, *, #7592, .F. ) ;
#8796 = CARTESIAN_POINT ( 'NONE',  ( 968.0451641925292279, -96.03971225230441178, -83.86087709609203955 ) ) ;
#8797 = DIRECTION ( 'NONE',  ( -1.000000000000000000, -0.000000000000000000, -0.000000000000000000 ) ) ;
#8798 = LINE ( 'NONE', #1350, #1781 ) ;
#8799 = CARTESIAN_POINT ( 'NONE',  ( 976.4022747810960254, 127.4997627480054518, -0.2537599291828667170 ) ) ;
#8800 = AXIS2_PLACEMENT_3D ( 'NONE', #2481, #279, #2388 ) ;
#8801 = CARTESIAN_POINT ( 'NONE',  ( 975.4734716392106293, -72.22574908703222718, 10.60382802656725865 ) ) ;
#8802 = AXIS2_PLACEMENT_3D ( 'NONE', #7965, #1825, #7636 ) ;
#8803 = PRODUCT_CONTEXT ( 'NONE', #3334, 'mechanical' ) ;
#8804 = CARTESIAN_POINT ( 'NONE',  ( 977.7932074315647242, 124.4673599985517569, -27.64481318338852134 ) ) ;
#8805 = CARTESIAN_POINT ( 'NONE',  ( 975.4734716392110840, 64.66463217473217640, 33.87455307021097184 ) ) ;
#8806 = DIRECTION ( 'NONE',  ( -1.000000000000000000, -0.000000000000000000, -0.000000000000000000 ) ) ;
#8807 = VECTOR ( 'NONE', #6940, 1000.000000000000000 ) ;
#8808 = AXIS2_PLACEMENT_3D ( 'NONE', #4984, #6408, #7073 ) ;
#8809 = CARTESIAN_POINT ( 'NONE',  ( 1043.814912118905340, -43.23181964193760507, 58.82184773064306427 ) ) ;
#8810 = VERTEX_POINT ( 'NONE', #1230 ) ;
#8811 = EDGE_CURVE ( 'NONE', #5466, #5744, #7452, .T. ) ;
#8812 = CARTESIAN_POINT ( 'NONE',  ( 969.4197070095232220, 33.71958132115632623, -64.74563211381008898 ) ) ;
#8813 = CARTESIAN_POINT ( 'NONE',  ( 975.9514122167591950, 121.2803071756489288, 39.33640388975179292 ) ) ;
#8814 = AXIS2_PLACEMENT_3D ( 'NONE', #3865, #1040, #7940 ) ;
#8815 = EDGE_CURVE ( 'NONE', #1118, #6505, #6291, .T. ) ;
#8816 = TOROIDAL_SURFACE ( 'NONE', #6648, 160.1627378425955612, 2.500000000000000000 ) ;
#8817 = CARTESIAN_POINT ( 'NONE',  ( 967.7932074315651789, -72.93677279940563096, -3.037626311422181313 ) ) ;
#8818 = CARTESIAN_POINT ( 'NONE',  ( 975.2932074315651789, -179.7340247757209113, -75.31834776957897759 ) ) ;
#8819 = CARTESIAN_POINT ( 'NONE',  ( 976.1647925795700758, 65.33652317590144776, -32.55987644149949034 ) ) ;
#8820 = LINE ( 'NONE', #6784, #6954 ) ;
#8821 = ORIENTED_EDGE ( 'NONE', *, *, #272, .F. ) ;
#8822 = EDGE_CURVE ( 'NONE', #4446, #8486, #8668, .T. ) ;
#8823 = EDGE_CURVE ( 'NONE', #669, #3344, #3533, .T. ) ;
#8824 = EDGE_LOOP ( 'NONE', ( #3155, #7028, #420, #2234 ) ) ;
#8825 = CARTESIAN_POINT ( 'NONE',  ( 1001.793207431565179, 33.59192716851458727, -46.23532122852844140 ) ) ;
#8826 = EDGE_CURVE ( 'NONE', #5176, #6129, #8835, .T. ) ;
#8827 = AXIS2_PLACEMENT_3D ( 'NONE', #8629, #1763, #6596 ) ;
#8828 = CIRCLE ( 'NONE', #4957, 127.4999999999998863 ) ;
#8829 = DIRECTION ( 'NONE',  ( 1.000000000000000000, 0.000000000000000000, 0.000000000000000000 ) ) ;
#8830 = DIRECTION ( 'NONE',  ( 1.000000000000000000, 0.000000000000000000, 0.000000000000000000 ) ) ;
#8831 = CARTESIAN_POINT ( 'NONE',  ( 968.1111217781452751, -1.744333341993393738, 72.97929768920202775 ) ) ;
#8832 = CARTESIAN_POINT ( 'NONE',  ( 970.2932074315650652, 69.54989139674586340, -22.17684843932606853 ) ) ;
#8833 = DIRECTION ( 'NONE',  ( -1.000000000000000000, -0.000000000000000000, -0.000000000000000000 ) ) ;
#8834 = CARTESIAN_POINT ( 'NONE',  ( 970.2932074315650652, -75.31834776957833810, 22.07128693312565559 ) ) ;
#8835 = CIRCLE ( 'NONE', #2516, 160.1627378425955612 ) ;
#8836 = CARTESIAN_POINT ( 'NONE',  ( 969.5872790110973938, -71.98594157152093942, -12.12543267445354189 ) ) ;
#8837 = ORIENTED_EDGE ( 'NONE', *, *, #8811, .F. ) ;
#8838 = CARTESIAN_POINT ( 'NONE',  ( 977.6656042090995697, 37.78432393117304855, -121.7728120787899115 ) ) ;
#8839 = EDGE_LOOP ( 'NONE', ( #1861, #8338, #2421, #4512 ) ) ;
#8840 = EDGE_CURVE ( 'NONE', #1256, #6572, #217, .T. ) ;
#8841 = ORIENTED_EDGE ( 'NONE', *, *, #8482, .F. ) ;
#8842 = CARTESIAN_POINT ( 'NONE',  ( 968.7444331958880639, -42.12503675661047708, -59.61955280299125093 ) ) ;
#8843 = EDGE_CURVE ( 'NONE', #6670, #6106, #4824, .T. ) ;
#8844 = DIRECTION ( 'NONE',  ( 0.000000000000000000, 0.000000000000000000, -1.000000000000000000 ) ) ;
#8845 = CARTESIAN_POINT ( 'NONE',  ( 977.7932074315651789, 0.000000000000000000, 70.49999999999987210 ) ) ;
#8846 = CARTESIAN_POINT ( 'NONE',  ( 969.0416369157518375, -75.20926914426493681, -102.9554468973464338 ) ) ;
#8847 = CYLINDRICAL_SURFACE ( 'NONE', #7971, 127.4999999999998295 ) ;
#8848 = ORIENTED_EDGE ( 'NONE', *, *, #5846, .F. ) ;
#8849 = ORIENTED_EDGE ( 'NONE', *, *, #1544, .F. ) ;
#8850 = DIRECTION ( 'NONE',  ( 0.000000000000000000, 0.000000000000000000, -1.000000000000000000 ) ) ;
#8851 = CARTESIAN_POINT ( 'NONE',  ( 967.7932074315651789, -72.90555147392531410, 104.5993812805925387 ) ) ;
#8852 = ADVANCED_FACE ( 'NONE', ( #7257 ), #2426, .F. ) ;
#8853 = DIRECTION ( 'NONE',  ( 0.000000000000000000, 0.000000000000000000, 1.000000000000000000 ) ) ;
#8854 = DIRECTION ( 'NONE',  ( 1.000000000000000000, 0.000000000000000000, 0.000000000000000000 ) ) ;
#8856 = DIRECTION ( 'NONE',  ( 0.000000000000000000, 0.000000000000000000, 1.000000000000000000 ) ) ;
#8855 = AXIS2_PLACEMENT_3D ( 'NONE', #6319, #6941, #1569 ) ;
#8857 = B_SPLINE_CURVE_WITH_KNOTS ( 'NONE', 3,
 ( #2244, #3512, #759, #7575, #6238, #4091, #6816, #6863, #82, #2794, #8907, #2161, #848, #8349, #2750, #671 ),
 .UNSPECIFIED., .F., .F.,
 ( 4, 2, 2, 2, 2, 2, 2, 4 ),
 ( 0.000000000000000000, 0.001060870709216565249, 0.001591306063824895686, 0.002121741418433226341, 0.002652176773041556995, 0.003182612127649887650, 0.003713047482258218304, 0.004243482836866548959 ),
 .UNSPECIFIED. ) ;
#8858 = CARTESIAN_POINT ( 'NONE',  ( 976.1647925795698484, 64.74533813478220168, 33.72014241389763356 ) ) ;
#8859 = CARTESIAN_POINT ( 'NONE',  ( 977.5498501895685877, -20.74849128016841249, -69.98946287916446352 ) ) ;
#8860 = CARTESIAN_POINT ( 'NONE',  ( 969.9321275244388971, -10.62663217947644689, -72.22241058011877612 ) ) ;
#8861 = ORIENTED_EDGE ( 'NONE', *, *, #4719, .F. ) ;
#8862 = CARTESIAN_POINT ( 'NONE',  ( 975.6498138585347988, -65.40412251004680400, 32.42379732997869723 ) ) ;
#8863 = CARTESIAN_POINT ( 'NONE',  ( 969.9570765531306051, 42.56878849335144110, 59.30345269618972281 ) ) ;
#8864 = DIRECTION ( 'NONE',  ( 1.000000000000000000, 0.000000000000000000, 0.000000000000000000 ) ) ;
#8865 = CARTESIAN_POINT ( 'NONE',  ( 977.7932074315651789, 75.31834776957963129, -19.57128693312512624 ) ) ;
#8866 = CARTESIAN_POINT ( 'NONE',  ( 967.7932074315651789, 53.09017784785631022, 50.10422153953648206 ) ) ;
#8867 = DIRECTION ( 'NONE',  ( -1.000000000000000000, -0.000000000000000000, -0.000000000000000000 ) ) ;
#8868 = CARTESIAN_POINT ( 'NONE',  ( 970.1235730824608936, -22.17684843932632432, -69.54989139674579235 ) ) ;
#8869 = CARTESIAN_POINT ( 'NONE',  ( 968.3908861589638946, -72.98812135204417473, -1.322597455191200311 ) ) ;
#8870 = ORIENTED_EDGE ( 'NONE', *, *, #4219, .T. ) ;
#8871 = EDGE_LOOP ( 'NONE', ( #2908, #2615, #7520, #7572 ) ) ;
#8872 = CARTESIAN_POINT ( 'NONE',  ( 977.2998916257681685, -72.98552712481813387, -1.460509652289279314 ) ) ;
#8873 = CARTESIAN_POINT ( 'NONE',  ( 977.7932074315654063, -73.04097454625930652, 104.5049916804829309 ) ) ;
#8874 = CARTESIAN_POINT ( 'NONE',  ( 976.4030299189487323, 82.99553280163803493, -96.78840587692201325 ) ) ;
#8875 = AXIS2_PLACEMENT_3D ( 'NONE', #5030, #3141, #7836 ) ;
#8876 = CIRCLE ( 'NONE', #4410, 72.99999999999974420 ) ;
#8877 = B_SPLINE_CURVE_WITH_KNOTS ( 'NONE', 3,
 ( #3126, #1013, #7275, #7956, #1726, #417, #1685, #2442, #7909, #6643, #504, #7822, #5889, #1142, #4507, #3251, #4593, #7866 ),
 .UNSPECIFIED., .F., .F.,
 ( 4, 2, 2, 2, 2, 2, 2, 2, 4 ),
 ( 0.000000000000000000, 0.0005014719534716522960, 0.001002943906943304592, 0.001504415860414956996, 0.002005887813886609184, 0.002507359767358261372, 0.003008831720829913993, 0.003510303674301566181, 0.004011775627773218368 ),
 .UNSPECIFIED. ) ;
#8878 = CARTESIAN_POINT ( 'NONE',  ( 970.1235730824608936, -0.4006621794146179583, 72.99890046992467774 ) ) ;
#8879 = DIRECTION ( 'NONE',  ( 1.000000000000000000, 0.000000000000000000, 0.000000000000000000 ) ) ;
#8880 = DIRECTION ( 'NONE',  ( 0.000000000000000000, -8.838100393789663837E-15, 1.000000000000000000 ) ) ;
#8881 = DIRECTION ( 'NONE',  ( 0.000000000000000000, 0.000000000000000000, -1.000000000000000000 ) ) ;
#8882 = ADVANCED_FACE ( 'NONE', ( #3817 ), #5244, .F. ) ;
#8883 = CARTESIAN_POINT ( 'NONE',  ( 970.2932074315650652, -166.5788324321703158, 101.1368664649722291 ) ) ;
#8884 = LINE ( 'NONE', #3148, #5431 ) ;
#8885 = CARTESIAN_POINT ( 'NONE',  ( 1038.865541267632807, 32.40382364169451535, 65.41400624788172991 ) ) ;
#8886 = ORIENTED_EDGE ( 'NONE', *, *, #5044, .T. ) ;
#8887 = CIRCLE ( 'NONE', #6560, 157.6627378425955328 ) ;
#8888 = CARTESIAN_POINT ( 'NONE',  ( 976.1647925795699621, -12.06235138293811460, 71.99657279145553446 ) ) ;
#8889 = AXIS2_PLACEMENT_3D ( 'NONE', #3869, #1173, #6015 ) ;
#8890 = ORIENTED_EDGE ( 'NONE', *, *, #8491, .T. ) ;
#8891 = VERTEX_POINT ( 'NONE', #1714 ) ;
#8892 = CARTESIAN_POINT ( 'NONE',  ( 968.0784268819821818, -32.49352276405005568, 65.36968526754567677 ) ) ;
#8893 = CIRCLE ( 'NONE', #1294, 72.99999999999987210 ) ;
#8894 = CARTESIAN_POINT ( 'NONE',  ( 977.7406944467917356, -50.61872312913527594, 52.60096756513019756 ) ) ;
#8895 = AXIS2_PLACEMENT_3D ( 'NONE', #7346, #1171, #4623 ) ;
#8896 = CARTESIAN_POINT ( 'NONE',  ( 977.7932074315648379, 19.81304114140776917, 70.26003236747055780 ) ) ;
#8897 = CARTESIAN_POINT ( 'NONE',  ( 1001.793207431565179, -37.92267161132591013, -27.55243370120933477 ) ) ;
#8898 = DIRECTION ( 'NONE',  ( 0.000000000000000000, 0.000000000000000000, -1.000000000000000000 ) ) ;
#8899 = EDGE_CURVE ( 'NONE', #8483, #3059, #3097, .T. ) ;
#8900 = CARTESIAN_POINT ( 'NONE',  ( 970.2932074315650652, 101.1368664649727265, 166.5788324321699747 ) ) ;
#8901 = VERTEX_POINT ( 'NONE', #5299 ) ;
#8902 = EDGE_CURVE ( 'NONE', #4063, #7853, #7894, .T. ) ;
#8903 = ORIENTED_EDGE ( 'NONE', *, *, #6745, .T. ) ;
#8904 = VECTOR ( 'NONE', #8123, 1000.000000000000000 ) ;
#8905 = VECTOR ( 'NONE', #2079, 1000.000000000000000 ) ;
#8906 = DIRECTION ( 'NONE',  ( -1.000000000000000000, -0.000000000000000000, -0.000000000000000000 ) ) ;
#8907 = CARTESIAN_POINT ( 'NONE',  ( 969.1008202615158780, 72.02422018662618086, 11.89616529808246526 ) ) ;
#8908 = CARTESIAN_POINT ( 'NONE',  ( 970.2932074315650652, 82.80205065214671833, -96.95396024814721159 ) ) ;
#8909 = CARTESIAN_POINT ( 'NONE',  ( 967.7932074315651789, -120.4638038423328084, 41.76986909048086005 ) ) ;
#8910 = CARTESIAN_POINT ( 'NONE',  ( 970.2932074315650652, 96.95396024814812108, 82.80205065214565252 ) ) ;
ENDSEC;
END-ISO-10303-21;
